Country,UNESCO World Heritage List,Category,Paul,Ruth,Ben,Shaz,Description,Justification,Date Inscribed,Unique Number,ID Number
Afghanistan,Cultural Landscape and Archaeological Remains of the Bamiyan Valley,Cultural,N,N,N,N,"<p>The cultural landscape and archaeological remains of the Bamiyan Valley represent the artistic and religious developments which from the 1st to the 13th centuries characterized ancient Bakhtria, integrating various cultural influences into the Gandhara school of Buddhist art. The area contains numerous Buddhist monastic ensembles and sanctuaries, as well as fortified edifices from the Islamic period. The site is also testimony to the tragic destruction by the Taliban of the two standing Buddha statues, which shook the world in March 2001.</p>","<p><em>Criterion (i):</em> The Buddha statues and the cave art in Bamiyan Valley are an outstanding representation of the Gandharan school in Buddhist art in the Central Asian region.</p>

<p><em>Criterion (ii)</em> : The artistic and architectural remains of Bamiyan Valley, and an important Buddhist centre on the Silk Road, are an exceptional testimony to the interchange of Indian, Hellenistic, Roman, Sasanian influences as the basis for the development of a particular artistic expression in the Gandharan school. To this can be added the Islamic influence in a later period.</p>

<p><em>Criterion (iii):</em> The Bamiyan Valley bears an exceptional testimony to a cultural tradition in the Central Asian region, which has disappeared.</p>

<p><em>Criterion (iv):</em> The Bamiyan Valley is an outstanding example of a cultural landscape which illustrates a significant period in Buddhism.</p>

<p><em>Criterion (vi):</em> The Bamiyan Valley is the most monumental expression of the western Buddhism. It was an important centre of pilgrimage over many centuries. Due to their symbolic values, the monuments have suffered at different times of their existence, including the deliberate destruction in 2001, which shook the whole world.</p>",2003,230,208
Afghanistan,Minaret and Archaeological Remains of Jam,Cultural,N,N,N,N,"<p>The 65m-tall Minaret of Jam is a graceful, soaring structure, dating back to the 12th century. Covered in elaborate brickwork with a blue tile inscription at the top, it is noteworthy for the quality of its architecture and decoration, which represent the culmination of an architectural and artistic tradition in this region. Its impact is heightened by its dramatic setting, a deep river valley between towering mountains in the heart of the Ghur province.</p>","<p><em>Criterion (ii):</em> The innovative architecture and decoration of the Minaret of Jam played a significant role in the development of the arts and architecture of the Indian sub-continent and beyond.</p>

<p><em>Criterion (iii): </em>The Minaret of Jam and its associated archaeological remains constitute exceptional testimony to the power and quality of the Ghurid civilization that dominated its region in the 12th and 13th centuries.</p>

<p><em>Criterion (iv): </em>The Minaret of Jam is an outstanding example of Islamic architecture and ornamentation in this region and played a significant role in their further dissemination.</p>",2002,234,211
Albania,Historic Centres of Berat and Gjirokastra ,Cultural,Y,Y,Y,Y,"<p>Berat and Gjirokastra are inscribed as rare examples of an architectural character typical of the Ottoman period. Located in central Albania, Berat bears witness to the coexistence of various religious and cultural communities down the centuries. It features a castle, locally known as the Kala, most of which was built in the 13th century, although its origins date back to the 4th century BC. The citadel area numbers many Byzantine churches, mainly from the 13th century, as well as several mosques built under the Ottoman era which&nbsp;began&nbsp;in 1417. Gjirokastra, in the Drinos river valley in southern Albania, features a series of outstanding two-story&nbsp;houses which were developed in the 17th century. The town also retains a bazaar, an 18th-century mosque and two churches of the same period.</p>",,2005,1590,569
Albania,Butrint,Cultural,Y,Y,Y,Y,"<p>Inhabited since prehistoric times, Butrint has been the site of a Greek colony, a Roman city and a bishopric. Following a period of prosperity under Byzantine administration, then a brief occupation by the Venetians, the city was abandoned in the late Middle Ages after marshes formed in the area. The present archaeological site is a repository of ruins representing each period in the city&rsquo;s development.</p>",,1992,1563,570
Algeria,Al Qal'a of Beni Hammad,Cultural,N,N,N,N,"<p>In a mountainous site of extraordinary beauty, the ruins of the first capital of the Hammadid emirs, founded in 1007 and demolished in 1152, provide an authentic picture of a fortified Muslim city. The mosque, whose prayer room has 13 aisles with eight bays, is one of the largest in Algeria.</p>",,1980,111,102
Algeria,Tassili n'Ajjer,Mixed,N,N,N,N,"<p>Located in a strange lunar landscape of great geological interest, this site has one of the most important groupings of prehistoric cave art in the world. More than 15,000 drawings and engravings record the climatic changes, the animal migrations and the evolution of human life on the edge of the Sahara from 6000 BC to the first centuries of the present era. The geological formations are of outstanding scenic interest, with eroded sandstones forming &lsquo;forests of rock&rsquo;.</p>",,1982,198,179
Algeria,M'Zab Valley,Cultural,N,N,N,N,"<p>A traditional human habitat, created in the 10th century by the Ibadites around their five <em>ksour</em> (fortified cities), has been preserved intact in the M&rsquo;Zab valley. Simple, functional and perfectly adapted to the environment, the architecture of M&rsquo;Zab was designed for community living, while respecting the structure of the family. It is a source of inspiration for today&rsquo;s urban planners.</p>",,1982,209,188
Algeria,DjÈmila,Cultural,N,N,N,N,"<p>Situated 900 m above sea-level, Dj&eacute;mila, or Cuicul, with its forum, temples, basilicas, triumphal arches and houses, is an interesting example of Roman town planning adapted to a mountain location.</p>",,1982,212,191
Algeria,Tipasa,Cultural,N,N,N,N,"<p>On the shores of the Mediterranean, Tipasa was an ancient Punic trading-post conquered by Rome and turned into a strategic base for the conquest of the kingdoms of Mauritania. It comprises a unique group of Phoenician, Roman, palaeochristian and Byzantine ruins alongside indigenous monuments such as the Kbor er Roumia, the great royal mausoleum of Mauretania.</p>",,1982,214,193
Algeria,Timgad,Cultural,N,N,N,N,"<p>Timgad lies on the northern slopes of the Aur&egrave;s mountains and was created <em>ex nihilo</em> as a military colony by the Emperor Trajan in AD 100. With its square enclosure and orthogonal design based on the <em>cardo</em> and <em>decumanus</em>, the two perpendicular routes running through the city, it is an excellent example of Roman town planning.</p>",,1982,215,194
Algeria,Kasbah of Algiers,Cultural,N,N,N,N,"<p>The Kasbah is a unique kind of medina, or Islamic city. It stands in one of the finest coastal sites on the Mediterranean, overlooking the islands where a Carthaginian trading-post was established in the 4th century BC. There are the remains of the citadel, old mosques and Ottoman-style palaces as well as the remains of a traditional urban structure associated with a deep-rooted sense of community.</p>",,1992,667,565
Andorra,Madriu-Perafita-Claror Valley,Cultural,N,N,N,N,"<p>The cultural landscape of Madriu-Perafita-Claror Valley offers a microcosmic perspective of the way people have harvested the resources of the high Pyrenees over millennia. Its dramatic glacial landscapes of craggy cliffs and glaciers, with high open pastures and steep wooded valleys, covers an area of 4,247 ha, 9% of the total area of the principality. It reflects past changes in climate, economic fortune and social systems, as well as the persistence of pastoralism and a strong mountain culture, notably the survival of a communal land-ownership system dating back to the 13th century. The site features houses, notably summer settlements, terraced fields, stone tracks and evidence of iron smelting.</p>",<p><em>Criterion (v):</em> The Madriu-Perafita-Claror Valley is a microcosm of the way its inhabitants have harvested the scarce resources of the high Pyrenees over the past millennia to create a sustainable living environment in harmony with the mountain landscape. The Valley is a reflection of an ancient communal system of land management that has survived for over 700 years.</p>,2004,1487,1160
Angola,"Mbanza Kongo, Vestiges of the Capital of the former Kingdom of Kongo",Cultural,N,N,N,N,"<p>The town of Mbanza Kongo, located on a plateau at an altitude of 570 metres, was the political and spiritual capital of the Kingdom of Kongo, one of the largest constituted states in Southern Africa from the 14<sup>th</sup>†to 19<sup>th</sup>centuries. The historical area grew around the royal residence, the customary court and the holy tree, as well as the royal funeral places. When the Portuguese arrived in the 15<sup>th</sup>†century they added stone buildings constructed in accordance with European methods to the existing urban conurbation built in local materials. Mbanza Kongo illustrates, more than anywhere in sub-Saharan Africa, the profound changes caused by the introduction of Christianity and the arrival of the Portuguese into Central Africa.</p>",,2017,2128,1511
Antigua and Barbuda,Antigua Naval Dockyard and Related Archaeological Sites,Cultural,N,N,N,N,"<p>The site consists of a group of Georgian-style naval buildings and structures, set within a walled enclosure. The natural environment of this side of the island of Antigua, with its deep, narrow bays surrounded by highlands, offered shelter from hurricanes and was ideal for repairing ships. The construction of the Dockyard by the British navy would not have been possible without the labour of generations of enslaved Africans since the end of the 18th century. Its aim was to protect the interests of sugar cane planters at a time when European powers were competing for control of the Eastern Caribbean.</p>	",,2016,2086,1499
Argentina,Los Glaciares National Park,Natural,Y,Y,N,N,"<p>The Los Glaciares National Park is an area of exceptional natural beauty, with rugged, towering mountains and numerous glacial lakes, including Lake Argentino, which is 160 km long. At its farthest end, three glaciers meet to dump their effluvia into the milky grey glacial water, launching massive igloo icebergs into the lake with thunderous splashes.</p>",,1981,160,145
Argentina,Iguazu National Park,Natural,Y,Y,Y,Y,"<p>The semicircular waterfall at the heart of this site is some 80 m high and 2,700 m in diameter and is situated on a basaltic line spanning the border between Argentina and Brazil. Made up of many cascades producing vast sprays of water, it is one of the most spectacular waterfalls in the world. The surrounding subtropical rainforest has over 2,000 species of vascular plants and is home to the typical wildlife of the region: tapirs, giant anteaters, howler monkeys, ocelots, jaguars and caymans.</p>",,1984,340,303
Argentina,"Cueva de las Manos, RÌo Pinturas",Cultural,N,N,N,N,"<p>The Cueva de las Manos, R&iacute;o Pinturas, contains an exceptional assemblage of cave art, executed between 13,000 and 9,500 years ago. It takes its name (Cave of the Hands) from the stencilled outlines of human hands in the cave, but there are also many depictions of animals, such as guanacos (<em>Lama guanicoe</em> ), still commonly found in the region, as well as hunting scenes. The people responsible for the paintings may have been the ancestors of the historic hunter-gatherer communities of Patagonia found by European settlers in the 19th century.</p>",<p><em>Criterion (iii):</em> The Cueva de las Manos contains an outstanding collection of prehistoric rock art which bears witness to the culture of the earliest human societies in South America.</p>,1999,1091,936
Argentina,PenÌnsula ValdÈs,Natural,N,N,N,N,<p>Pen&iacute;nsula Vald&eacute;s in Patagonia is a site of global significance for the conservation of marine mammals. It is home to an important breeding population of the endangered southern right whale as well as important breeding populations of southern elephant seals and southern sea lions. The orcas in this area have developed a unique hunting strategy to adapt to local coastal conditions.</p>,"<p><em>Criterion (x):</em> Peninsula Vald&eacute;s contains very important and significant natural habitats for the in-situ conservation of several threatened species of outstanding universal value, and specifically its globally important concentration of breeding southern right whales, which is an endangered species. It is also important because of the breeding populations of southern elephant seals and southern sea lions. The area exhibits an exceptional example of adaptation of hunting techniques by the orca to the local coastal conditions.</p>",1999,1092,937
Argentina,Ischigualasto / Talampaya Natural Parks,Natural,N,N,N,N,"<p>These two contiguous parks, extending over 275,300 ha in the desert region on the western border of the Sierra Pampeanas of central Argentina, contain the most complete continental fossil record known from the Triassic Period (245-208 million years ago). Six geological formations in the parks contain fossils of a wide range of ancestors of mammals, dinosaurs and plants revealing the evolution of vertebrates and the nature of palaeo-environments in the Triassic Period.</p>",<p><em>Criterion (viii):</em> The site contains a complete sequence of fossiliferous continental sediments representing the entire Triassic Period (45 million years) of geological history. No other place in the world has a fossil record comparable to that of Ischigualasto-Talampaya which reveals the evolution of vertebrate life and the nature of palaeoenvironments in the Triassic Period.</p>,2000,1130,966
Argentina,Jesuit Block and Estancias of CÛrdoba,Cultural,N,N,N,N,"<p>The Jesuit Block in C&oacute;rdoba, heart of the former Jesuit Province of Paraguay, contains the core buildings of the Jesuit system: the university, the church and residence of the Society of Jesus, and the college. Along with the five estancias, or farming estates, they contain religious and secular buildings, which illustrate the unique religious, social, and economic experiment carried out in the world for a period of over 150 years in the 17th and 18th centuries.</p>","<p><em>Criterion (ii):</em> The Jesuit buildings and ensembles of C&oacute;rdoba and the estancias are exceptional examples of the fusion of European and indigenous values and cultures during a seminal period in South America.</p>

<p><em>Criterion (iv):</em> The religious, social, and economic experiment carried out in South America for over 150 years by the Society of Jesus produced a unique form of material expression, which is illustrated by the Jesuit buildings and ensembles of C&oacute;rdoba and the estancias.</p>",2000,1159,995
Argentina,Quebrada de Humahuaca,Cultural,Y,Y,N,N,"<p>Quebrada de Humahuaca follows the line of a major cultural route, the Camino Inca, along the spectacular valley of the Rio Grande, from its source in the cold high desert plateau of the High Andean lands to its confluence with the Rio Leone some 150 km to the south. The valley shows substantial evidence of its use as a major trade route over the past 10,000 years. It features visible traces of prehistoric hunter-gatherer communities, of the Inca Empire (15th to 16th centuries) and of the fight for independence in the 19th and 20th centuries.</p>","<p><em>Criterion (ii):</em> The Quebrada de Humahuaca valley has been used over the past 10,000 years as a crucial passage for the transport of people and ideas from the high Andean lands to the plains.</p>

<p><em>Criteria (iv) and (v):</em> The Quebrada de Humahuaca valley reflects the way its strategic position has engendered settlement, agriculture and trade. Its distinctive pre-Hispanic and pre-Incan settlements, as a group with their associated field systems, form a dramatic addition to the landscape and one that can certainly be called outstanding.</p>",2003,1295,1116
Argentina,Los Alerces National Park,Natural,N,N,N,N,"<p>The Los Alerces National park is located in the Andes of northern Patagonia and has a western boundary, which coincides with the Chilean border. Successive glaciations have moulded the landscape in the region creating spectacular features such as moraines, glacial cirques and clear-water lakes. The vegetation is dominated by dense temperate forests, which give way to alpine meadows higher up under the rocky Andean peaks. The property is vital for the protection of some of the last portions of continuous Patagonian Forest in an almost pristine state and is the habitat for a number of endemic and threatened species of flora and fauna.</p>",,2017,2172,1526
Armenia,Monasteries of Haghpat and Sanahin,Cultural,N,N,Y,Y,"<p>These two Byzantine monasteries in the Tumanian region from the period of prosperity during the Kiurikian dynasty (10th to 13th century) were important centres of learning. Sanahin was renown for its school of illuminators and calligraphers. The two monastic complexes represent the highest flowering of Armenian religious architecture, whose unique style developed from a blending of elements of Byzantine ecclesiastical architecture and the traditional vernacular architecture of the Caucasian region.</p>",<p>The Committee decided to inscribe the Monastery of Haghpat on the basis of cultural <em>criteria (ii) and (iv)</em> considering that it is of outstanding universal value and an exceptional example of ecclesiastical architecture that developed in Armenia in the 10th to 13th centuries which is unique by virtue of its blending of elements of both Byzantine church architecture and the traditional vernacular building style of this region.</p>,1996,920,777
Armenia,Monastery of Geghard and the Upper Azat Valley,Cultural,N,N,Y,Y,"<p>The monastery of Geghard contains a number of churches and tombs, most of them cut into the rock, which illustrate the very peak of Armenian medieval architecture. The complex of medieval buildings is set into a landscape of great natural beauty, surrounded by towering cliffs at the entrance to the Azat Valley.</p>","<p><em>Criterion (ii):</em> The monastery of Geghard, with its remarkable rock-cut churches and tombs, is an exceptionally well preserved and complete example of medieval Armenian monastic architecture and decorative art, with many innovatory features which had a profound influence on subsequent developments in the region.</p>",2000,1124,960
Armenia,Cathedral and Churches of Echmiatsin and the Archaeological Site of Zvartnots,Cultural,N,N,Y,Y,"<p>The cathedral and churches of Echmiatsin and the archaeological remains at Zvartnots graphically illustrate the evolution and development of the Armenian central-domed cross-hall type of church, which exerted a profound influence on architectural and artistic development in the region.</p>","<p><em>Criterion (ii):</em> The developments in ecclesiastical architecture represented in an outstanding manner by the churches at Echmiatsin and the archaeological site of Zvartnots had a profound influence on church design over a wide region.</p>

<p><em>Criterion (iii):</em> The churches at Echmiatsin and the archaeological site of Zvartnots vividly depict both the spirituality and the innovatory artistic achievement of the Armenian Church from its foundation.</p>",2000,1181,1011
Australia,Kakadu National Park,Mixed,N,N,N,N,"<p>This unique archaeological and ethnological reserve, located in the Northern Territory, has been inhabited continuously for more than 40,000 years. The cave paintings, rock carvings and archaeological sites record the skills and way of life of the region&rsquo;s inhabitants, from the hunter-gatherers of prehistoric times to the Aboriginal people still living there. It is a unique example of a complex of ecosystems, including tidal flats, floodplains, lowlands and plateaux, and provides a habitat for a wide range of rare or endemic species of plants and animals.</p>",,1981,1872,147
Australia,Great Barrier Reef,Natural,Y,Y,N,N,"<p>The Great Barrier Reef is a site of remarkable variety and beauty on the north-east coast of Australia. It contains the world&rsquo;s largest collection of coral reefs, with 400 types of coral, 1,500 species of fish and 4,000 types of mollusc. It also holds great scientific interest as the habitat of species such as the dugong (&lsquo;sea cow&rsquo;) and the large green turtle, which are threatened with extinction.</p>",,1981,172,154
Australia,Sydney Opera House,Cultural,Y,Y,N,N,"<p>Inaugurated in 1973, the Sydney Opera House is a great architectural work of the 20th century that brings together multiple strands of creativity and innovation in both architectural form and structural design. A great urban sculpture set in a remarkable waterscape, at the tip of a peninsula projecting into Sydney Harbour, the building has had an enduring influence on architecture. The Sydney Opera House comprises three groups of interlocking vaulted &lsquo;shells&rsquo; which roof two main performance halls and a restaurant. These shell-structures are set upon a vast platform and are surrounded by terrace areas that function as pedestrian concourses. In 1957, when the project of the Sydney Opera House was awarded by an international jury to Danish architect J&oslash;rn Utzon, it marked a radically new approach to construction.</p>",,2007,1457,166
Australia,Willandra Lakes Region,Mixed,N,N,N,N,"<p>The fossil remains of a series of lakes and sand formations that date from the Pleistocene can be found in this region, together with archaeological evidence of human occupation dating from 45&ndash;60,000 years ago. It is a unique landmark in the study of human evolution on the Australian continent. Several well-preserved fossils of giant marsupials have also been found here.</p>",,1981,185,167
Australia,Tasmanian Wilderness,Mixed,Y,Y,N,N,"<p>In a region that has been subjected to severe glaciation, these parks and reserves, with their steep gorges, covering an area of over 1 million ha, constitute one of the last expanses of temperate rainforest in the world. Remains found in limestone caves attest to the human occupation of the area for more than 20,000 years.</p>",,1982,1950,181
Australia,Lord Howe Island Group,Natural,N,N,N,N,"<p>A remarkable example of isolated oceanic islands, born of volcanic activity more than 2,000 m under the sea, these islands boast a spectacular topography and are home to numerous endemic species, especially birds.</p>",,1982,206,186
Australia,Gondwana Rainforests of Australia,Natural,N,N,N,N,"<p>This site, comprising several protected areas, is situated predominantly along the Great Escarpment on Australia&rsquo;s east coast. The outstanding geological features displayed around shield volcanic craters and the high number of rare and threatened rainforest species are of international significance for science and conservation.</p>",,1986,422,368
Australia,Uluru-Kata Tjuta National Park,Mixed,Y,Y,N,N,"<p>This park, formerly called Uluru (Ayers Rock &ndash; Mount Olga) National Park, features spectacular geological formations that dominate the vast red sandy plain of central Australia. Uluru, an immense monolith, and Kata Tjuta, the rock domes located west of Uluru, form part of the traditional belief system of one of the oldest human societies in the world. The traditional owners of Uluru-Kata Tjuta are the Anangu Aboriginal people.</p>",,1987,519,447
Australia,Wet Tropics of Queensland,Natural,Y,Y,N,N,"<p>This area, which stretches along the north-east coast of Australia for some 450 km, is made up largely of tropical rainforests. This biotope offers a particularly extensive and varied array of plants, as well as marsupials and singing birds, along with other rare and endangered animals and plant species.</p>",,1988,565,486
Australia,Heard and McDonald Islands,Natural,N,N,N,N,"<p>Heard Island and McDonald Islands are located in the Southern Ocean, approximately 1,700 km from the Antarctic continent and 4,100 km south-west of Perth. As the only volcanically active subantarctic islands they &lsquo;open a window into the earth&rsquo;, thus providing the opportunity to observe ongoing geomorphic processes and glacial dynamics. The distinctive conservation value of Heard and McDonald &ndash; one of the world&rsquo;s rare pristine island ecosystems &ndash; lies in the complete absence of alien plants and animals, as well as human impact.</p>","<p>The Committee inscribed this property under <em>criteria (viii) </em>and <em>(ix)</em>. It noted that this site is the only volcanically active sub-Antarctic island and illustrates ongoing geomorphic processes and glacial dynamics in the coastal and submarine environment and sub-Antarctic flora and fauna, with no record of alien species. The Committee repeated its request by the sixteenth session for further documentation on the marine resources of the site.</p>",1997,683,577
Australia,"Shark Bay, Western Australia",Natural,N,N,N,N,"<p>At the most westerly point of the Australian continent, Shark Bay, with its islands and the land surrounding it, has three exceptional natural features: its vast sea-grass beds, which are the largest (4,800 km2) and richest in the world; its dugong (&lsquo;sea cow&rsquo;) population; and its stromatolites (colonies of algae which form hard, dome-shaped deposits and are among the oldest forms of life on earth). Shark Bay is also home to five species of endangered mammals.</p>",,1991,684,578
Australia,Macquarie Island,Natural,N,N,N,N,"<p>Macquarie Island (34 km long x 5 km wide) is an oceanic island in the Southern Ocean, lying 1,500 km south-east of Tasmania and approximately halfway between Australia and the Antarctic continent. The island is the exposed crest of the undersea Macquarie Ridge, raised to its present position where the Indo-Australian tectonic plate meets the Pacific plate. It is a site of major geoconservation significance, being the only place on earth where rocks from the earth&rsquo;s mantle (6 km below the ocean floor) are being actively exposed above sea-level. These unique exposures include excellent examples of pillow basalts and other extrusive rocks.</p>","<p>The Committee decided that the site provides an unique example of exposure of the ocean crust above the sea level and of geological evidence for sea-floor spreading, and is an exposure of the oceanic plate boundary between the Pacific and Australian/Indian plates, exposed with active faults and ongoing tectonic movements.</p>",1997,747,629
Australia,Fraser Island,Natural,N,N,N,N,"<p>Fraser Island lies just off the east coast of Australia. At 122 km long, it is the largest sand island in the world. Majestic remnants of tall rainforest growing on sand and half the world&rsquo;s perched freshwater dune lakes are found inland from the beach. The combination of shifting sand-dunes, tropical rainforests and lakes makes it an exceptional site.</p>",,1992,748,630
Australia,Australian Fossil Mammal Sites (Riversleigh / Naracoorte),Natural,N,N,N,N,"<p>Riversleigh and Naracoorte, situated in the north and south respectively of eastern Australia, are among the world&rsquo;s 10 greatest fossil sites. They are a superb illustration of the key stages of evolution of Australia&rsquo;s unique fauna.</p>",,1994,826,698
Australia,Greater Blue Mountains Area,Natural,Y,Y,Y,Y,"<p>The Greater Blue Mountains Area consists of 1.03 million ha of sandstone plateaux, escarpments and gorges dominated by temperate eucalypt forest. The site, comprised of eight protected areas, is noted for its representation of the evolutionary adaptation and diversification of the eucalypts in post-Gondwana isolation on the Australian continent. Ninety-one eucalypt taxa occur within the Greater Blue Mountains Area which is also outstanding for its exceptional expression of the structural and ecological diversity of the eucalypts associated with its wide range of habitats. The site provides significant representation of Australia's biodiversity with ten percent of the vascular flora as well as significant numbers of rare or threatened species, including endemic and evolutionary relict species, such as the Wollemi pine, which have persisted in highly-restricted microsites.</p>","<p><em>Criteria (ix) and (x):</em> Australia&rsquo;s eucalypt vegetation is worthy of recognition as of outstanding universal value, because of its adaptability and evolution in post-Gondwana isolation. The site contains a wide and balanced representation of eucalypt habitats from wet and dry sclerophyll, mallee heathlands, as well as localised swamps, wetlands, and grassland. 90 eucalypt taxa (13% of the global total) and representation of all four groups of eucalypts occur. There is also a high level of endemism with 114 endemic taxa found in the area as well as 120 nationally rare and threatened plant taxa. The site hosts several evolutionary relic species (Wollemia, Microstrobos, Acrophyllum) which have persisted in highly restricted microsites.</p>",2000,1071,917
Australia,Purnululu National Park,Natural,N,N,N,N,"<p>The 239,723 ha Purnululu National Park is located in the State of Western Australia. It contains the deeply dissected Bungle Bungle Range composed of Devonian-age quartz sandstone eroded over a period of 20 million years into a series of beehive-shaped towers or cones, whose steeply sloping surfaces are distinctly marked by regular horizontal bands of dark-grey cyanobacterial crust (single-celled photosynthetic organisms). These outstanding examples of cone karst owe their existence and uniqueness to several interacting geological, biological, erosional and climatic phenomena.</p>","<p><em>Criterion (viii):</em> Earth&rsquo;s history and geological features The claim to outstanding universal geological value is made for the Bungle Bungle Range. The Bungle Bungles are, by far, the most outstanding example of cone karst in sandstones anywhere in the world and owe their existence and uniqueness to several interacting geological, biological, erosional and climatic phenomena. The sandstone karst of PNP is of great scientific importance in demonstrating so clearly the process of cone karst formation on sandstone - a phenomenon recognised by geomorphologists only over the past 25 years and still incompletely understood, despite recently renewed interest and research. The Bungle Bungle Ranges of PNP also display to an exceptional degree evidence of geomorphic processes of dissolution, weathering and erosion in the evolution of landforms under a savannah climatic regime within an ancient, stable sedimentary landscape. IUCN considers that the nominated site meets this criterion.</p>

<p><em>Criterion (vii):</em> Superlative natural phenomena or natural beauty and aesthetic importance Although PNP has been widely known in Australia only during the past 20 years and it remains relatively inaccessible, it has become recognised internationally for its exceptional natural beauty. The prime scenic attraction is the extraordinary array of banded, beehive-shaped cone towers comprising the Bungle Bungle Range. These have become emblematic of the park and are internationally renowned among Australia&rsquo;s natural attractions. The dramatically sculptured structures, unrivalled in their scale, extent, grandeur and diversity of forms anywhere in the world, undergo remarkable seasonal variation in appearance, including striking colour transition following rain. The intricate maze of towers is accentuated by sinuous, narrow, sheer-sided gorges lined with majestic Livistona fan palms. These and the soaring cliffs up to 250 m high are cut by seasonal waterfalls and pools, creating the major tourist attractions in the park, with evocative names such as Echidna Chasm, and Frog Hole, Piccaninny and Cathedral Gorges. The diversity of landforms and ecosystems elsewhere in the park are representative of the larger region, and lack a unique aesthetic quality, but provide a sympathetic visual buffer for the massif. The powerful aesthetic experience of the Bungle Bungles has aroused huge interest among the public, and the ranges figure prominently in national and international advertising of Australia&rsquo;s tourist attractions, matching the prominence of the Uluru-Kata Tjuta National Park. Photographers and travel writers include the Bungle Bungles among the world&rsquo;s natural wonders, some describing them as Australia&rsquo;s equivalent of the Grand Canyon.</p>",2003,1272,1094
Australia,Royal Exhibition Building and Carlton Gardens,Cultural,N,N,N,N,"<p>The Royal Exhibition Building and its surrounding Carlton Gardens were designed for the great international exhibitions of 1880 and 1888 in Melbourne. The building and grounds were designed by Joseph Reed. The building is constructed of brick and timber, steel and slate. It combines elements from the Byzantine, Romanesque, Lombardic and Italian Renaissance styles. The property is typical of the international exhibition movement which saw over 50 exhibitions staged between 1851 and 1915 in venues including Paris, New York, Vienna, Calcutta, Kingston (Jamaica) and Santiago (Chile). All shared a common theme and aims: to chart material and moral progress through displays of industry from all nations.</p>","<p><em>Criterion (ii):</em> The Royal Exhibition Building and the surrounding Carlton Gardens, as the main extant survivors of a Palace of Industry and its setting, together reflect the global influence of the international exhibition movement of the 19th and early 20th centuries. The movement showcased technological innovation and change, which helped promote a rapid increase in industrialisation and international trade through the exchange of knowledge and ideas.</p>",2004,1730,1131
Australia,Australian Convict Sites,Cultural,Y,Y,N,N,"<p>The property includes a selection of eleven penal sites, among the thousands established by the British Empire on Australian soil in the 18<sup>th</sup> and 19<sup>th</sup> centuries. The sites are spread across Australia, from Fremantle in Western Australia to Kingston and Arthur's Vale on Norfolk Island in the east; and from areas around Sydney in New South Wales in the north, to sites located in Tasmania in the south. Around 166,000 men, women and children were sent to Australia over 80 years between 1787 and 1868, condemned by British justice to transportation to the convict colonies. Each of the sites had a specific purpose, in terms both of punitive imprisonment and of rehabilitation through forced labour to help build the colony. The Australian Convict Sites presents the best surviving examples of large-scale convict transportation and the colonial expansion of European powers through the presence and labour of convicts.</p>",,2010,1648,1306
Australia,Ningaloo Coast,Natural,N,N,N,N,"<p>The 604,500 hectare marine and terrestrial property of Ningaloo Coast, on the remote western coast of Australia, includes one of the longest near-shore reefs in the world. On land the site features an extensive karst system and network of underground caves and water courses. Annual gatherings of whale sharks occur at Ningaloo Coast, which is home to numerous marine species, among them a wealth of sea turtles. The terrestrial part of the site features subterranean water bodies with a substantial network of caves, conduits, and groundwater streams. They support a variety of rare species that contribute to the exceptional biodiversity of the marine and terrestrial site</p>",,2011,1763,1369
Austria,Historic Centre of the City of Salzburg,Cultural,Y,Y,Y,Y,"<p>Salzburg has managed to preserve an extraordinarily rich urban fabric, developed over the period from the Middle Ages to the 19th century when it was a city-state ruled by a prince-archbishop. Its Flamboyant Gothic art attracted many craftsmen and artists before the city became even better known through the work of the Italian architects Vincenzo Scamozzi and Santini Solari, to whom the centre of Salzburg owes much of its Baroque appearance. This meeting-point of northern and southern Europe perhaps sparked the genius of Salzburg&rsquo;s most famous son, Wolfgang Amadeus Mozart, whose name has been associated with the city ever since.</p>","<p>The Committee decided to inscribe the nominated property on the basis of cultural <em>criteria (ii), (iv) and (vi)</em> and considered that the site is of outstanding universal value being an important example of a European ecclesiastical city- state which preserves to a remarkable degree its dramatic townscape, its historically significant urban fabric and a large number of outstanding ecclesiastical and secular buildings from several centuries. It is also noteworthy for its associations with the arts, and in particular with music in the person of its famous son, Wolfgang Amadeus Mozart.</p>",1996,927,784
Austria,Semmering Railway,Cultural,N,N,N,N,"<p>The Semmering Railway, built over 41 km of high mountains between 1848 and 1854, is one of the greatest feats of civil engineering from this pioneering phase of railway building. The high standard of the tunnels, viaducts and other works has ensured the continuous use of the line up to the present day. It runs through a spectacular mountain landscape and there are many fine buildings designed for leisure activities along the way, built when the area was opened up due to the advent of the railway.</p>","<p><em>Criterion (ii):</em> The Semmering Railway represents an outstanding technological solution to a major physical problem in the construction of early railways.</p>

<p><em>Criterion (iv):</em> With the construction of the Semmering Railway, areas of great natural beauty became more easily accessible and as a result these were developed for residential and recreational use, creating a new form of cultural landscape.</p>",1998,928,785
Austria,Palace and Gardens of Schˆnbrunn,Cultural,Y,Y,Y,Y,"<p>From the 18th century to 1918, Sch&ouml;nbrunn was the residence of the Habsburg emperors. It was designed by the architects Johann Bernhard Fischer von Erlach and Nicolaus Pacassi and is full of outstanding examples of decorative art. Together with its gardens, the site of the world&rsquo;s first zoo in 1752, it is a remarkable Baroque ensemble and a perfect example of <em>Gesamtkunstwerk</em></p>

<p>.</p>","<p>The Committee decided to inscribe the nominated property as an ensemble on the basis of cultural <em>criteria (i) and (iv)</em> considering that the site is of outstanding universal value being an especially well preserved example of the Baroque princely residential ensemble, which constitutes an outstanding example of a Gesamtkunstwerk. The Palace and Gardens are exceptional by virtue of the evidence that they preserve of modifications over several centuries that vividly illustrate the tastes, interests and aspirations of successive Habsburg monarchs.</p>",1996,929,786
Austria,Hallstatt-Dachstein / Salzkammergut Cultural Landscape,Cultural,Y,Y,Y,Y,"<p>Human activity in the magnificent natural landscape of the Salzkammergut began in prehistoric times, with the salt deposits being exploited as early as the 2nd millennium BC. This resource formed the basis of the area&rsquo;s prosperity up to the middle of the 20th century, a prosperity that is reflected in the fine architecture of the town of Hallstatt.</p>","<p>The Committee decided to inscribe this site on the basis of <em>criteria (iii) and (iv)</em>, considering that the Hallstatt-Dachstein/Salzkammergut alpine region is an outstanding example of a natural landscape of great beauty and scientific interest which also contains evidence of a fundamental human economic activity, the whole integrated in a harmonious and mutually beneficial manner.</p>",1997,952,806
Austria,City of Graz ñ Historic Centre and Schloss Eggenberg,Cultural,N,N,N,N,"<p>The City of Graz &ndash; Historic Centre and Schloss Eggenberg bear witness to an exemplary model of the living heritage of a central European urban complex influenced by the secular presence of the Habsburgs and the cultural and artistic role played by the main aristocratic families. They are a harmonious blend of the architectural styles and artistic movements that have succeeded each other from the Middle Ages until the 18th century, from the many neighbouring regions of Central and Mediterranean Europe. They embody a diversified and highly comprehensive ensemble of architectural, decorative and landscape examples of these interchanges of influence.</p>",,1999,1724,931
Austria,Wachau Cultural Landscape,Cultural,N,N,N,N,"<p>The Wachau is a stretch of the Danube Valley between Melk and Krems, a landscape of high visual quality. It preserves in an intact and visible form many traces - in terms of architecture, (monasteries, castles, ruins), urban design, (towns and villages), and agricultural use, principally for the cultivation of vines - of its evolution since prehistoric times.</p>","<p><em>Criterion (ii):</em> The Wachau is an outstanding example of a riverine landscape bordered by mountains in which material evidence of its long historical evolution has survived to a remarkable degree.</p>

<p><em>Criterion (iv):</em> The architecture, the human settlements, and the agricultural use of the land in the Wachau vividly illustrate a basically medieval landscape which has evolved organically and harmoniously over time.</p>",2000,1134,970
Austria,Historic Centre of Vienna,Cultural,Y,Y,Y,Y,"<p>Vienna developed from early Celtic and Roman settlements into a Medieval and Baroque city, the capital of the Austro-Hungarian Empire. It played an essential role as a leading European music centre, from the great age of Viennese Classicism through the early part of the 20th century. The historic centre of Vienna is rich in architectural ensembles, including Baroque castles and gardens, as well as the late-19th-century Ringstrasse lined with grand buildings, monuments and parks.</p>","<p><em>Criterion (ii):</em> The urban and architectural qualities of the Historic Centre of Vienna bear outstanding witness to a continuing interchange of values throughout the second millennium.</p>

<p><em>Criterion (iv):</em> Three key periods of European cultural and political development ñ the Middle Ages, the Baroque period, and the Gr¸nderzeit ñ are exceptionally well illustrated by the urban and architectural heritage of the Historic Centre of Vienna.</p>

<p><em>Criterion (vi):</em> Since the 16th century Vienna has been universally acknowledged to be the musical capital of Europe.</p>",2001,1206,1033
Azerbaijan,Walled City of Baku with the Shirvanshah's Palace and Maiden Tower,Cultural,N,N,Y,Y,"<p>Built on a site inhabited since the Palaeolithic period, the Walled City of Baku reveals evidence of Zoroastrian, Sasanian, Arabic, Persian, Shirvani, Ottoman, and Russian presence in cultural continuity. The Inner City (Icheri Sheher) has preserved much of its 12th-century defensive walls. The 12th-century Maiden Tower (Giz Galasy) is built over earlier structures dating from the 7th to 6th centuries BC, and the 15th-century Shirvanshahs' Palace is one of the pearls of Azerbaijan's architecture.</p>","<p><em>Criterion (iv):</em> The Walled City of Baku represents an outstanding and rare example of an historic urban ensemble and architecture with influence from Zoroastrian, Sassanian, Arabic, Persian, Shirvani, Ottoman, and Russian cultures.</p>",2000,1121,958
Azerbaijan,Gobustan Rock Art Cultural Landscape,Cultural,N,N,Y,Y,"<p>Gobustan Rock Art Cultural Landscape covers three areas of a plateau of rocky boulders rising out of the semi-desert of central Azerbaijan, with an outstanding collection of more than 6,000 rock engravings bearing testimony to 40,000 years of rock art. The site also features the remains of inhabited caves, settlements and burials, all reflecting an intensive human use by the inhabitants of the area during the wet period that followed the last Ice Age, from the Upper Paleolithic to the Middle Ages. The site, which covers an area of 537 ha, is part of the larger protected Gobustan Reservation.</p>",,2007,1474,1076
Bahrain,Qalíat al-Bahrain ñ Ancient Harbour and Capital of Dilmun,Cultural,N,N,N,N,"<p>Qalíat al-Bahrain is a typical tell ñ an artificial mound created by many successive layers of human occupation. The strata of the 300 ◊ 600 m tell testify to continuous human presence from about 2300 BC to the 16th century AD. About 25% of the site has been excavated, revealing structures of different types: residential, public, commercial, religious and military. They testify to the importance of the site, a trading port, over the centuries. On the top of the 12 m mound there is the impressive Portuguese fort, which gave the whole site its name, qalía (fort). The site was the capital of the Dilmun, one of the most important ancient civilizations of the region. It contains the richest remains inventoried of this civilization, which was hitherto only known from written Sumerian references.</p>","<p><em>Criterion (ii): </em>Being an important port city, where people and traditions from different parts of the then known world met, lived and practiced their commercial activities, makes the place a real meeting point of cultures ñ all reflected in its architecture and development. Being in addition, invaded and occupied for long periods, by most of the great powers and empires, leaved their cultural traces in different strata of the tell.</p>

<p><em>Criterion (iii): </em>The site was the capital of one of the most important ancient civilizations of the region ñ the Dilmun civilization. As such this site is the best representative of this culture.</p>

<p><em>Criterion (iv): </em>The palaces of Dilmun are unique examples of public architecture of this culture, which had an impact on architecture in general in the region. The different fortifications are the best examples of defence works from the 3rd century B.C to the 16th century AD, all on one site. The protected palm groves surrounding the site are an illustration of the typical landscape and agriculture of the region, since the 3rd century BC.</p>",2005,2062,1192
Bahrain,"Pearling, Testimony of an Island Economy",Cultural,N,N,N,N,"<p>The site consists of seventeen buildings in Muharraq City, three offshore oyster beds, part of the seashore and the Qal&rsquo;at Bu Mahir fortress on the southern tip of Muharraq Island, from where boats used to set off for the oyster beds. The listed buildings include residences of wealthy merchants, shops, storehouses and a mosque. The site is the last remaining complete example of the cultural tradition of pearling and the wealth it generated at a time when the trade dominated the Gulf economy (2nd century to the 1930s, when Japan developed cultured pearls). It also constitutes an outstanding example of traditional utilization of the sea&rsquo;s resources and human interaction with the environment, which shaped both the economy and the cultural identity of the island&rsquo;s society.</p>",,2012,1859,1364
Bangladesh,Historic Mosque City of Bagerhat,Cultural,N,N,N,N,"<p>Situated in the suburbs of Bagerhat, at the meeting-point of the Ganges and Brahmaputra rivers, this ancient city, formerly known as Khalifatabad, was founded by the Turkish general Ulugh Khan Jahan in the 15th century. The city&rsquo;s infrastructure reveals considerable technical skill and an exceptional number of mosques and early Islamic monuments, many built of brick, can be seen there.</p>",,1985,365,321
Bangladesh,Ruins of the Buddhist Vihara at Paharpur,Cultural,N,N,N,N,"<p>Evidence of the rise of Mahayana Buddhism in Bengal from the 7th century onwards, Somapura Mahavira, or the Great Monastery, was a renowned intellectual centre until the 12th century. Its layout perfectly adapted to its religious function, this monastery-city represents a unique artistic achievement. With its simple, harmonious lines and its profusion of carved decoration, it influenced Buddhist architecture as far away as Cambodia.</p>",,1985,366,322
Bangladesh,The Sundarbans,Natural,N,N,N,N,"<p>The Sundarbans mangrove forest, one of the largest such forests in the world (140,000 ha), lies on the delta of the Ganges, Brahmaputra and Meghna rivers on the Bay of Bengal. It is adjacent to the border of India&rsquo;s Sundarbans World Heritage site inscribed in 1987. The site is intersected by a complex network of tidal waterways, mudflats and small islands of salt-tolerant mangrove forests, and presents an excellent example of ongoing ecological processes. The area is known for its wide range of fauna, including 260 bird species, the Bengal tiger and other threatened species such as the estuarine crocodile and the Indian python.</p>","<p>The Committee inscribed the site under <em>criteria (ix)</em> and <em>(x) </em> as one of the largest remaining areas of mangroves in the world, which supports an exceptional biodiversity with a wide range of flora and fauna, including the Bengal Tiger and provides a significant example of on-going ecological processes (monsoon rains, flooding, delta formation, tidal influence and plant colonisation).</p>",1997,943,798
Barbados,Historic Bridgetown and its Garrison,Cultural,N,N,Y,Y,"<p>Historic Bridgetown and its Garrison, an outstanding example of British colonial architecture consisting of a well-preserved old town built in the 17th, 18th and 19th centuries, which testifies to the spread of Great Britain's Atlantic colonial empire. The property also includes a nearby military garrison which consists of numerous historic buildings. With its serpentine urban lay-out the property testifies to a different approach to colonial town-planning compared to the Spanish and Dutch colonial cities of the region which were built along a grid plan.</p>",,2011,1786,1376
Belarus,Mir Castle Complex,Cultural,N,N,N,N,"<p>The construction of this castle began at the end of the 15th century, in Gothic style. It was subsequently extended and reconstructed, first in the Renaissance and then in the Baroque style. After being abandoned for nearly a century and suffering severe damage during the Napoleonic period, the castle was restored at the end of the 19th century, with the addition of a number of other elements and the landscaping of the surrounding area as a park. Its present form is graphic testimony to its often turbulent history.</p>","<p><em>Criterion ii:</em> Mir Castle is an exceptional example of a central European castle, reflecting in its design and layout successive cultural influences (Gothic, Baroque, and Renaissance) that blend harmoniously to create an impressive monument to the history of this region.</p>

<p><em>Criterion iv:</em> The region in which Mir Castle stands has a long history of political and cultural confrontation and coalescence, which is graphically represented in the form and appearance of the ensemble.</p>",2000,743,625
Belarus,"Architectural, Residential and Cultural Complex of the Radziwill Family at Nesvizh",Cultural,N,N,N,N,"<p>The Architectural, Residential and Cultural Complex of the Radziwill Family at Nesvizh is located in central Belarus. The Radziwill dynasty, who built and kept the ensemble from the 16th century until 1939, gave birth to some of the most important personalities in European history and culture. Due to their efforts, the town of Nesvizh came to exercise great influence in the sciences, arts, crafts and architecture. The complex consists of the residential castle and the mausoleum Church of Corpus Christi with their setting. The castle has ten interconnected buildings, which developed as an architectural whole around a six-sided courtyard. The palaces and church became important prototypes marking the development of architecture throughout Central Europe and Russia.</p>","<p><em>Criterion (ii): </em>The architectural, residential and cultural complex of the Radziwill family at Nesvizh was the cradle for inoculation of new concepts based on the synthesis of the Western traditions, leading to the establishment of a new architectural school in Central Europe.</p>

<p><em>Criterion (iv): </em>The Radziwill complex represents an important stage in the development of building typology in the history of architecture of the Central Europe in the 16th and 17th centuries. This concerned particularly the Corpus Christi Church with its typology related to cross-cupola basilica.</p>

<p><em>Criterion (vi): </em>The Radziwill family was particularly significant for being associated with the interpretation of the influences from Southern and Western Europe and the transmission of the ideas in the Central and Eastern Europe.</p>",2005,1373,1196
Belgium,Flemish BÈguinages,Cultural,N,N,N,N,"<p>The <em>BÈguines</em> were women who dedicated their lives to God without retiring from the world. In the 13th century they founded the <em>bÈguinages</em> , enclosed communities designed to meet their spiritual and material needs. The Flemish <em>bÈguinages</em> are architectural ensembles composed of houses, churches, ancillary buildings and green spaces, with a layout of either urban or rural origin and built in styles specific to the Flemish cultural region. They are a fascinating reminder of the tradition of the <em>BÈguines</em> that developed in north-western Europe in the Middle Ages.</p>","<p><em>Criterion (ii):</em> The Flemish bÈguinages demonstrate outstanding physical characteristics of urban and rural planning and a combination of religious and traditional architecture in styles specific to the Flemish cultural region.</p>

<p><em>Criterion (iii):</em> The bÈguinages bear exceptional witness to the cultural tradition of independent religious women in north-western Europe in the Middle Ages.</p>

<p><em>Criterion (iv)</em>: The bÈguinages constitute an outstanding example of an architectural ensemble associated with a religious movement characteristic of the Middle Ages associating both secular and conventual values.</p>",1998,1006,855
Belgium,"The Four Lifts on the Canal du Centre and their Environs, La LouviËre and Le Roeulx (Hainaut)",Cultural,N,N,N,N,"<p>The four hydraulic boat-lifts on this short stretch of the historic Canal du Centre are industrial monuments of the highest quality. Together with the canal itself and its associated structures, they constitute a remarkably well-preserved and complete example of a late-19th-century industrial landscape. Of the eight hydraulic boat-lifts built at the end of the 19th and beginning of the 20th century, the only ones in the world which still exist in their original working condition are these four lifts on the Canal du Centre.</p>","<p><em>Criterion (iii):</em> The boat-lifts of the Canal du Centre bear exceptional testimony to the remarkable hydraulic engineering developments of 19th-century Europe.</p>

<p><em>Criterion (iv):</em> These boat-lifts represent the apogee of the application of engineering technology to the construction of canals.</p>",1998,1007,856
Belgium,"La Grand-Place, Brussels",Cultural,Y,N,Y,Y,"<p>La Grand-Place in Brussels is a remarkably homogeneous body of public and private buildings, dating mainly from the late 17th century. The architecture provides a vivid illustration of the level of social and cultural life of the period in this important political and commercial centre.</p>","<p><em>Criterion (ii):</em> The Grand-Place is an outstanding example of the eclectic and highly successful blending of architectural and artistic styles that characterizes the culture and society of this region.</p>

<p><em>Criterion (iv):</em> Through the nature and quality of its architecture and of its outstanding quality as a public open space, the Grand-Place illustrates in an exceptional way the evolution and achievements of a highly successful mercantile city of northern Europe at the height of its prosperity.</p>",1998,1008,857
Belgium,Historic Centre of Brugge,Cultural,Y,Y,N,Y,"<p>Brugge is an outstanding example of a medieval historic settlement, which has maintained its historic fabric as this has evolved over the centuries, and where original Gothic constructions form part of the town's identity. As one of the commercial and cultural capitals of Europe, Brugge developed cultural links to different parts of the world. It is closely associated with the school of Flemish Primitive painting.</p>","<p><em>Criterion (ii):</em> The Historic Town of Brugge is testimony, over a long period, of a considerable exchange of influences on the development of architecture, particularly in brick Gothic, as well as favouring innovative artistic influences in the development of medieval painting, being the birthplace of the school of the Flemish Primitives.</p>

<p><em>Criterion (iv):</em> The Historic Town of Brugge is an outstanding example of an architectural ensemble, illustrating significant stages in the commercial and cultural fields in medieval Europe, of which the public, social, and religious institutions are a living testimony.</p>

<p><em>Criterion (vi): </em>The town of Brugge has been the birthplace of the Flemish Primitives and a centre of patronage and development of painting in the Middle Ages with artists such as Jan van Eyck and Hans Memling.</p>",2000,1160,996
Belgium,Major Town Houses of the Architect Victor Horta (Brussels),Cultural,N,N,N,N,"<p>The four major town houses - H&ocirc;tel Tassel, H&ocirc;tel Solvay, H&ocirc;tel van Eetvelde, and Maison &amp; Atelier Horta - located in Brussels and designed by the architect Victor Horta, one of the earliest initiators of Art Nouveau, are some of the most remarkable pioneering works of architecture of the end of the 19th century. The stylistic revolution represented by these works is characterised by their open plan, the diffusion of light, and the brilliant joining of the curved lines of decoration with the structure of the building.</p>","<p><em>Criterion (i):</em> The Town Houses of Victor Horta in Brussels are works of human creative genius, representing the highest expression of the influential Art Nouveau style in art and architecture.</p>

<p><em>Criterion (ii):</em> The appearance of Art Nouveau in the closing years of the 19th century marked a decisive stage in the evolution of architecture, making possible subsequent developments, and the Town Houses of Victor Horta in Brussels bear exceptional witness to its radical new approach.</p>

<p><em>Criterion (iv):</em> The Town Houses of Victor Horta are outstanding examples of Art Nouveau architecture brilliantly illustrating the transition from the 19th to the 20th century in art, thought, and society.</p>",2000,1173,1005
Belgium,Neolithic Flint Mines at Spiennes (Mons),Cultural,N,N,N,N,"<p>The Neolithic flint mines at Spiennes, covering more than 100 ha, are the largest and earliest concentration of ancient mines in Europe. They are also remarkable for the diversity of technological solutions used for extraction and for the fact that they are directly linked to a settlement of the same period.</p>","<p><em>Criterion (i):</em> The Neolithic flint mines at Spiennes provide exceptional testimony to early human inventiveness and application.</p>

<p><em>Criterion (iii):</em> The arrival of the Neolithic cultures marked a major milestone in human cultural and technological development, which is vividly illustrated by the vast complex of ancient flint mines at Spiennes.</p>

<p><em>Criterion (iv):</em> The flint mines at Spiennes are outstanding examples of the Neolithic mining of flint, which marked a seminal stage of human technological and cultural progress.</p>",2000,1174,1006
Belgium,Notre-Dame Cathedral in Tournai,Cultural,N,N,N,N,"<p>The Cathedral of Notre-Dame in Tournai was built in the first half of the 12th century. It is especially distinguished by a Romanesque nave of extraordinary dimensions, a wealth of sculpture on its capitals and a transept topped by five towers, all precursors of the Gothic style. The choir, rebuilt in the 13th century, is in the pure Gothic style.</p>","<p><em>Criterion (ii):</em> The Cathedral of Notre-Dame in Tournai bears witness to a considerable exchange of influence between the architecture of the Ile de France, the Rhineland, and Normandy during the short period at the beginning of the 12th century that preceded the flowering of Gothic architecture.</p>

<p><em>Criterion (iv):</em> In its imposing dimensions, the Cathedral of Notre-Dame in Tournai is an outstanding example of the great edifices of the school of the north of the Seine, precursors of the vastness of the Gothic cathedrals.</p>",2000,1179,1009
Belgium,Plantin-Moretus House-Workshops-Museum Complex,Cultural,N,N,N,N,"<p>The Plantin-Moretus Museum is a printing plant and publishing house dating from the Renaissance and Baroque periods. Situated in Antwerp, one of the three leading cities of early European printing along with Paris and Venice, it is associated with the history of the invention and spread of typography. Its name refers to the greatest printer-publisher of the second half of the 16th century: Christophe Plantin (c. 1520ñ89). The monument is of outstanding architectural value. It contains exhaustive evidence of the life and work of what was the most prolific printing and publishing house in Europe in the late 16th century. The building of the company, which remained in activity until 1867, contains a large collection of old printing equipment, an extensive library, invaluable archives and works of art, among them a painting by Rubens.</p>","<p><em>Criterion (ii): </em> Through the publications of the Officina Plantiniana, the Plantin-Moretus complex is a testimony to the major role played by this important centre of 16th century European humanism in the development of science and culture.</p>

<p><em>Criterion (iii): </em> Considered as an integral part of the Memory of the World (UNESCO, 2001), the Plantinian Archives, including the business archives of the Officina, the books of commercial accounts and the correspondence with a number of world-renowned scholars and humanists, provide an outstanding testimony to a cultural tradition of the first importance.</p>

<p><em>Criterion (iv): </em> As an outstanding example of the relationship between the living environment of a family during the 16th, 17th and 18th centuries, the world of work and the world of commerce, the Plantin-Moretus Complex is of unrivalled Documentary value relating to significant periods of European history: the Renaissance, the Baroque era and Classicism.</p>

<p><em>Criterion (vi): </em> The Plantin-Moretus complex is tangibly associated with ideas, beliefs, technologies and literary and artistic works of outstanding universal significance.</p>",2005,1362,1185
Belgium,Stoclet House,Cultural,N,N,N,N,"<p>When banker and art collector Adolphe Stoclet commissioned this house from one of the leading architects of the Vienna Secession movement, Josef Hoffmann, in 1905, he imposed neither aesthetic nor financial restrictions on the project. The house and garden were completed in 1911 and their austere geometry marked a turning point in Art Nouveau, foreshadowing Art Deco and the Modern Movement in architecture. Stoclet House is one of the most accomplished and homogenous buildings of the Vienna Secession, and features works by Koloman Moser and Gustav Klimt, embodying the aspiration of creating a &lsquo;total work of art' (Gesamtkunstwerk). Bearing testimony to artistic renewal in European architecture, the house retains a high level of integrity, both externally and internally as it retains most of its original fixtures and furnishings.</p>",,2009,1578,1298
Belgium,Major Mining Sites of Wallonia,Cultural,N,N,N,N,"<p>The four sites of the property form a strip 170&nbsp;km long by 3&ndash;15&nbsp;km wide, crossing Belgium from east to west, consisting of the best-preserved 19th- and 20th-century coal-mining sites of the country. It features examples of the utopian architecture from the early periods of the industrial era in Europe within a highly integrated, industrial and urban ensemble, notably the Grand-Hornu colliery and workers&rsquo; city designed by Bruno Renard in the first half of the 19th century. Bois-du-Luc includes numerous buildings erected from 1838 to 1909 and one of Europe&rsquo;s oldest collieries dating back to the late 17th century. While Wallonia had hundreds of collieries, most have lost their infrastructure, while the four components of the listed site retain a high measure of integrity.</p>",,2012,1837,1344
Belize,Belize Barrier Reef Reserve System,Natural,N,N,Y,Y,"<p>The coastal area of Belize is an outstanding natural system consisting of the largest barrier reef in the northern hemisphere, offshore atolls, several hundred sand cays, mangrove forests, coastal lagoons and estuaries. The systemís seven sites illustrate the evolutionary history of reef development and are a significant habitat for threatened species, including marine turtles, manatees and the American marine crocodile.</p>","<p>The Committee inscribed the Belize Barrier Reef Reserve System under natural <em>criteria (vii), (ix) and (x)</em> as the largest barrier reef in the Northern hemisphere, as a serial nomination consisting of seven sites. The Reef illustrates a classic example of reefs through fringing, barrier and atoll reef types.</p>",1996,900,764
Benin,Royal Palaces of Abomey,Cultural,N,N,N,N,"<p>From 1625 to 1900, 12 kings succeeded one another at the head of the powerful Kingdom of Abomey. With the exception of King Akaba, who had his own separate enclosure, they all had their palaces built within the same cob-wall area, in keeping with previous palaces as regards the use of space and materials. The royal palaces of Abomey are a unique reminder of this vanished kingdom.</p>",,1985,1560,323
Bolivia (Plurinational State of),City of PotosÌ,Cultural,N,N,N,N,"<p>In the 16th century, this area was regarded as the world&rsquo;s largest industrial complex. The extraction of silver ore relied on a series of hydraulic mills. The site consists of the industrial monuments of the Cerro Rico, where water is provided by an intricate system of aqueducts and artificial lakes; the colonial town with the Casa de la Moneda; the Church of San Lorenzo; several patrician houses; and the barrios mitayos, the areas where the workers lived.</p>",,1987,484,420
Bolivia (Plurinational State of),Jesuit Missions of the Chiquitos,Cultural,N,N,N,N,"<p>Between 1696 and 1760, six ensembles of reducciones (settlements of Christianized Indians) inspired by the &lsquo;ideal cities&rsquo; of the 16th-century philosophers were founded by the Jesuits in a style that married Catholic architecture with local traditions. The six that remain &ndash; San Francisco Javier, Concepci&oacute;n, Santa Ana, San Miguel, San Rafael and San Jos&eacute; &ndash; make up a living heritage on the former territory of the Chiquitos.</p>",,1990,619,529
Bolivia (Plurinational State of),Historic City of Sucre,Cultural,N,N,N,N,"<p>Sucre, the first capital of Bolivia, was founded by the Spanish in the first half of the 16th century. Its many well-preserved 16th-century religious buildings, such as San L&aacute;zaro, San Francisco and Santo Domingo, illustrate the blending of local architectural traditions with styles imported from Europe.</p>",,1991,668,566
Bolivia (Plurinational State of),Tiwanaku: Spiritual and Political Centre of the Tiwanaku Culture,Cultural,N,N,N,N,"<p>The city of Tiwanaku, capital of a powerful pre-Hispanic empire that dominated a large area of the southern Andes and beyond, reached its apogee between 500 and 900 AD. Its monumental remains testify to the cultural and political significance of this civilisation, which is distinct from any of the other pre-Hispanic empires of the Americas.</p>","<p><em>Criterion (iii):</em> The ruins of Tiwanaku bear striking witness to the power of the empire that played a leading role in the development of the Andean prehispanic civilization.</p>

<p><em>Criterion (iv): </em>The buildings of Tiwanaku are exceptional examples of the ceremonial and public architecture and art of one of the most important manifestations of the civilizations of the Andean region.</p>",2000,670,567
Bolivia (Plurinational State of),Fuerte de Samaipata,Cultural,N,N,N,N,"<p>The archaeological site of Samaipata consists of two parts: the hill with its many carvings, believed to have been the ceremonial centre of the old town (14th&ndash;16th centuries), and the area to the south of the hill, which formed the administrative and residential district. The huge sculptured rock, dominating the town below, is a unique testimony to pre-Hispanic traditions and beliefs, and has no parallel anywhere in the Americas.</p>","<p><em>Criterion ii:</em> The sculptured rock at Samaipata is the dominant ceremonial feature of an urban settlement that represents the apogee of this form of prehispanic religious and political centre.</p>

<p><em>Criterion iii:</em> Samaipata bears outstanding witness to the existence in this Andean region of a culture with highly developed religious traditions, illustrated dramatically in the form of immense rock sculptures.</p>",1998,1035,883
Bolivia (Plurinational State of),Noel Kempff Mercado National Park,Natural,N,N,N,N,"<p>The National Park is one of the largest (1,523,000 ha) and most intact parks in the Amazon Basin. With an altitudinal range of 200 m to nearly 1,000 m, it is the site of a rich mosaic of habitat types from Cerrado savannah and forest to upland evergreen Amazonian forests. The park boasts an evolutionary history dating back over a billion years to the Precambrian period. An estimated 4,000 species of flora as well as over 600 bird species and viable populations of many globally endangered or threatened vertebrate species live in the park.</p>","<p><em>Criteria (ix) and (x):</em> The site contains an array of habitat types including evergreen rainforests, palm forests, cerrado, swamps, savannahs, gallery forests, and semi-deciduous dry forests. The cerrado habitats found on the Huanchaca Meseta have been isolated for millions of years providing an ideal living laboratory for the study of the evolution of these ecosystems. The site also contains a high diversity of plant and animal species, including viable populations of many globally threatened large vertebrates.</p>",2000,1131,967
Bosnia and Herzegovina,Old Bridge Area of the Old City of Mostar,Cultural,Y,Y,Y,Y,"<p>The historic town of Mostar, spanning a deep valley of the Neretva River, developed in the 15th and 16th centuries as an Ottoman frontier town and during the Austro-Hungarian period in the 19th and 20th centuries. Mostar has long been known for its old Turkish houses and Old Bridge, Stari Most, after which it is named. In the 1990s conflict, however, most of the historic town and the Old Bridge, designed by the renowned architect Sinan, was destroyed. The Old Bridge was recently rebuilt and many of the edifices in the Old Town have been restored or rebuilt with the contribution of an international scientific committee established by UNESCO. The Old Bridge area, with its pre-Ottoman, eastern Ottoman, Mediterranean and western European architectural features, is an outstanding example of a multicultural urban settlement. The reconstructed Old Bridge and Old City of Mostar is a symbol of reconciliation, international co-operation and of the coexistence of diverse cultural, ethnic and religious communities.</p>","<p><em>Criterion (vi): </em>With the ìrenaissanceî of the Old Bridge and its surroundings, the symbolic power and meaning of the City of Mostar - as an exceptional and universal symbol of coexistence of communities from diverse cultural, ethnic and religious backgrounds - has been reinforced and strengthened, underlining the unlimited efforts of human solidarity for peace and powerful co-operation in the face of overwhelming catastrophes.</p>",2005,1107,946
Bosnia and Herzegovina,Mehmed Paöa Sokolovi? Bridge in Viöegrad,Cultural,N,N,N,N,"<p>The Mehmed Pa&scaron;a Sokolovi? Bridge of Vi&scaron;egrad across the Drina River in the east of Bosnia and Herzegovina was built at the end of the 16th century by the court architect Mimar Koca Sinan on the orders of Grand Vizier Mehmed Pa&scaron;a Sokolovi?. Characteristic of the apogee of Ottoman monumental architecture and civil engineering, the bridge has 11 masonry arches with spans of 11 m to 15 m, and an access ramp at right angles with four arches on the left bank of the river. The 179.5 m long bridge is a representative masterpiece of Sinan, one of the greatest architects and engineers of the classical Ottoman period and a contemporary of the Italian Renaissance, with which his work may be compared. The unique elegance of proportion and monumental nobility of the whole site bear witness to the greatness of this style of architecture.</p>",,2007,1437,1260
Botswana,Tsodilo,Cultural,N,N,N,N,"<p>With one of the highest concentrations of rock art in the world, Tsodilo has been called the ''Louvre of the Desert''. Over 4,500 paintings are preserved in an area of only 10 km2 of the Kalahari Desert. The archaeological record of the area gives a chronological account of human activities and environmental changes over at least 100,000 years. Local communities in this hostile environment respect Tsodilo as a place of worship frequented by ancestral spirits.</p>","<p><strong>Criterion i:</strong> For many thousands of years the rocky outcrops of Tsodilo in the harsh landscape of the Kalahari Desert have been visited and settled by humans, who have left rich traces of their presence in the form of outstanding rock art.</p>
<p><strong>Criterion iii:</strong> Tsodilo is a site that has witnessed visits and settlement by successive human communities for many millennia.</p>
<p><strong>Criterion vi: </strong>The Tsodilo outcrops have immense symbolic and religious significance for the human communities who continue to survive in this hostile environment.</p>",2001,1191,1021
Botswana,Okavango Delta,Natural,Y,Y,N,N,"<p>This delta in north-west Botswana comprises permanent marshlands and seasonally flooded plains. It is one of the very few major interior delta systems that do not flow into a sea or ocean, with a wetland system that is almost intact. One of the unique characteristics of the site is that the annual flooding from the River Okavango occurs during the dry season, with the result that the native plants and animals have synchronized their biological cycles with these seasonal rains and floods. It is an exceptional example of the interaction between climatic, hydrological and biological processes. The Okavango Delta is home to some of the world&rsquo;s most endangered species of large mammal, such as the cheetah, white rhinoceros, black rhinoceros, African wild dog and lion.</p>",,2014,1976,1432
Brazil,Historic Town of Ouro Preto,Cultural,N,N,N,N,"<p>Founded at the end of the 17th century, Ouro Preto (Black Gold) was the focal point of the gold rush and Brazil&rsquo;s golden age in the 18th century. With the exhaustion of the gold mines in the 19th century, the city&rsquo;s influence declined but many churches, bridges and fountains remain as a testimony to its past prosperity and the exceptional talent of the Baroque sculptor Aleijadinho.</p>",,1980,136,124
Brazil,Historic Centre of the Town of Olinda,Cultural,N,N,N,N,"<p>Founded in the 16th century by the Portuguese, the town&rsquo;s history is linked to the sugar-cane industry. Rebuilt after being looted by the Dutch, its basic urban fabric dates from the 18th century. The harmonious balance between the buildings, gardens, 20 Baroque churches, convents and numerous small passos (chapels) all contribute to Olinda&rsquo;s particular charm.</p>",,1982,210,189
Brazil,Historic Centre of Salvador de Bahia,Cultural,N,N,N,N,"<p>As the first capital of Brazil, from 1549 to 1763, Salvador de Bahia witnessed the blending of European, African and Amerindian cultures. It was also, from 1558, the first slave market in the New World, with slaves arriving to work on the sugar plantations. The city has managed to preserve many outstanding Renaissance buildings. A special feature of the old town are the brightly coloured houses, often decorated with fine stucco-work.</p>",,1985,348,309
Brazil,Sanctuary of Bom Jesus do Congonhas,Cultural,N,N,N,N,"<p>This sanctuary in Minais Gerais, south of Belo Horizonte was built in the second half of the 18th century. It consists of a church with a magnificent Rococo interior of Italian inspiration; an outdoor stairway decorated with statues of the prophets; and seven chapels illustrating the Stations of the Cross, in which the polychrome sculptures by Aleijadinho are masterpieces of a highly original, moving, expressive form of Baroque art.</p>",,1985,380,334
Brazil,IguaÁu National Park,Natural,Y,Y,Y,Y,"<p>The park shares with Iguaz˙ National Park in Argentina one of the worldís largest and most impressive waterfalls, extending over some 2,700 m. It is home to many rare and endangered species of flora and fauna, among them the giant otter and the giant anteater. The clouds of spray produced by the waterfall are conducive to the growth of lush vegetation.</p>",,1986,408,355
Brazil,Brasilia,Cultural,N,N,N,N,"<p>Brasilia, a capital created <em>ex nihilo</em> in the centre of the country in 1956, was a landmark in the history of town planning. Urban planner Lucio Costa and architect Oscar Niemeyer intended that every element ñ from the layout of the residential and administrative districts (often compared to the shape of a bird in flight) to the symmetry of the buildings themselves ñ should be in harmony with the cityís overall design. The official buildings, in particular, are innovative and imaginative.</p>",,1987,516,445
Brazil,Serra da Capivara National Park,Cultural,N,N,N,N,"<p>Many of the numerous rock shelters in the Serra da Capivara National Park are decorated with cave paintings, some more than 25,000 years old. They are an outstanding testimony to one of the oldest human communities of South America.</p>",,1991,719,606
Brazil,Historic Centre of S„o LuÌs,Cultural,N,N,N,N,"<p>The late 17th-century core of this historic town, founded by the French and occupied by the Dutch before coming under Portuguese rule, has preserved the original rectangular street plan in its entirety. Thanks to a period of economic stagnation in the early 20th century, an exceptional number of fine historic buildings have survived, making this an outstanding example of an Iberian colonial town.</p>","<p>The Committee decided to inscribe this property on the basis of criteria (iii), (iv) and (v), considering that the Historic Centre of S&atilde;o Luis do Maranh&atilde;o is an outstanding example of a Portuguese colonial town that adapted successfully to the climatic conditions in equatorial South America and which has preserved its urban fabric, harmoniously integrated with its natural setting, to an exceptional degree.</p>",1997,970,821
Brazil,Historic Centre of the Town of Diamantina,Cultural,N,N,N,N,"<p>Diamantina, a colonial village set like a jewel in a necklace of inhospitable rocky mountains, recalls the exploits of diamond prospectors in the 18th century and testifies to the triumph of human cultural and artistic endeavour over the environment.</p>","<p>Criterion (ii) Diamantina shows how explorers of the Brazilian territory, diamond prospectors, and representatives of the Crown were able to adapt European models to an American context in the 18th century, thus creating a culture that was faithful to its roots yet completely original. Criterion (iv) The urban and architectural group of Diamantina, perfectly integrated into a wild landscape, is a fine example of an adventurous spirit combined with a quest for refinement so typical of human nature.</p>",1999,1042,890
Brazil,Discovery Coast Atlantic Forest Reserves,Natural,N,N,N,N,"<p>The Discovery Coast Atlantic Forest Reserves, in the states of Bahia and Esp&iacute;rito Santo, consist of eight separate protected areas containing 112,000 ha of Atlantic forest and associated shrub (<em>restingas</em>). The rainforests of Brazil&rsquo;s Atlantic coast are the world&rsquo;s richest in terms of biodiversity. The site contains a distinct range of species with a high level of endemism and reveals a pattern of evolution that is not only of great scientific interest but is also of importance for conservation.</p>","<p><em>Criterion (ix):</em> The Brazilian Discovery Coast includes a number of areas containing the best and largest remaining examples of Atlantic forest in the northeast region of Brazil and contains high numbers of rare and endemic species.</p>

<p><em>Criterion (x):</em> The site displays the biological richness and evolutionary history of the few remaining areas of Atlantic forest of northeast Brazil. The site reveals a pattern of evolution of great interest to science and importance for conservation. The fact that only these few scattered remnants of a once vast forest remain, make them an irreplaceable part of the world&rsquo;s forest heritage.</p>",1999,1044,892
Brazil,Atlantic Forest South-East Reserves,Natural,N,N,N,N,"<p>The Atlantic Forest South-East Reserves, in the states of Paran&aacute; and S&atilde;o Paulo, contain some of the best and most extensive examples of Atlantic forest in Brazil. The 25 protected areas that make up the site (some 470,000 ha in total) display the biological wealth and evolutionary history of the last remaining Atlantic forests. From mountains covered by dense forests, down to wetlands, coastal islands with isolated mountains and dunes, the area comprises a rich natural environment of great scenic beauty.</p>","<p>The Atlantic Forests (Southeast) contain the best and largest remaining examples of Atlantic forest in the southeast region of Brazil. The 25 protected areas that make up the site display the biological richness and evolutionary history of the few remaining areas of Atlantic forest of southeast Brazil. The area is also exceptionally diverse with high numbers of rare and endemic species. With its &ldquo;mountains to the sea&rdquo; attitudinal gradient, its estuary, wild rivers, karst and numerous waterfalls, the site also has exceptional scenic values.</p>",1999,1045,893
Brazil,Historic Centre of the Town of Goi·s,Cultural,N,N,N,N,"<p>Goi·s testifies to the occupation and colonization of the lands of central Brazil in the 18th and 19th centuries. The urban layout is an example of the organic development of a mining town, adapted to the conditions of the site. Although modest, both public and private architecture form a harmonious whole, thanks to the coherent use of local materials and vernacular techniques.</p>","<p><em>Criterion ii:</em> In its layout and architecture the historic town of Goi·s is an outstanding example of a European town admirably adapted to the climatic, geographical and cultural constraints of central South America.</p>

<p><em>Criterion iv:</em> Goi·s represents the evolution of a form of urban structure and architecture characteristic of the colonial settlement of South America, making full use of local materials and techniques and conserving its exceptional setting.</p>",2001,1157,993
Brazil,Central Amazon Conservation Complex,Natural,N,N,N,N,"<p>The Central Amazon Conservation Complex makes up the largest protected area in the Amazon Basin (over 6 million hectares) and is one of the planet&rsquo;s richest regions in terms of biodiversity. It also includes an important sample of varzea ecosystems, igap&oacute; forests, lakes and channels which take the form of a constantly evolving aquatic mosaic that is home to the largest array of electric fish in the world. The site protects key threatened species, including giant arapaima fish, the Amazonian manatee, the black caiman and two species of river dolphin.</p>","<p><em>Criterion (ix):</em> The varzea and igap&oacute; forests, lakes, rivers, and islands of the proposed site together constitute physical and biological formations and demonstrate ongoing ecological processes in the development of terrestrial and freshwater ecosystems. They include a constantly changing and evolving mosaic of river channels, lakes, and landforms. The floating (and constantly moving and changing) mats of vegetation typical of the varzea watercourses include a significant number of endemic species, including the largest array of electric fishes in the world. Anavilhanas contains the second largest archipelago of river islands in the Brazilian Amazon.</p>

<p><em>Criterion (x):</em> The expanded property substantially increases the already impressive protection offered by Ja&uacute; National Park to the biological diversity, habitats, and endangered species found in the Central Amazon region. The area is one of the Endemic Bird Areas of the World, is considered as one of the World Wildlife Fund&rsquo;s 200 Priority Ecoregion for Conservation, and it is also a Centre of Plant Diversity. The expansion of Ja&uacute; National Park to include an important sample of Varzea ecosystems, igap&oacute; forests, lakes and channels significantly increases the representation of the aquatic biodiversity of the Central Amazon region. Expansion of the site also enhance the protection of key threatened species including giant arapaima fish, the Amazonian manatee, the black caiman, and two species of river dolphin.</p>",2000,1163,998
Brazil,Pantanal Conservation Area,Natural,Y,Y,Y,Y,"<p>The Pantanal Conservation Complex consists of a cluster of four protected areas with a total area of 187,818 ha. Located in western central Brazil at the south-west corner of the State of Mato Grosso, the site represents 1.3% of Brazil's Pantanal region, one of the world's largest freshwater wetland ecosystems. The headwaters of the region's two major river systems, the Cuiab· and the Paraguay rivers, are located here, and the abundance and diversity of its vegetation and animal life are spectacular.</p>","<p><em>Criteria (vii), (ix) and (x):</em> The site is representative of the Greater Pantanal region. It demonstrates the on-going ecological and biological processes that occur in the Pantanal. The association of the Amolar Mountains with the dominant freshwater wetland ecosystems confers to the site a uniquely important ecological gradient as well as a dramatic landscape.</p>

<p>The site plays a key role in the dispersion of nutrients to the entire basin and is the most important reserve for maintaining fish stocks in the Pantanal. The area preserves habitats representative of the Pantanal that contain a number of globally threatened species. The area is a refuge for fauna as it is the only area of the Pantanal that remains partially inundated during the dry season.</p>",2000,1164,999
Brazil,Brazilian Atlantic Islands: Fernando de Noronha and Atol das Rocas Reserves,Natural,N,N,N,N,"<p>Peaks of the Southern Atlantic submarine ridge form the Fernando de Noronha Archipelago and Rocas Atoll off the coast of Brazil. They represent a large proportion of the island surface of the South Atlantic and their rich waters are extremely important for the breeding and feeding of tuna, shark, turtle and marine mammals. The islands are home to the largest concentration of tropical seabirds in the Western Atlantic. Baia de Golfinhos has an exceptional population of resident dolphin and at low tide the Rocas Atoll provides a spectacular seascape of lagoons and tidal pools teeming with fish.</p>","<p><em>Criterion (ix):</em> FNNMP/AdRBR represents over half the insular coastal waters of the Southern Atlantic Ocean. These highly productive waters provide feeding ground for species such as tuna, billfish, cetaceans, sharks, and marine turtles as they migrate to the Eastern Atlantic coast of Africa. An oasis of marine life in relatively barren, open ocean, the islands play a key role in the process of reproduction, dispersal and colonisation by marine organisms in the entire Tropical South Atlantic.</p>

<p><em>Criterion (vii)</em>: Ba&iacute;a dos Golfinhos is the only know place in the world with such a high population of resident dolphins and Atoll das Rocas demonstrates a spectacular seascape at low tide when the exposed reef surrounding shallow lagoons and tidal pools forms a natural aquarium. Both sites have also exceptional submarine landscapes that have been recognised worldwide by a number of specialised diving literatures.</p>

<p><em>Criterion (x):</em> FNNMP/AdRBR is a key site for the protection of biodiversity and endangered species in the Southern Atlantic. Providing a large proportion of the insular habitat of the South Atlantic, the site is a repository for the maintenance of marine biodiversity at the ocean basin level. It is important for the conservation of endangered and threatened species of marine turtles, particularly the hawksbill turtle. The site accommodates the largest concentration of tropical seabirds to be found in the Western Atlantic Ocean, and is a Global Centre of Bird Endemism. The site also contains the only remaining sample of the Insular Atlantic Forest and the only oceanic mangrove in the South Atlantic region.</p>",2001,1166,1000
Brazil,Cerrado Protected Areas: Chapada dos Veadeiros and Emas National Parks,Natural,N,N,N,N,"<p>The two sites included in the designation contain flora and fauna and key habitats that characterize the Cerrado ñ one of the worldís oldest and most diverse tropical ecosystems. For millennia, these sites have served as refuge for several species during periods of climate change and will be vital for maintaining the biodiversity of the Cerrado region during future climate fluctuations.</p>","<p><em>Criterion (ix)</em>: CPA has played a key role for millenia in maintaining the biodiversity of the Cerrado Ecoregion. Due it its central location and altidudinal variation, it has acted as a relatively stable species refuge when climate change has caused the Cerrado to move north-south or east-west. This role as a species refuge is ongoing as Earth enters another period of climate change.</p>

<p><em>Criterion (x):</em> CAS contains samples of all key habitats that characterise the Cerrado ecoregion ñ one of Earthís oldest tropical ecosystems. It contains over 60% of all floral species and almost 80% of all vertebrate species described for the Cerrado. With the exception of the Giant Otter, all of the Cerradoís endangered large mammals occur in the site. In addition, the site supports many rare small mammals and bird species that do not occur elsewhere in the Cerrado and a number of species new to science have been discovered in CPA.</p>",2001,1208,1035
Brazil,Rio de Janeiro: Carioca Landscapes between the Mountain and the Sea,Cultural,Y,Y,Y,Y,"<p>The site consists of an exceptional urban setting encompassing the key natural elements that have shaped and inspired the development of the city: from the highest points of the Tijuca National Park&rsquo;s mountains down to the sea. They also include the Botanical Gardens, established in 1808, Corcovado Mountain with its celebrated statue of Christ, and the hills around Guanabara Bay, including the extensive designed landscapes along Copacabana Bay which have contributed to the outdoor living culture of this spectacular city. Rio de Janeiro is also recognized for the artistic inspiration it has provided to musicians, landscapers and urbanists.</p>",,2012,1843,1100
Brazil,S„o Francisco Square in the Town of S„o CristÛv„o,Cultural,N,N,N,N,"<p>S&atilde;o Francisco Square, in the town of S&atilde;o Cristov&atilde;o, is a quadrilateral open space surrounded by substantial early buildings such as S&atilde;o Francisco Church and convent, the Church and Santa Casa da Miseric&oacute;rdia, the Provincial Palace and the associated houses of different historical periods surrounding the Square. This monumental ensemble, together with the surrounding 18th- and 19th- century houses, creates an urban landscape which reflects the history of the town since its origin. The Franciscan complex is an example of the typical architecture of the religious order developed in north-eastern Brazil.</p>",,2010,1725,1272
Brazil,Pampulha Modern Ensemble,Cultural,N,N,N,N,"<p>The Pampulha Modern Ensemble was the centre of a visionary garden city project created in 1940 at Belo Horizonte, the capital of Minas Gerais State. Designed around an artificial lake, this cultural and leisure centre included a casino, a ballroom, the Golf Yacht Club and the S„o Francisco de Assis church. The buildings were designed by architect Oscar Niemeyer, in collaboration with innovative artists. The Ensemble comprises bold forms that exploit the plastic potential of concrete, while fusing architecture, landscape design, sculpture and painting into a harmonious whole. It reflects the influence of local traditions, the Brazilian climate and natural surroundings on the principles of modern architecture.</p>",,2016,2077,1493
Brazil,Valongo Wharf Archaeological Site,Cultural,N,N,N,N,"<p>Valongo Wharf Archaeological Site is located in central Rio de Janeiro and encompasses the entirety of Jornal do ComÈrcio Square. It is in the former harbour area of Rio de Janeiro in which the old stone wharf was built for the landing of enslaved Africans reaching the South American continent from 1811 onwards. An estimated 900,000 Africans arrived in South America via Valongo. The physical site is composed of several archaeological layers, the lowest of which consists of floor pavings in<span>†</span><em>pÈ de moleque</em><span>†</span>style, attributed to the original Valongo Wharf. It is the most important physical trace of the arrival of African slaves on the American continent.</p>",,2017,2173,1548
Bulgaria,Boyana Church,Cultural,N,N,N,N,"<p>Located on the outskirts of Sofia, Boyana Church consists of three buildings. The eastern church was built in the 10th century, then enlarged at the beginning of the 13th century by Sebastocrator Kaloyan, who ordered a second two storey building to be erected next to it. The frescoes in this second church, painted in 1259, make it one of the most important collections of medieval paintings. The ensemble is completed by a third church, built at the beginning of the 19th century. This site is one of the most complete and perfectly preserved monuments of east European medieval art.</p>",,1979,46,42
Bulgaria,Madara Rider,Cultural,N,N,N,N,"<p>The Madara Rider, representing the figure of a knight triumphing over a lion, is carved into a 100-m-high cliff near the village of Madara in north-east Bulgaria. Madara was the principal sacred place of the First Bulgarian Empire before Bulgaria&rsquo;s conversion to Christianity in the 9th century. The inscriptions beside the sculpture tell of events that occurred between AD 705 and 801.</p>",,1979,47,43
Bulgaria,Thracian Tomb of Kazanlak,Cultural,N,N,N,N,"<p>Discovered in 1944, this tomb dates from the Hellenistic period, around the end of the 4th century BC. It is located near Seutopolis, the capital city of the Thracian king Seutes III, and is part of a large Thracian necropolis. The tholos has a narrow corridor and a round burial chamber, both decorated with murals representing Thracian burial rituals and culture. These paintings are Bulgaria&rsquo;s best-preserved artistic masterpieces from the Hellenistic period.</p>",,1979,48,44
Bulgaria,Rock-Hewn Churches of Ivanovo,Cultural,N,N,N,N,"<p>In the valley of the Roussenski Lom River, in north east Bulgaria, a complex of rock-hewn churches, chapels, monasteries and cells developed in the vicinity of the village of Ivanovo. This is where the first hermits had dug out their cells and churches during the 12th century. The 14th-century murals testify to the exceptional skill of the artists belonging to the Tarnovo School of painting.</p>",,1979,49,45
Bulgaria,Rila Monastery,Cultural,N,N,Y,Y,"<p>Rila Monastery was founded in the 10th century by St John of Rila, a hermit canonized by the Orthodox Church. His ascetic dwelling and tomb became a holy site and were transformed into a monastic complex which played an important role in the spiritual and social life of medieval Bulgaria. Destroyed by fire at the beginning of the 19th century, the complex was rebuilt between 1834 and 1862. A characteristic example of the Bulgarian Renaissance (18th&ndash;19th centuries), the monument symbolizes the awareness of a Slavic cultural identity following centuries of occupation.</p>",,1983,239,216
Bulgaria,Ancient City of Nessebar,Cultural,N,N,N,N,"<p>Situated on a rocky peninsula on the Black Sea, the more than 3,000-year-old site of Nessebar was originally a Thracian settlement (Menebria). At the beginning of the 6th century BC, the city became a Greek colony. The city&rsquo;s remains, which date mostly from the Hellenistic period, include the acropolis, a temple of Apollo, an agora and a wall from the Thracian fortifications. Among other monuments, the Stara Mitropolia Basilica and the fortress date from the Middle Ages, when this was one of the most important Byzantine towns on the west coast of the Black Sea. Wooden houses built in the 19th century are typical of the Black Sea architecture of the period.</p>",,1983,240,217
Bulgaria,Srebarna Nature Reserve,Natural,N,N,N,N,"<p>The Srebarna Nature Reserve is a freshwater lake adjacent to the Danube and extending over 600 ha. It is the breeding ground of almost 100 species of birds, many of which are rare or endangered. Some 80 other bird species migrate and seek refuge there every winter. Among the most interesting bird species are the Dalmatian pelican, great egret, night heron, purple heron, glossy ibis and white spoonbill.</p>",,1983,1621,219
Bulgaria,Pirin National Park,Natural,N,N,N,N,"<p>Spread over an area of over 27,000 ha, at an altitude between 1008 and 2914 m in the Pirin Mountains, southwest Bulgaria, the site comprises diverse limestone mountain landscapes with glacial lakes, waterfalls, caves and predominantly coniferous forests. It was added to the World Heritage List in 1983. The extension now covers an area of around 40,000 ha in the Pirin Mountains, and overlaps with the Pirin National Park, except for two areas developed for tourism (skiing). The dominant part of the extension is high mountain territory over 2000m in altitude, and covered mostly by alpine meadows, rocky screes and summits.</p>",,1983,1641,225
Bulgaria,Thracian Tomb of Sveshtari,Cultural,N,N,N,N,"<p>Discovered in 1982 near the village of Sveshtari, this 3rd-century BC Thracian tomb reflects the fundamental structural principles of Thracian cult buildings. The tomb has a unique architectural decor, with polychrome half-human, half-plant caryatids and painted murals. The 10 female figures carved in high relief on the walls of the central chamber and the decoration of the lunette in its vault are the only examples of this type found so far in the Thracian lands. It is a remarkable reminder of the culture of the Getes, a Thracian people who were in contact with the Hellenistic and Hyperborean worlds, according to ancient geographers.</p>",,1985,412,359
Burkina Faso,Ruins of LoropÈni,Cultural,N,N,N,N,"<p>The 11,130m2 property, the first to be inscribed in the country, with its imposing stone walls is the best preserved of ten fortresses in the Lobi area and is part of a larger group of 100 stone enclosures that bear testimony to the power of the trans-Saharan gold trade. Situated near the borders of C&ocirc;te d&rsquo;Ivoire, Ghana and Togo, the ruins have recently been shown to be at least 1,000 years old. The settlement was occupied by the Lohron or Koulango peoples, who controlled the extraction and transformation of gold in the region when it reached its apogee from the 14th to the 17th century. Much mystery surrounds this site large parts of which have yet to be excavated. The settlement seems to have been abandoned during some periods during its long history. The property which was finally deserted in the early 19th century is expected to yield much more information.</p>",,2009,1696,1225
Cabo Verde,"Cidade Velha, Historic Centre of Ribeira Grande",Cultural,N,N,N,N,"<p>The town of Ribeira Grande, renamed Cidade Velha in the late 18th century, was the first European colonial outpost in the tropics. Located in the south of the island of Santiago, the town features some of the original street layout impressive remains including two churches, a royal fortress and Pillory Square with its ornate 16th century marble pillar.</p>",,2009,1600,1310
Cambodia,Angkor,Cultural,Y,Y,Y,Y,"<p>Angkor is one of the most important archaeological sites in South-East Asia. Stretching over some 400 km2, including forested area, Angkor Archaeological Park contains the magnificent remains of the different capitals of the Khmer Empire, from the 9th to the 15th century. They include the famous Temple of Angkor Wat and, at Angkor Thom, the Bayon Temple with its countless sculptural decorations. UNESCO has set up a wide-ranging programme to safeguard this symbolic site and its surroundings.</p>",,1992,791,668
Cambodia,Temple of Preah Vihear,Cultural,N,N,N,N,"<p>Situated on the edge of a plateau that dominates the plain of Cambodia, the Temple of Preah Vihear is dedicated to Shiva. The Temple is composed of a series of sanctuaries linked by a system of pavements and staircases over an 800 metre long axis and dates back to the first half of the 11th century AD. Nevertheless, its complex history can be traced to the 9th century, when the hermitage was founded. This site is particularly well preserved, mainly due to its remote location. The site is exceptional for the quality of its architecture, which is adapted to the natural environment and the religious function of the temple, as well as for the exceptional quality of its carved stone ornamentation.</p>",,2008,1591,1224
Cambodia,"Temple Zone of Sambor Prei Kuk, Archaeological Site of Ancient Ishanapura",Cultural,N,N,N,N,"<p>The archaeological site of Sambor Prei Kuk, ìthe temple in the richness of the forestî in the Khmer language, has been identified as Ishanapura, the capital of the Chenla Empire that flourished in the late 6th and early 7th centuries CE. The vestiges of the city cover an area of 25 square kilometres and include a walled city centre as well as numerous temples, ten of which are octagonal, unique specimens of their genre in southeast Asia. Decorated sandstone elements in the site are characteristic of the pre-Angkor decorative idiom, known as the Sambor Prei Kuk Style. Some of these elements, including lintels, pediments and colonnades, are true masterpieces. The art and architecture developed here became models for other parts of the region and lay the ground for the unique Khmer style of the Angkor period.</p>",,2017,2140,1532
Cameroon,Dja Faunal Reserve,Natural,N,N,N,N,"<p>This is one of the largest and best-protected rainforests in Africa, with 90% of its area left undisturbed. Almost completely surrounded by the Dja River, which forms a natural boundary, the reserve is especially noted for its biodiversity and a wide variety of primates. It contains 107 mammal species, five of which are threatened.</p>",,1987,470,407
Canada,LíAnse aux Meadows National Historic Site,Cultural,N,N,N,N,"<p>At the tip of the Great Northern Peninsula of the island of Newfoundland, the remains of an 11th-century Viking settlement are evidence of the first European presence in North America. The excavated remains of wood-framed peat-turf buildings are similar to those found in Norse Greenland and Iceland.</p>",,1978,2248,4
Canada,Nahanni National Park,Natural,N,N,N,N,"<p>Located along the South Nahanni River, one of the most spectacular wild rivers in North America, this park contains deep canyons and huge waterfalls, as well as a unique limestone cave system. The park is also home to animals of the boreal forest, such as wolves, grizzly bears and caribou. Dall's sheep and mountain goats are found in the park's alpine environment.</p>",,1978,27,24
Canada,Dinosaur Provincial Park,Natural,N,N,N,N,"<p>In addition to its particularly beautiful scenery, Dinosaur Provincial Park ñ located at the heart of the province of Alberta's badlands ñ contains some of the most important fossil discoveries ever made from the 'Age of Reptiles', in particular about 35 species of dinosaur, dating back some 75 million years.</p>",,1979,75,71
Canada,S<U>G</U>ang Gwaay,Cultural,N,N,N,N,"<p>The village of Ninstints (Nans Dins) is located on a small island off the west coast of the Queen Charlotte Islands (Haida Gwaii). Remains of houses, together with carved mortuary and memorial poles, illustrate the Haida people's art and way of life. The site commemorates the living culture of the Haida people and their relationship to the land and sea, and offers a visual key to their oral traditions.</p>",,1981,175,157
Canada,Head-Smashed-In Buffalo Jump,Cultural,N,N,N,N,"<p>In south-west Alberta, the remains of marked trails and an aboriginal camp, and a tumulus where vast quantities of buffalo (American Bison) skeletons can still be found, are evidence of a custom practised by aboriginal peoples of the North American plains for nearly 6,000 years. Using their excellent knowledge of the topography and of buffalo behaviour, they killed their prey by chasing them over a precipice; the carcasses were later carved up in the camp below.</p>",,1981,176,158
Canada,Wood Buffalo National Park,Natural,N,N,N,N,"<p>Situated on the plains in the north-central region of Canada, the park (which covers 44,807 km2) is home to North America's largest population of wild bison. It is also the natural nesting place of the whooping crane. Another of the park's attractions is the world's largest inland delta, located at the mouth of the Peace and Athabasca rivers.</p>",,1983,286,256
Canada,Historic District of Old QuÈbec,Cultural,N,N,N,N,"<p>QuÈbec was founded by the French explorer Champlain in the early 17th century. It is the only North American city to have preserved its ramparts, together with the numerous bastions, gates and defensive works which still surround Old QuÈbec. The Upper Town, built on the cliff, has remained the religious and administrative centre, with its churches, convents and other monuments like the Dauphine Redoubt, the Citadel and Ch‚teau Frontenac. Together with the Lower Town and its ancient districts, it forms an urban ensemble which is one of the best examples of a fortified colonial city.</p>",,1985,336,300
Canada,Canadian Rocky Mountain Parks,Natural,Y,Y,N,N,"<p>The contiguous national parks of Banff, Jasper, Kootenay and Yoho, as well as the Mount Robson, Mount Assiniboine and Hamber provincial parks, studded with mountain peaks, glaciers, lakes, waterfalls, canyons and limestone caves, form a striking mountain landscape. The Burgess Shale fossil site, well known for its fossil remains of soft-bodied marine animals, is also found there.</p>",,1984,342,304
Canada,Gros Morne National Park,Natural,N,N,N,N,"<p>Situated on the west coast of the island of Newfoundland, the park provides a rare example of the process of continental drift, where deep ocean crust and the rocks of the earth's mantle lie exposed. More recent glacial action has resulted in some spectacular scenery, with coastal lowland, alpine plateau, fjords, glacial valleys, sheer cliffs, waterfalls and many pristine lakes.</p>",,1987,483,419
Canada,Miguasha National Park,Natural,N,N,N,N,"<p>The palaeontological site of Miguasha National Park, in south-eastern Quebec on the southern coast of the GaspÈ peninsula, is considered to be the world's most outstanding illustration of the Devonian Period known as the 'Age of Fishes'. Dating from 370 million years ago, the Upper Devonian Escuminac Formation represented here contains five of the six fossil fish groups associated with this period. Its significance stems from the discovery there of the highest number and best-preserved fossil specimens of the lobe-finned fishes that gave rise to the first four-legged, air-breathing terrestrial vertebrates ñ the tetrapods.</p>","<p><em>Criterion (viii):</em> In its representation of vertebrate life, Miguasha is the most outstanding fossil site in the world for illustrating the Devonian as the ìAge of Fishesî. The area is of paramount importance in having the greatest number and best preserved fossil specimens found anywhere in the world of the lobe-finned fishes that gave rise to the first four-legged, air-breathing terrestrial vertebrates - the tetrapodes.</p>",1999,812,686
Canada,Old Town Lunenburg,Cultural,N,N,N,N,"<p>Lunenburg is the best surviving example of a planned British colonial settlement in North America. Established in 1753, it has retained its original layout and overall appearance, based on a rectangular grid pattern drawn up in the home country. The inhabitants have managed to safeguard the city's identity throughout the centuries by preserving the wooden architecture of the houses, some of which date from the 18th century.</p>",,1995,875,741
Canada,Rideau Canal,Cultural,N,N,N,N,"<p>The Rideau Canal, a monumental early 19th-century construction covering 202 km of the Rideau and Cataraqui rivers from Ottawa south to Kingston Harbour on Lake Ontario, was built primarily for strategic military purposes at a time when Great Britain and the United States vied for control of the region. The site, one of the first canals to be designed specifically for steam-powered vessels, also features an ensemble of fortifications. It is the best-preserved example of a slackwater canal in North America, demonstrating the use of this European technology on a large scale. It is the only canal dating from the great North American canal-building era of the early 19th century to remain operational along its original line with most of its structures intact.</p>",,2007,1475,1221
Canada,Joggins Fossil Cliffs,Natural,N,N,N,N,"<p>The Joggins Fossil Cliffs, a 689 ha palaeontological site along the coast of Nova Scotia (eastern Canada), have been described as the &ldquo;coal age Gal&aacute;pagos&rdquo; due to their wealth of fossils from the Carboniferous period (354 to 290 million years ago). The rocks of this site are considered to be iconic for this period of the history of Earth and are the world&rsquo;s thickest and most comprehensive record of the Pennsylvanian strata (dating back 318 to 303 million years) with the most complete known fossil record of terrestrial life from that time. These include the remains and tracks of very early animals and the rainforest in which they lived, left in situ, intact and undisturbed. With its 14.7 km of sea cliffs, low bluffs, rock platforms and beach, the site groups remains of three ecosystems: estuarine bay, floodplain rainforest and fire prone forested alluvial plain with freshwater pools. It offers the richest assemblage known of the fossil life in these three ecosystems with 96 genera and 148 species of fossils and 20 footprint groups. The site is listed as containing outstanding examples representing major stages in the history of Earth.</p>",,2008,1516,1285
Canada,Landscape of Grand PrÈ,Cultural,N,N,N,N,"<p>Situated in the southern Minas Basin of Nova Scotia, the Grand Pr&eacute; marshland and archaeological sites constitute a cultural landscape bearing testimony to the development of agricultural farmland using dykes and the <em>aboiteau </em>wooden sluice system, started by the Acadians in the 17th century and further developed and maintained by the Planters and present-day inhabitants. Over 1,300&nbsp;ha, the cultural landscape encompasses a large expanse of polder farmland and archaeological elements of the towns of Grand Pr&eacute; and Hortonville, which were built by the Acadians and their successors. The landscape is an exceptional example of the adaptation of the first European settlers to the conditions of the North American Atlantic coast. The site &ndash; marked by one of the most extreme tidal ranges in the world, averaging 11.6&nbsp;m &ndash; is also inscribed as a memorial to Acadian way of life and deportation, which started in 1755, known as the <em>Grand D&eacute;rangement.</em></p>","<p align=""left"">The Landscape of Grand Pr&eacute; is an outstanding example and enduring model of the human capacity to overcome extraordinary natural challenges and cultural ordeals.</p>",2012,1828,1404
Canada,Red Bay Basque Whaling Station,Cultural,N,N,N,N,"<p>Red Bay, established by Basque mariners in the 16th century at the north-eastern tip of Canada on the shore of the Strait of Belle Isle is an archaeological site that provides the earliest, most complete and best preserved testimony of the European whaling tradition. Gran Baya, as it was called by those who founded the station in 1530s, was used as a base for coastal hunting, butchering, rendering of whale fat by heading to produce oil and storage. It became a major source of whale oil which was shipped to Europe where it was used for lighting. The site, which was used in the summer months, includes remains of rendering ovens, cooperages, wharves, temporary living quarters and a cemetery, together with underwater remains of vessels and whale bone deposits. The station was used for some 70 years, before the local whale population was depleted.</p>",,2013,1874,1412
Canada,Mistaken Point,Natural,N,N,N,N,"<p>This fossil site is located at the south-eastern tip of the island of Newfoundland, in eastern Canada. It consists of a narrow, 17 km-long strip of rugged coastal cliffs. Of deep marine origin, these cliffs date to the Ediacaran Period (580-560 million years ago), representing the oldest known assemblages of large fossils anywhere. These fossils illustrate a watershed in the history of life on earth: the appearance of large, biologically complex organisms, after almost three billion years of micro-dominated evolution. †</p>",,2016,2083,1497
Central African Republic,Manovo-Gounda St Floris National Park,Natural,N,N,N,N,"<p>The importance of this park derives from its wealth of flora and fauna. Its vast savannahs are home to a wide variety of species: black rhinoceroses, elephants, cheetahs, leopards, wild dogs, red-fronted gazelles and buffalo, while various types of waterfowl are to be found in the northern floodplains.</p>",,1988,553,475
Chad,Lakes of Ounianga,Natural,N,N,N,N,"<p>The site includes eighteen interconnected lakes in the hyper arid Ennedi region of the Sahara desert covering an area of 62,808&nbsp;ha. It constitutes an exceptional natural landscape of great beauty with striking colours and shapes. The saline, hyper saline and freshwater lakes are supplied by groundwater and are found in two groups 40&nbsp;km apart. Ounianga Kebir comprises four lakes, the largest of which, Yoan, covers an area of 358&nbsp;ha and is 27&nbsp;m deep. Its highly saline waters only sustain algae and some microorganisms. The second group, Ounianga Serir, comprises fourteen lakes separated by sand dunes. Floating reeds cover almost half the surface of these lakes reducing evaporation. At 436&nbsp;ha, Lake Teli has the largest surface area but is less than 10&nbsp;m deep. With their high quality freshwater, some of these lakes are home to aquatic fauna, particularly fish.</p>",,2012,1824,1400
Chad,Ennedi Massif: Natural and Cultural Landscape,Mixed,N,N,N,N,"<p>In the northeast of the country, the sandstone Ennedi Massif has been sculpted over time by water and wind erosion into a plateau featuring canyons and valleys that present a spectacular landscape marked by cliffs, natural arches and pitons. In the largest canyons, the permanent presence of water plays an essential role in the Massifís ecosystem, sustaining flora and fauna as well as human life. Thousands of images have been painted and carved into the rock surface of caves, canyons and shelters, presenting one of the largest ensembles of rock art in the Sahara.</p>",,2016,2091,1475
Chile,Rapa Nui National Park,Cultural,N,N,Y,Y,"<p>Rapa Nui, the indigenous name of Easter Island, bears witness to a unique cultural phenomenon. A society of Polynesian origin that settled there c. A.D. 300 established a powerful, imaginative and original tradition of monumental sculpture and architecture, free from any external influence. From the 10th to the 16th century this society built shrines and erected enormous stone figures known as <em>moai</em> , which created an unrivalled cultural landscape that continues to fascinate people throughout the world.</p>",,1995,846,715
Chile,Historic Quarter of the Seaport City of ValparaÌso,Cultural,N,N,N,N,"<p>The colonial city of Valpara&iacute;so presents an excellent example of late 19th-century urban and architectural development in Latin America. In its natural amphitheatre-like setting, the city is characterized by a vernacular urban fabric adapted to the hillsides that are dotted with a great variety of church spires. It contrasts with the geometrical layout utilized in the plain. The city has well preserved its interesting early industrial infrastructures, such as the numerous &lsquo;elevators&rsquo; on the steep hillsides.</p>","<p>Criterion iii: Valpara&iacute;so is an exceptional testimony to the early phase of globalisation in the late 19th century, when it became the leading merchant port on the sea routes of the Pacific coast of South America.</p>",2003,1123,959
Chile,Churches of ChiloÈ,Cultural,N,N,N,N,"<p>The Churches of Chilo&eacute; represent a unique example in Latin America of an outstanding form of ecclesiastical wooden architecture. They represent a tradition initiated by the Jesuit Peripatetic Mission in the 17th and 18th centuries, continued and enriched by the Franciscans during the 19th century and still prevailing today. These churches embody the intangible richness of the Chilo&eacute; Archipelago, and bear witness to a successful fusion of indigenous and European culture, the full integration of its architecture in the landscape and environment, as well as to the spiritual values of the communities.</p>","<p>Criterion (ii): The churches of Chilo&eacute; are outstanding examples of the successful fusion of European and indigenous cultural traditions to produce a unique form of wooden architecture.</p>

<p>Criterion (iii): The mestizo culture resulting from Jesuit missionary activities in the 17th and 18th centuries has survived intact in the Chilo&eacute; archipelago, and achieves its highest expression in the outstanding wooden churches.</p>",2000,1135,971
Chile,Humberstone and Santa Laura Saltpeter Works,Cultural,N,N,N,N,"<p>Humberstone and Santa Laura works contain over 200 former saltpeter works where workers from Chile, Peru and Bolivia lived in company towns and forged a distinctive communal pampinos culture. That culture is manifest in their rich language, creativity, and solidarity, and, above all, in their pioneering struggle for social justice, which had a profound impact on social history. Situated in the remote Pampas, one of the driest deserts on Earth, thousands of pampinos lived and worked in this hostile environment for over 60 years, from 1880, to process the largest deposit of saltpeter in the world, producing the fertilizer sodium nitrate that was to transform agricultural lands in North and South America, and in Europe, and produce great wealth for Chile. Because of the vulnerability of the structures and the impact of a recent earthquake, the site was also placed on the List of World Heritage in Danger to help mobilize resources for its conservation.</p>","<p><em>Criterion (ii): </em>The development of the saltpeter industry reflects the combined knowledge, skills, technology, and financial investment of a diverse community of people who were brought together from around South America, and from Europe. The saltpeter industry became a huge cultural exchange complex where ideas were quickly absorbed and exploited. The two works represent this process.</p>

<p><em>Criterion (iii): </em>The saltpeter mines and their associated company towns developed into an extensive and very distinct urban community with its own language, organisation, customs, and creative expressions, as well as displaying technical entrepreneurship. The two nominated works represent this distinctive culture.</p>

<p><em>Criterion (iv): </em>The saltpeter mines in the north of Chile together became the largest producers of natural saltpeter in the world, transforming the Pampa and indirectly the agricultural lands that benefited from the fertilisers the works produced. The two works represent this transformation process.</p>",2005,1869,1178
Chile,Sewell Mining Town,Cultural,N,N,N,N,"<p>Situated at 2,000 m in the Andes, 60 km to the east of Rancagua, in an environment marked by extremes of climate, Sewell Mining Town was built by the Braden Copper company in 1905 to house workers at what was to become the world&rsquo;s largest underground copper mine, El Teniente. It is an outstanding example of the company towns that were born in many remote parts of the world from the fusion of local labour and resources from an industrialized nation, to mine and process high-value natural resources. The town was built on a terrain too steep for wheeled vehicles around a large central staircase rising from the railway station. Along its route formal squares of irregular shape with ornamental trees and plants constituted the main public spaces or squares of the town. The buildings lining the streets are timber, often painted in vivid green, yellow, red and blue. At its peak Sewell numbered 15,000 inhabitants, but was largely abandoned in the 1970s.</p>",,2006,1391,1214
China,Mount Taishan,Mixed,N,N,N,N,"<p>The sacred Mount Tai ('shan' means 'mountain') was the object of an imperial cult for nearly 2,000 years, and the artistic masterpieces found there are in perfect harmony with the natural landscape. It has always been a source of inspiration for Chinese artists and scholars and symbolizes ancient Chinese civilizations and beliefs.</p>",,1987,507,437
China,The Great Wall,Cultural,N,N,Y,Y,"<p>In c. 220 B.C., under Qin Shi Huang, sections of earlier fortifications were joined together to form a united defence system against invasions from the north. Construction continued up to the Ming dynasty (1368&ndash;1644), when the Great Wall became the world's largest military structure. Its historic and strategic importance is matched only by its architectural significance.</p>",,1987,508,438
China,Imperial Palaces of the Ming and Qing Dynasties in Beijing and Shenyang,Cultural,N,N,Y,Y,"<p>Seat of supreme power for over five centuries (1416-1911), the Forbidden City in Beijing, with its landscaped gardens and many buildings (whose nearly 10,000 rooms contain furniture and works of art), constitutes a priceless testimony to Chinese civilization during the Ming and Qing dynasties. The Imperial Palace of the Qing Dynasty in Shenyang consists of 114 buildings constructed between 1625&ndash;26 and 1783. It contains an important library and testifies to the foundation of the last dynasty that ruled China, before it expanded its power to the centre of the country and moved the capital to Beijing. This palace then became auxiliary to the Imperial Palace in Beijing. This remarkable architectural edifice offers important historical testimony to the history of the Qing Dynasty and to the cultural traditions of the Manchu and other tribes in the north of China.</p>","<p><em>Criterion (i):</em> The Imperial Palaces represent masterpieces in the development of imperial palace architecture in China.</p>

<p><em>Criterion (ii):</em> The architecture of the Imperial Palace complexes, particularly in Shenyang, exhibits an important interchange of influences of traditional architecture and Chinese palace architecture particularly in the 17th and 18th centuries.</p>

<p><em>Criterion (iii):</em> The Imperial Palaces bear exceptional testimony to Chinese civilisation at the time of the Ming and Qing dynasties, being true reserves of landscapes, architecture, furnishings and objects of art, as well as carrying exceptional evidence to the living traditions and the customs of Shamanism practised by the Manchu people for centuries.</p>

<p><em>Criterion (iv):</em> The Imperial Palaces provide outstanding examples of the greatest palatial architectural ensembles in China. They illustrate the grandeur of the imperial institution from the Qing Dynasty to the earlier Ming and Yuan dynasties, as well as Manchu traditions, and present evidence on the evolution of this architecture in the 17th and 18th centuries.</p>",1987,510,439
China,Mogao Caves,Cultural,N,N,N,N,"<p>Situated at a strategic point along the Silk Route, at the crossroads of trade as well as religious, cultural and intellectual influences, the 492 cells and cave sanctuaries in Mogao are famous for their statues and wall paintings, spanning 1,000 years of Buddhist art.</p>",,1987,511,440
China,Mausoleum of the First Qin Emperor,Cultural,N,N,Y,Y,"<p>No doubt thousands of statues still remain to be unearthed at this archaeological site, which was not discovered until 1974. Qin (d. 210 B.C.), the first unifier of China, is buried, surrounded by the famous terracotta warriors, at the centre of a complex designed to mirror the urban plan of the capital, Xianyan. The small figures are all different; with their horses, chariots and weapons, they are masterpieces of realism and also of great historical interest.</p>",,1987,512,441
China,Peking Man Site at Zhoukoudian,Cultural,N,N,N,N,"<p>Scientific work at the site, which lies 42 km south-west of Beijing, is still underway. So far, it has led to the discovery of the remains of <em>Sinanthropus pekinensis</em>, who lived in the Middle Pleistocene, along with various objects, and remains of <em>Homo sapiens sapiens</em> dating as far back as 18,000&ndash;11,000 B.C. The site is not only an exceptional reminder of the prehistorical human societies of the Asian continent, but also illustrates the process of evolution.</p>",,1987,521,449
China,Mount Huangshan,Mixed,N,N,N,N,"<p>Huangshan, known as 'the loveliest mountain of China', was acclaimed through art and literature during a good part of Chinese history (e.g. the Shanshui 'mountain and water' style of the mid-16th century). Today it holds the same fascination for visitors, poets, painters and photographers who come on pilgrimage to the site, which is renowned for its magnificent scenery made up of many granite peaks and rocks emerging out of a sea of clouds.</p>",,1990,1933,547
China,Jiuzhaigou Valley Scenic and Historic Interest Area,Natural,N,N,N,N,"<p>Stretching over 72,000 ha in the northern part of Sichuan Province, the jagged Jiuzhaigou valley reaches a height of more than 4,800 m, thus comprising a series of diverse forest ecosystems. Its superb landscapes are particularly interesting for their series of narrow conic karst land forms and spectacular waterfalls. Some 140 bird species also inhabit the valley, as well as a number of endangered plant and animal species, including the giant panda and the Sichuan takin.</p>",,1992,757,637
China,Huanglong Scenic and Historic Interest Area,Natural,N,N,N,N,"<p>Situated in the north-west of Sichaun Province, the Huanglong valley is made up of snow-capped peaks and the easternmost of all the Chinese glaciers. In addition to its mountain landscape, diverse forest ecosystems can be found, as well as spectacular limestone formations, waterfalls and hot springs. The area also has a population of endangered animals, including the giant panda and the Sichuan golden snub-nosed monkey.</p>",,1992,758,638
China,Wulingyuan Scenic and Historic Interest Area,Natural,N,N,Y,Y,"<p>A spectacular area stretching over more than 26,000 ha in China's Hunan Province, the site is dominated by more than 3,000 narrow sandstone pillars and peaks, many over 200 m high. Between the peaks lie ravines and gorges with streams, pools and waterfalls, some 40 caves, and two large natural bridges. In addition to the striking beauty of the landscape, the region is also noted for the fact that it is home to a number of endangered plant and animal species.</p>",,1992,760,640
China,"Mountain Resort and its Outlying Temples, Chengde",Cultural,N,N,N,N,"<p>The Mountain Resort (the Qing dynasty's summer palace), in Hebei Province, was built between 1703 and 1792. It is a vast complex of palaces and administrative and ceremonial buildings. Temples of various architectural styles and imperial gardens blend harmoniously into a landscape of lakes, pastureland and forests. In addition to its aesthetic interest, the Mountain Resort is a rare historic vestige of the final development of feudal society in China.</p>",,1994,831,703
China,Temple and Cemetery of Confucius and the Kong Family Mansion in Qufu,Cultural,N,N,N,N,"<p>The temple, cemetery and family mansion of Confucius, the great philosopher, politician and educator of the 6th&ndash;5th centuries B.C., are located at Qufu, in Shandong Province. Built to commemorate him in 478 B.C., the temple has been destroyed and reconstructed over the centuries; today it comprises more than 100 buildings. The cemetery contains Confucius' tomb and the remains of more than 100,000 of his descendants. The small house of the Kong family developed into a gigantic aristocratic residence, of which 152 buildings remain. The Qufu complex of monuments has retained its outstanding artistic and historic character due to the devotion of successive Chinese emperors over more than 2,000 years.</p>",,1994,832,704
China,Ancient Building Complex in the Wudang Mountains,Cultural,N,N,N,N,"<p>The palaces and temples which form the nucleus of this group of secular and religious buildings exemplify the architectural and artistic achievements of China's Yuan, Ming and Qing dynasties. Situated in the scenic valleys and on the slopes of the Wudang mountains in Hubei Province, the site, which was built as an organized complex during the Ming dynasty (14th&ndash;17th centuries), contains Taoist buildings from as early as the 7th century. It represents the highest standards of Chinese art and architecture over a period of nearly 1,000 years.</p>",,1994,833,705
China,"Historic Ensemble of the Potala Palace, Lhasa",Cultural,N,N,N,N,"<p>The Potala Palace, winter palace of the Dalai Lama since the 7th century, symbolizes Tibetan Buddhism and its central role in the traditional administration of Tibet. The complex, comprising the White and Red Palaces with their ancillary buildings, is built on Red Mountain in the centre of Lhasa Valley, at an altitude of 3,700m. Also founded in the 7th century, the Jokhang Temple Monastery is an exceptional Buddhist religious complex. Norbulingka, the Dalai Lama's former summer palace, constructed in the 18th century, is a masterpiece of Tibetan art. The beauty and originality of the architecture of these three sites, their rich ornamentation and harmonious integration in a striking landscape, add to their historic and religious interest.</p>",,1994,837,707
China,Lushan National Park,Cultural,N,N,N,N,"<p>Mount Lushan, in Jiangxi, is one of the spiritual centres of Chinese civilization. Buddhist and Taoist temples, along with landmarks of Confucianism, where the most eminent masters taught, blend effortlessly into a strikingly beautiful landscape which has inspired countless artists who developed the aesthetic approach to nature found in Chinese culture.</p>","<p>The Committee decided to inscribe this property on the basis of cultural cultural criteria (ii), (iii), (iv) and (vi) as a cultural landscape of outstanding aesthetic value and its powerful associations with Chinese spiritual and cultural life.</p>",1996,921,778
China,"Mount Emei Scenic Area, including Leshan Giant Buddha Scenic Area",Mixed,N,N,N,N,"<p>The first Buddhist temple in China was built here in Sichuan Province in the 1st century A.D. in the beautiful surroundings of the summit Mount Emei. The addition of other temples turned the site into one of Buddhism's holiest sites. Over the centuries, the cultural treasures grew in number. The most remarkable is the Giant Buddha of Leshan, carved out of a hillside in the 8th century and looking down on the confluence of three rivers. At 71 m high, it is the largest Buddha in the world. Mount Emei is also notable for its exceptionally diverse vegetation, ranging from subtropical to subalpine pine forests. Some of the trees there are more than 1,000 years old.</p>","<p>The Committee decided to inscribe the nominated property under cultural criteria (iv) and (vi) considering the area of Mt. Emei is of exceptional cultural significance, since it is the place where Buddhism first became established on Chinese territory and from where it spread widely throughout the east. It is also an area of natural beauty into which the human element has been integrated, and natural criterion (x) for its high plant species diversity with a large number of endemic species. It also underlined the importance of the link between the tangible and intangible, the natural and the cultural.</p>",1996,922,779
China,Old Town of Lijiang,Cultural,N,N,N,N,"<p>The Old Town of Lijiang, which is perfectly adapted to the uneven topography of this key commercial and strategic site, has retained a historic townscape of high quality and authenticity. Its architecture is noteworthy for the blending of elements from several cultures that have come together over many centuries. Lijiang also possesses an ancient water-supply system of great complexity and ingenuity that still functions effectively today.</p>","<p>The Committee decided to inscribe this site on the basis of cultural criteria (ii), (iv) and (v). Lijiang is an exceptional ancient town set in a dramatic landscape which represents the harmonious fusion of different cultural traditions to produce an urban landscape of outstanding quality.</p>",1997,1934,811
China,Ancient City of Ping Yao,Cultural,N,N,N,N,"<p>Ping Yao is an exceptionally well-preserved example of a traditional Han Chinese city, founded in the 14th century. Its urban fabric shows the evolution of architectural styles and town planning in Imperial China over five centuries. Of special interest are the imposing buildings associated with banking, for which Ping Yao was the major centre for the whole of China in the 19th and early 20th centuries.</p>","<p>The Committee decided to inscribe this property on the basis of criteria (ii), (iii) and (iv), considering that the Ancient City of Ping Yao is an outstanding example of a Han Chinese city of the Ming and Qing Dynasties (14th-20th centuries) that has retained all its features to an exceptional degree and in doing so provides a remarkably complete picture of cultural, social, economic, and religious development during one of the most seminal periods of Chinese history.</p>",1997,959,812
China,Classical Gardens of Suzhou,Cultural,N,N,N,N,"<p>Classical Chinese garden design, which seeks to recreate natural landscapes in miniature, is nowhere better illustrated than in the nine gardens in the historic city of Suzhou. They are generally acknowledged to be masterpieces of the genre. Dating from the 11th-19th century, the gardens reflect the profound metaphysical importance of natural beauty in Chinese culture in their meticulous design.</p>","<p>The Committee decided to inscribe this property on the basis of criteria (i), (ii), (iii), (iv) and (v), considering that the four classical gardens of Suzhou are masterpieces of Chinese landscape garden design in which art, nature, and ideas are integrated perfectly to create ensembles of great beauty and peaceful harmony, and four gardens are integral to the entire historic urban plan.</p>",1997,961,813
China,"Summer Palace, an Imperial Garden in Beijing",Cultural,N,N,Y,Y,"<p>The Summer Palace in Beijing &ndash; first built in 1750, largely destroyed in the war of 1860 and restored on its original foundations in 1886 &ndash; is a masterpiece of Chinese landscape garden design. The natural landscape of hills and open water is combined with artificial features such as pavilions, halls, palaces, temples and bridges to form a harmonious ensemble of outstanding aesthetic value.</p>","<p>Criterion i: The Summer Palace in Beijing is an outstanding expression of the creative art of Chinese landscape garden design, incorporating the works of humankind and nature in a harmonious whole. Criterion ii: The Summer Palace epitomizes the philosophy and practice of Chinese garden design, which played a key role in the development of this cultural form throughout the East. Criterion iii: The imperial Chinese garden, illustrated by the Summer Palace, is a potent symbol of one of the major world civilizations.</p>",1998,1032,880
China,Temple of Heaven: an Imperial Sacrificial Altar in Beijing,Cultural,N,N,Y,Y,"<p>The Temple of Heaven, founded in the first half of the 15th century, is a dignified complex of fine cult buildings set in gardens and surrounded by historic pine woods. In its overall layout and that of its individual buildings, it symbolizes the relationship between earth and heaven &ndash; the human world and God's world &ndash; which stands at the heart of Chinese cosmogony, and also the special role played by the emperors within that relationship.</p>","<p>Criterion i: The Temple of Heaven is a masterpiece of architecture and landscape design which simply and graphically illustrates a cosmogony of great importance for the evolution of one of the world&rsquo;s great civilizations. Criterion ii: The symbolic layout and design of the Temple of Heaven had a profound influence on architecture and planning in the Far East over many centuries. Criterion iii: For more than two thousand years China was ruled by a series of feudal dynasties, the legitimacy of which is symbolized by the design and layout of the Temple of Heaven.</p>",1998,1033,881
China,Mount Wuyi,Mixed,N,N,N,N,"<p>Mount Wuyi is the most outstanding area for biodiversity conservation in south-east China and a refuge for a large number of ancient, relict species, many of them endemic to China. The serene beauty of the dramatic gorges of the Nine Bend River, with its numerous temples and monasteries, many now in ruins, provided the setting for the development and spread of neo-Confucianism, which has been influential in the cultures of East Asia since the 11th century. In the 1st century B.C. a large administrative capital was built at nearby Chengcun by the Han dynasty rulers. Its massive walls enclose an archaeological site of great significance.</p>","<p>Natural criteria (vii) and (x): Mount Wuyi is one of the most outstanding subtropical forests in the world. It is the largest, most representative example of a largely intact forest encompassing the diversity of the Chinese Subtropical Forest and the South Chinese Rainforest. It acts as a refuge for a large number of ancient, relict plant species, many of them endemic to China and contains large numbers of reptile, amphibian and insect species. The riverine landscape of Nine-Bend Stream (lower gorge) is also of exceptional scenic quality in its juxtaposition of smooth rock cliffs with clear, deep water.</p>

<p>Cultural criteria (iii): Mount Wuyi is a landscape of great beauty that has been protected for more than twelve centuries. It contains a series of exceptional archaeological sites, including the Han City established in the 1st century BC and a number of temples and study centres associated with the birth of Neo-Confucianism in the 11th century AD.</p>

<p>Cultural Criterion (vi): Mount Wuyi was the cradle of Neo-Confucianism, a doctrine that played a dominant role in the countries of Eastern and South-Eastern Asia for many centuries and influenced philosophy and government over much of the world.</p>",1999,2245,911
China,Dazu Rock Carvings,Cultural,N,N,N,N,"<p>The steep hillsides of the Dazu area contain an exceptional series of rock carvings dating from the 9th to the 13th century. They are remarkable for their aesthetic quality, their rich diversity of subject matter, both secular and religious, and the light that they shed on everyday life in China during this period. They provide outstanding evidence of the harmonious synthesis of Buddhism, Taoism and Confucianism.</p>","<p>Criterion (i): The Dazu carvings represent the pinnacle of Chinese rock art for their high aesthetic quality and their diversity of style and subject matter.</p>

<p>Criterion (ii): Tantric Buddhism from India and the Chinese Taoist and Confucian beliefs came together at Dazu to create a highly original and influential manifestation of spiritual harmony.</p>

<p>Criterion (iii): The eclectic nature of religious belief in later Imperial China is given material expression in the exceptional artistic heritage of the Dazu rock art.</p>",1999,1065,912
China,Mount Qingcheng and the Dujiangyan Irrigation System,Cultural,N,N,N,N,"<p>Construction of the Dujiangyan irrigation system began in the 3rd century B.C. This system still controls the waters of the Minjiang River and distributes it to the fertile farmland of the Chengdu plains. Mount Qingcheng was the birthplace of Taoism, which is celebrated in a series of ancient temples.</p>","<p>Criterion (ii): The Dujiangyan Irrigation System, begun in the 2nd century BCE, is a major landmark in the development of water management and technology, and is still discharging its functions perfectly.</p>

<p>Criterion (iv): The immense advances in science and technology achieved in ancient China are graphically illustrated by the Dujiangyan Irrigation System.</p>

<p>Criterion (vi): The temples of Mount Qingcheng are closely associated with the foundation of Taoism, one of the most influential religions of East Asia over a long period of history.</p>",2000,1167,1001
China,Ancient Villages in Southern Anhui ñ Xidi and Hongcun,Cultural,N,N,N,N,"<p>The two traditional villages of Xidi and Hongcun preserve to a remarkable extent the appearance of non-urban settlements of a type that largely disappeared or was transformed during the last century. Their street plan, their architecture and decoration, and the integration of houses with comprehensive water systems are unique surviving examples.</p>","<p>Criterion (iii): The villages of Xidi and Hongcun are graphic illustrations of a type of human settlement created during a feudal period and based on a prosperous trading economy.</p>

<p>Criterion (iv): In their buildings and their street patterns, the two villages of southern Anhui reflect the socio-economic structure of a long-lived settled period of Chinese history.</p>

<p>Criterion (v): The traditional non-urban settlements of China, which have to a very large extent disappeared during the past century, are exceptionally well preserved in the villages of Xidi and Hongcun.</p>",2000,1168,1002
China,Longmen Grottoes,Cultural,N,N,N,N,"<p>The grottoes and niches of Longmen contain the largest and most impressive collection of Chinese art of the late Northern Wei and Tang Dynasties (316-907). These works, entirely devoted to the Buddhist religion, represent the high point of Chinese stone carving.</p>","<p>Criterion (i): The sculptures of the Longmen Grottoes are an outstanding manifestation of human artistic creativity.</p>

<p>Criterion (ii): The Longmen Grottoes illustrate the perfection of a long-established art form which was to play a highly significant role in the cultural evolution of this region of Asia.</p>

<p>Criterion (iii): The high cultural level and sophisticated society of Tang Dynasty China is encapsulated in the exceptional stone carvings of the Longmen Grottoes.</p>",2000,1169,1003
China,Imperial Tombs of the Ming and Qing Dynasties,Cultural,N,N,N,N,"<p>It represents the addition of three Imperial Tombs of the Qing Dynasty in Liaoning to the Ming tombs inscribed in 2000 and 2003. The Three Imperial Tombs of the Qing Dynasty in Liaoning Province include the Yongling Tomb, the Fuling Tomb, and the Zhaoling Tomb, all built in the 17th century. Constructed for the founding emperors of the Qing Dynasty and their ancestors, the tombs follow the precepts of traditional Chinese geomancy and fengshui theory. They feature rich decoration of stone statues and carvings and tiles with dragon motifs, illustrating the development of the funerary architecture of the Qing Dynasty. The three tomb complexes, and their numerous edifices, combine traditions inherited from previous dynasties and new features of Manchu civilization.</p>","<p><em>Criterion (i):</em> The harmonious integration of remarkable architectural groups in a natural environment chosen to meet the criteria of geomancy (Fengshui) makes the Ming and Qing Imperial Tombs masterpieces of human creative genius.</p>

<p><em>Criteria (ii), (iii) and (iv):</em> The imperial mausolea are outstanding testimony to a cultural and architectural tradition that for over five hundred years dominated this part of the world; by reason of their integration into the natural environment, they make up a unique ensemble of cultural landscapes.</p>

<p><em>Criterion (vi):</em> The Ming and Qing Tombs are dazzling illustrations of the beliefs, world view, and geomantic theories of Fengshui prevalent in feudal China. They have served as burial edifices for illustrious personages and as the theatre for major events that have marked the history of China.</p>",2000,1172,1004
China,Yungang Grottoes,Cultural,N,N,N,N,"<p>The Yungang Grottoes, in Datong city, Shanxi Province, with their 252 caves and 51,000 statues, represent the outstanding achievement of Buddhist cave art in China in the 5th and 6th centuries. The Five Caves created by Tan Yao, with their strict unity of layout and design, constitute a classical masterpiece of the first peak of Chinese Buddhist art.</p>","<p>Criterion (i): The assemblage of statuary of the Yungang Grottoes is a masterpiece of early Chinese Buddhist cave art.</p>

<p>Criterion (ii): The Yungang cave art represent the successful fusion of Buddhist religious symbolic art from south and central Asia with Chinese cultural traditions, starting in the 5th century CE under Imperial auspices.</p>

<p>Criterion (iii): The power and endurance of Buddhist belief in China are vividly illustrated by the Yungang grottoes.</p>

<p>Criterion (iv): The Buddhist tradition of religious cave art achieved its first major impact at Yungang, where it developed its own distinct character and artistic power.</p>",2001,1213,1039
China,Three Parallel Rivers of Yunnan Protected Areas,Natural,N,N,N,N,"<p>Consisting of eight geographical clusters of protected areas within the boundaries of the Three Parallel Rivers National Park, in the mountainous north-west of Yunnan Province, the 1.7 million hectare site features sections of the upper reaches of three of the great rivers of Asia: the Yangtze (Jinsha), Mekong and Salween run roughly parallel, north to south, through steep gorges which, in places, are 3,000 m deep and are bordered by glaciated peaks more than 6,000 m high. The site is an epicentre of Chinese biodiversity. It is also one of the richest temperate regions of the world in terms of biodiversity.</p>","<p>Criterion (vii): Superlative natural phenomena or natural beauty and aesthetic importance The deep, parallel gorges of the Jinsha, Lancang and Nu Jiang are the outstanding natural feature of the site; while large sections of the three rivers lie just outside the site boundaries, the river gorges are nevertheless the dominant scenic element in the area. High mountains are everywhere, with the glaciated peaks of the Meili, Baima and Haba Snow Mountains providing a spectacular scenic skyline. The Mingyongqia Glacier is a notable natural phemonenon, descending to 2700 m altitude from Mt Kawagebo (6740 m), and is claimed to be the gla cier descending to the lowest altitude for such a low latitude (28&Acirc;&deg; N) in the northern hemisphere. Other outstanding scenic landforms are the alpine karst (especially the 'stone moon' in the Moon Mountain Scenic Area above the Nu Jiang Gorge) and the 'tortoise shell' weathering of the alpine Danxia.</p>

<p>Criterion (viii): The property is of outstanding value for displaying the geological history of the last 50 million years associated with the collision of the Indian Plate with the Eurasian Plate, the closure of the ancient Tethys Sea, and the uplifting of the Himalaya Range and the Tibetan Plateau. These were major geological events in the evolution of the land surface of Asia and they are on-going. The diverse rock types within the site record this history and, in addition, the range of karst, granite monolith, and Danxia sandstone landforms in the alpine zone include some of the best of their type in the mountains of the world.</p>

<p>&Acirc;&nbsp;Criterion (ix): The dramatic expression of ecological processes in the Three Parallel Rivers site has resulted from a mix of geological, climatic and topographical effects. First, the location of the area within an active orographic belt has resulted in a wide range of rock substrates from igneous (four types) through to various sedimentary types including limestones, sandstones and conglomerates. An exceptional range of topographical features - from gorges to karst to glaciated peaks -- is associated with the site being at a &acirc;&euro;&oelig;collision point&acirc;&euro;ù of tectonic plates. Add the fact that the area was a Pleistocene refugium and is located at a biogeographical convergence zone (i.e. with temperate and tropical elements) and the physical foundations for evolution of its high biodiversity are all present. Along with the landscape diversity with a steep gradient of almost 6000m vertical, a monsoon climate affects most of the area and provides another favourable ecological stimulus that has allowed the full range of temperate Palearctic biomes to develop.</p>

<p>Criterion (x): Biodiversity and threatened species Northwest Yunnan is the area of richest biodiversity in China and may be the most biologically diverse temperate region on earth. The site encompasses most of the natural habitats in the Hengduan Mountains, one of the world's most important remaining areas for the conservation of the earth's biodiversity. The outstanding topographic and climatic diversity of the site, coupled with its location at the juncture of the East Asia, Southeast Asia, and Tibetan Plateau biogeographical realms and its function as a N-S corridor for the movement of plants and animals (especially during the ice ages), marks it as a truly unique landscape, which still retains a high degree of natural character despite thousands of years of human habitation. As the last remaining stronghold for an extensive suite of rare and endangered plants and animals, the site is of outstanding universal value.</p>",2003,1731,1083
China,Historic Centre of Macao,Cultural,N,N,N,N,"<p>Macao, a lucrative port of strategic importance in the development of international trade, was under Portuguese administration from the mid-16th century until 1999, when it came under Chinese sovereignty. With its historic street, residential, religious and public Portuguese and Chinese buildings, the historic centre of Macao provides a unique testimony to the meeting of aesthetic, cultural, architectural and technological influences from East and West. The site also contains a fortress and a lighthouse, the oldest in China. It bears witness to one of the earliest and longest-lasting encounters between China and the West, based on the vibrancy of international trade.</p>","<p><em>Criterion (ii):</em> The strategic location of Macao on the Chinese territory, and the special relationship established between the Chinese and Portuguese authorities favoured an important interchange of human values in the various fields of culture, sciences, technology, art and architecture over several centuries.</p>

<p><em>Criterion (iii): </em> Macao bears a unique testimony to the first and longest-lasting encounter between the West and China. From the 16th to the 20th centuries, it was the focal point for traders and missionaries, and the different fields of learning. The impact of this encounter can be traced in the fusion of different cultures that characterise the historic core zone of Macao.</p>

<p><em>Criterion (iv): </em> Macao represents an outstanding example of an architectural ensemble that illustrates the development of the encounter between the Western and Chinese civilisations over some four and half centuries, represented in the historical route, with a series of urban spaces and architectural ensembles, that links the ancient Chinese port with the Portuguese city.</p>

<p><em>Criterion (vi): </em> Macao has been associated with the exchange of a variety of cultural, spiritual, scientific and technical influences between the Western and Chinese civilisations. These ideas directly motivated the introduction of crucial changes in China, ultimately ending the era of imperial feudal system and establishing the modern republic.</p>",2005,1289,1110
China,Cultural Landscape of Honghe Hani Rice Terraces ,Cultural,N,N,N,N,"<p>The Cultural Landscape of Honghe Hani Rice Terraces, China covers 16,603-hectares in Southern Yunnan. It is marked by spectacular terraces that cascade down the slopes of the towering Ailao Mountains to the banks of the Hong River. Over the past 1,300 years, the Hani people have developed a complex system of channels to bring water from the forested mountaintops to the terraces. They have also created an integrated farming system that involves buffalos, cattle, ducks, fish and eel and supports the production of red rice, the area&rsquo;s primary crop. The inhabitants worship the sun, moon, mountains, rivers, forests and other natural phenomena including fire. They live in 82 villages situated between the mountaintop forests and the terraces. The villages feature traditional thatched &ldquo;mushroom&rdquo; houses. The resilient land management system of the rice terraces demonstrates extraordinary harmony between people and their environment, both visually and ecologically, based on exceptional and long-standing social and religious structures.</p>",,2013,1877,1111
China,Kaiping Diaolou and Villages,Cultural,N,N,N,N,"<p>Kaiping Diaolou and Villages feature the Diaolou, multi-storeyed defensive village houses in Kaiping, which display a complex and flamboyant fusion of Chinese and Western structural and decorative forms. They reflect the significant role of &eacute;migr&eacute; Kaiping people in the development of several countries in South Asia, Australasia and North America, during the late 19th and early 20th centuries. There are four groups of Diaolou and twenty of the most symbolic ones are inscribed on the List. These buildings take three forms: communal towers built by several families and used as temporary refuge, residential towers built by individual rich families and used as fortified residences, and watch towers. Built of stone, <em>pise</em> , brick or concrete, these buildings represent a complex and confident fusion between Chinese and Western architectural styles. Retaining a harmonious relationship with the surrounding landscape, the Diaolou testify to the final flowering of local building traditions that started in the Ming period in response to local banditry.</p>",,2007,1459,1112
China,Fujian <em>Tulou</em>,Cultural,N,N,N,N,"<p>Fujian <em>Tulou</em> is a property of 46 buildings constructed between the 15th and 20th centuries over 120 km in south-west of Fujian province, inland from the Taiwan Strait. Set amongst rice, tea and tobacco fields the Tulou are earthen houses. Several storeys high, they are built along an inward-looking, circular or square floor plan as housing for up to 800 people each. They were built for defence purposes around a central open courtyard with only one entrance and windows to the outside only above the first floor. Housing a whole clan, the houses functioned as village units and were known as &ldquo;a little kingdom for the family&rdquo; or &ldquo;bustling small city.&rdquo; They feature tall fortified mud walls capped by tiled roofs with wide over-hanging eaves. The most elaborate structures date back to the 17th and 18th centuries. The buildings were divided vertically between families with each disposing of two or three rooms on each floor. In contrast with their plain exterior, the inside of the tulou were built for comfort and were often highly decorated. They are inscribed as exceptional examples of a building tradition and function exemplifying a particular type of communal living and defensive organization, and, in terms of their harmonious relationship with their environment, an outstanding example of human settlement.</p>",,2008,1505,1113
China,Yin Xu,Cultural,N,N,N,N,"<p>The archaeological site of Yin Xu, close to Anyang City, some 500 km south of Beijing, is an ancient capital city of the late Shang Dynasty (1300 - 1046 BC). It testifies to the golden age of early Chinese culture, crafts and sciences, a time of great prosperity of the Chinese Bronze Age. A number of royal tombs and palaces, prototypes of later Chinese architecture, have been unearthed on the site, including the Palace and Royal Ancestral Shrines Area, with more than 80 house foundations, and the only tomb of a member of the royal family of the Shang Dynasty to have remained intact, the Tomb of Fu Hao. The large number and superb craftsmanship of the burial accessories found there bear testimony to the advanced level of Shang crafts industry. Inscriptions on oracle bones found in Yin Xu bear invaluable testimony to the development of one of the world&rsquo;s oldest writing systems, ancient beliefs and social systems.</p>",,2006,1293,1114
China,Capital Cities and Tombs of the Ancient Koguryo Kingdom,Cultural,N,N,N,N,"<p>The site includes archaeological remains of three cities and 40 tombs: Wunu Mountain City, Guonei City and Wandu Mountain City, 14 tombs are imperial, 26 of nobles. All belong to the Koguryo culture, named after the dynasty that ruled over parts of northern China and the northern half of the Korean Peninsula from 277 BC to AD 668. Wunu Mountain City is only partly excavated. Guonei City, within the modern city of Ji&rsquo;an, played the role of a &lsquo;supporting capital&rsquo; after the main Koguryo capital moved to Pyongyang. Wandu Mountain City, one of the capitals of the Koguryo Kingdom, contains many vestiges including a large palace and 37 tombs. Some of the tombs show great ingenuity in their elaborate ceilings, designed to roof wide spaces without columns and carry the heavy load of a stone or earth tumulus (mound), which was placed above them.</p>","<p><em>Criterion (i):</em> The tombs represent a masterpiece of the human creative genius in their wall paintings and structures.</p>

<p><em>Criterion (ii):</em> The Capital Cities of the Koguryo Kingdom are an early example of mountain cities, later imitated by neighbouring cultures. The tombs, particularly the important stele and a long inscription in one of the tombs, show the impact of Chinese culture on the Koguryo (who did not develop their own writing). The paintings in the tombs, while showing artistic skills and specific style, are also an example for strong impact from other cultures.</p>

<p><em>Criterion (iii):</em> The Capital Cities and Tombs of the Ancient Koguryo Kingdom represent exceptional testimony to the vanished Koguryo civilization.</p>

<p><em>Criterion (iv):</em> The system of capital cities represented by Guonei City and Wandu Mountain City also influenced the construction of later capitals built by the Koguryo regime; the Koguryo tombs provide outstanding examples of the evolution of piled-stone and earthen tomb construction.</p>

<p><em>Criterion (v):</em> The capital cities of the Koguryo Kingdom represent a perfect blending of human creation and nature whether with the rocks or with forests and rivers.</p>",2004,1315,1135
China,"Sichuan Giant Panda Sanctuaries - Wolong, Mt Siguniang and Jiajin Mountains ",Natural,N,N,Y,Y,"<p>Sichuan Giant Panda Sanctuaries, home to more than 30% of the world's pandas which are classed as highly endangered, covers 924,500 ha with seven nature reserves and nine scenic parks in the Qionglai and Jiajin Mountains. The sanctuaries constitute the largest remaining contiguous habitat of the giant panda, a relict from the paleo-tropic forests of the Tertiary Era. It is also the species' most important site for captive breeding. The sanctuaries are home to other globally endangered animals such as the red panda, the snow leopard and clouded leopard. They are among the botanically richest sites of any region in the world outside the tropical rainforests, with between 5,000 and 6,000 species of flora in over 1,000 genera.</p>",,2006,1390,1213
China,South China Karst,Natural,N,N,Y,Y,"<p>South China Karst is one of the worldís most spectacular examples of humid tropical to subtropical karst landscapes. It is a serial site spread over the provinces of Guizhou, Guangxi, Yunnan and Chongqing and covers 176,228 hectares. It contains the most significant types of karst landforms, including tower karst, pinnacle karst and cone karst formations, along with other spectacular characteristics such as natural bridges, gorges and large cave systems. The stone forests of Shilin are considered superlative natural phenomena and a world reference. The cone and tower karsts of Libo, also considered the world reference site for these types of karst, form a distinctive and beautiful landscape. Wulong Karst has been inscribed for its giant dolines (sinkholes), natural bridges and caves.</p>",,2007,1965,1248
China,Mount Wutai,Cultural,N,N,N,N,"<p>With its five flat peaks, Mount Wutai is a sacred Buddhist mountain. The cultural landscape is home to forty-one monasteries and includes the East Main Hall of Foguang Temple, the highest surviving timber building of the Tang dynasty, with life-size clay sculptures. It also features the Ming dynasty Shuxiang Temple with a huge complex of 500 statues representing Buddhist stories woven into three-dimensional pictures of mountains and water. Overall, the buildings on the site catalogue the way in which Buddhist architecture developed and influenced palace building in China for over a millennium. Mount Wutai, literally, 'the five terrace mountain', is the highest in Northern China and is remarkable for its morphology of precipitous slopes with five open treeless peaks. Temples have been built on this site from the 1st century AD to the early 20th century.</p>",,2009,1587,1279
China,Mount Sanqingshan National Park,Natural,N,N,N,N,"<p>Mount Sanqingshan National Park, a 22,950 ha property located in the west of the Huyaiyu mountain range in the northeast of Jiangxi Province (in the east of central China) has been inscribed for its exceptional scenic quality, marked by the concentration of fantastically shaped pillars and peaks: 48 granite peaks and 89 granite pillars, many of which resemble human or animal silhouettes. The natural beauty of the 1,817 metre high Mount Huaiyu is further enhanced by the juxtaposition of granite features with the vegetation and particular meteorological conditions which make for an ever-changing and arresting landscape with bright halos on clouds and white rainbows. The area is subject to a combination of subtropical monsoonal and maritime influences and forms an island of temperate forest above the surrounding subtropical landscape. It also features forests and numerous waterfalls, some of them 60 metres in height, lakes and springs.</p>",,2008,1523,1292
China,Historic Monuments of Dengfeng in ìThe Centre of Heaven and Earthî,Cultural,N,N,N,N,"<p>Mount Songshang is considered to be the central sacred mountain of China. At the foot of this 1500 metre high mountain, close to the city of Dengfeng in Henan province and spread over a 40 square-kilometre circle, stand eight clusters of buildings and sites, including three Han Que gates - remains of the oldest religious edifices in China -, temples, the Zhougong Sundial Platform and the Dengfeng Observatory. Constructed over the course of nine dynasties, these buildings are reflections of different ways of perceiving the centre of heaven and earth and the power of the mountain as a centre for religious devotion. The historical monuments of Dengfeng include some of the best examples of ancient Chinese buildings devoted to ritual, science, technology and education.</p>",,2010,1726,1305
China,West Lake Cultural Landscape of Hangzhou,Cultural,N,N,N,N,"<p>The West Lake Cultural Landscape of Hangzhou, comprising the West Lake and the hills surrounding its three sides, has inspired famous poets, scholars and artists since the 9th century. It comprises numerous temples, pagodas, pavilions, gardens and ornamental trees, as well as causeways and artificial islands.<br />These additions have been made to improve the landscape west of the city of Hangzhou to the south of the Yangtze river.</p>

<p>The West Lake has influenced garden design in the rest of China as well as Japan and Korea over the centuries and bears an exceptional testimony to the cultural tradition of improving landscapes to create a series of vistas reflecting an idealised fusion between humans and nature.</p>

<p>&nbsp;</p>",,2011,1765,1334
China,China Danxia,Natural,N,N,N,N,"<p>China Danxia is the name given in China to landscapes developed on continental red terrigenous sedimentary beds influenced by endogenous forces (including uplift) and exogenous forces (including weathering and erosion). The inscribed site comprises six areas found in the sub-tropical zone of south-west China. They are characterized by spectacular red cliffs and a range of erosional landforms, including dramatic natural pillars, towers, ravines, valleys and waterfalls. These rugged landscapes have helped to conserve sub-tropical broad-leaved evergreen forests, and host many species of flora and fauna, about 400 of which are considered rare or threatened.</p>",,2010,1676,1335
China,Chengjiang Fossil Site,Natural,N,N,N,N,"<p>A hilly 512&nbsp;ha site in Yunnan province, Chengjiang&rsquo;s fossils present the most complete record of an early Cambrian marine community with exceptionally preserved biota, displaying the anatomy of hard and soft tissues in a very wide variety of organisms, invertebrate and vertebrate. They record the early establishment of a complex marine ecosystem. The site documents at least sixteen phyla and a variety of enigmatic groups as well as about 196 species, presenting exceptional testimony to the rapid diversification of life on Earth 530&nbsp;million years ago, when almost all of today&rsquo;s major animal groups emerged. It opens a palaeobiological window of great significance to scholarship.</p>",,2012,1803,1388
China,Site of Xanadu,Cultural,N,N,N,N,"<p>North of the Great Wall, the Site of Xanadu encompasses the remains of Kublai Khan&rsquo;s legendary capital city, designed by the Mongol ruler&rsquo;s Chinese advisor Liu Bingzhdong in 1256. Over a surface area of 25,000&nbsp;ha, the site was a unique attempt to assimilate the nomadic Mongolian and Han Chinese cultures. From this base, Kublai Khan established the Yuan dynasty that ruled China over a century, extending its boundaries across Asia. The religious debate that took place here resulted in the dissemination of Tibetan Buddhism over north-east Asia, a cultural and religious tradition still practised in many areas today. The site was planned according to traditional Chinese <em>feng shui</em> in relation to the nearby mountains and river. It features the remains of the city, including temples, palaces, tombs, nomadic encampments and the Tiefan&rsquo;gang Canal, along with other waterworks.</p>",,2012,1804,1389
China,Xinjiang Tianshan,Natural,N,N,N,N,"<p>Xinjiang Tianshan&nbsp;comprises four components&mdash;Tomur, Kalajun-Kuerdening, Bayinbukuke and Bogda&mdash; that total 606,833 hectares. They are part of the Tianshan mountain system of Central Asia, one of the largest mountain ranges in the world. Xinjiang Tianshan presents unique physical geographic features and scenically beautiful areas including spectacular snow and snowy mountains glacier-capped peaks, undisturbed forests and meadows, clear rivers and lakes and red bed canyons. These landscapes contrast with the vast adjacent desert landscapes, creating a striking visual contrast between hot and cold environments, dry and wet, desolate and luxuriant. The landforms and ecosystems of the site have been preserved since the Pliocene epoch and present an outstanding example of ongoing biological and ecological evolutionary processes. The site also extends into the Taklimakan Desert, one of the world&rsquo;s largest and highest deserts, known for its large dune forms and great dust storms. Xinjiang Tianshan is moreover an important habitat for endemic and relic flora species, some rare and endangered.</p>",,2013,1876,1414
China,The Grand Canal,Cultural,N,N,N,N,"<p>The Grand Canal is a vast waterway system in the north-eastern and central-eastern plains of China, running from Beijing in the north to Zhejiang province in the south. Constructed in sections from the 5th century BC onwards, it was conceived as a unified means of communication for the Empire for the first time in the 7th century AD (Sui dynasty). This led to a series of gigantic construction sites, creating the worldís largest and most extensive civil engineering project prior to the Industrial Revolution. It formed the backbone of the Empireís inland communication system, transporting grain and strategic raw materials, and supplying rice to feed the population. By the 13th century it consisted of more than 2,000†km of artificial waterways, linking five of Chinaís main river basins. It has played an important role in ensuring the countryís economic prosperity and stability and is still in use today as a major means of communication.</p>",,2014,2181,1443
China,Tusi Sites,Cultural,N,N,N,N,"<p>Located in the mountainous areas of south-west China, this property encompasses remains of several tribal domains whose chiefs were appointed by the central government as ëTusií, hereditary rulers from the 13<sup>th</sup> to the early 20<sup>th</sup>century. The Tusi system arose from the ethnic minoritiesí dynastic systems of government dating back to the 3<sup>rd</sup> century BCE. Its purpose was to unify national administration, while allowing ethnic minorities to retain their customs and way of life. The sites of Laosicheng, Tangya and Hailongtun Fortress that make up the site bear exceptional testimony to this form of governance, which derived from the Chinese civilization of the Yuan and Ming periods.</p>",,2015,2035,1474
China,Zuojiang Huashan Rock Art Cultural Landscape,Cultural,N,N,N,N,"<p>Located on the steep cliffs in the border regions of southwest China, these 38 sites of rock art illustrate the life and rituals of the Luoyue people. They date from the period around the 5th century BCE to the 2nd century CE. In a surrounding landscape of karst, rivers and plateaux, they depict ceremonies that have been interpreted as portraying the bronze drum culture once prevalent across southern China. This cultural landscape is the only remains of this culture today.</p>",,2016,2100,1508
China,Hubei Shennongjia,Natural,N,N,N,N,"<p>Located in Hubei Province, in central-eastern China, the site consists of two components: Shennongding/Badong to the west and Laojunshan to the east. It protects the largest primary forests remaining in Central China and provides habitat for many rare animal species, such as the Chinese Giant Salamander, the Golden or Sichuan Snub-nosed Monkey, the Clouded Leopard, Common Leopard and the Asian Black Bear. Hubei Shennongjia is one of three centres of biodiversity in China. The site features prominently in the history of botanical research and was the object of international plant collecting expeditions in the 19th†and 20th†centuries.†</p>",,2016,2101,1509
China,Qinghai Hoh Xil,Natural,N,N,N,N,"<p>Qinghai Hoh Xil, located in the north-eastern extremity of the Qinghai-Tibetan Plateau, is the largest and highest plateau in the world. This extensive area of alpine mountains and steppe systems is situated more than 4,500 m above sea level, where sub-zero average temperatures prevail all year-round. The siteís geographical and climatic conditions have nurtured a unique biodiversity. More than one third of the plant species, and all the herbivorous mammals are endemic to the plateau. The property secures the complete migratory route of the Tibetan antelope, one of the endangered large mammals that are endemic to the plateau.</p>",,2017,2141,1540
China,"Kulangsu, a Historic International Settlement",Cultural,N,N,N,N,"<p>Kulangsu is a tiny island located on the estuary of the Chiu-lung River, facing the city of Xiamen. With the opening of a commercial port at Xiamen in 1843, and the establishment of the island as an international settlement in 1903, this island off the southern coast of the Chinese empire suddenly became an important window for Sino-foreign exchanges. Kulangsu is an exceptional example of the cultural fusion that emerged from these exchanges, which remain legible in its urban fabric. There is a mixture of different architectural styles including Traditional Southern Fujian Style, Western Classical Revival Style and Veranda Colonial Style. The most exceptional testimony of the fusion of various stylistic influences is a new architectural movement, the Amoy Deco Style, which is a synthesis of the Modernist style of the early 20th century and Art Deco.</p>",,2017,2142,1541
Colombia,"Port, Fortresses and Group of Monuments, Cartagena",Cultural,N,N,Y,Y,"<p>Situated in a bay in the Caribbean Sea, Cartagena has the most extensive fortifications in South America. A system of zones divides the city into three neighbourhoods: San Pedro, with the cathedral and many Andalusian-style palaces; San Diego, where merchants and the middle class lived; and Gethsemani, the 'popular quarter'.</p>",,1984,319,285
Colombia,Los KatÌos National Park,Natural,N,N,N,N,"<p>Extending over 72,000 ha in north-western Colombia, Los Katios National Park comprises low hills, forests and humid plains. An exceptional biological diversity is found in the park, which is home to many threatened animal species, as well as many endemic plants.</p>",,1994,841,711
Colombia,Historic Centre of Santa Cruz de Mompox,Cultural,N,N,N,N,"<p>Founded in 1540 on the banks of the River Magdalena, Mompox played a key role in the Spanish colonization of northern South America. From the 16th to the 19th century the city developed parallel to the river, with the main street acting as a dyke. The historic centre has preserved the harmony and unity of the urban landscape. Most of the buildings are still used for their original purposes, providing an exceptional picture of what a Spanish colonial city was like.</p>",,1995,876,742
Colombia,National Archeological Park of Tierradentro,Cultural,N,N,N,N,"<p>Several monumental statues of human figures can be seen in the park, which also contains many hypogea dating from the 6th to the 10th century. These huge underground tombs (some burial chambers are up to 12 m wide) are decorated with motifs that reproduce the internal decor of homes of the period. They reveal the social complexity and cultural wealth of a pre-Hispanic society in the northern Andes.</p>",,1995,877,743
Colombia,San AgustÌn Archaeological Park,Cultural,N,N,N,N,"<p>The largest group of religious monuments and megalithic sculptures in South America stands in a wild, spectacular landscape. Gods and mythical animals are skilfully represented in styles ranging from abstract to realist. These works of art display the creativity and imagination of a northern Andean culture that flourished from the 1st to the 8th century.</p>",,1995,878,744
Colombia,Coffee Cultural Landscape of Colombia,Cultural,N,N,Y,Y,"<p>An exceptional example of a sustainable and productive cultural landscape that is unique and representative of a tradition that is a strong symbol for coffee growing areas worldwide - encompasses six farming landscapes, which include 18 urban centres on the foothills of the western and central ranges of the Cordillera de los Andes in the west of the country. It reflects a centennial tradition of coffee growing in small plots in the high forest and the way farmers have adapted cultivation to difficult mountain conditions. The urban areas, mainly situated on the relatively flat tops of hills above sloping coffee fields, are characterized by the architecture of the Antioquian colonization with Spanish influence. Building materials were, and remain in some areas, cob and pleated cane for the walls with clay tiles for the roofs.</p>",,2011,1787,1121
Colombia,Malpelo Fauna and Flora Sanctuary,Natural,N,N,N,N,"<p>Located some 506 km off the coast of Colombia, the site includes Malpelo island (350 ha) and the surrounding marine environment (857,150 ha). This vast marine park, the largest no-fishing zone in the Eastern Tropical Pacific, provides a critical habitat for internationally threatened marine species, and is a major source of nutrients resulting in large aggregations of marine biodiversity. It is in particular a ëreservoir' for sharks, giant grouper and billfish and is one of the few places in the world where sightings of the short-nosed ragged-toothed shark, a deepwater shark, have been confirmed. Widely recognized as one of the top diving sites in the world, due to the presence of steep walls and caves of outstanding natural beauty, these deep waters support important populations of large predators and pelagic species (e.g. aggregations of over 200 hammerhead sharks and over 1,000 silky sharks, whale sharks and tuna have been recorded) in an undisturbed environment where they maintain natural behavioural patterns.</p>",,2006,1393,1216
Costa Rica,Cocos Island National Park,Natural,N,N,N,N,"<p>Cocos Island National Park, located 550 km off the Pacific coast of Costa Rica, is the only island in the tropical eastern Pacific with a tropical rainforest. Its position as the first point of contact with the northern equatorial counter-current, and the myriad interactions between the island and the surrounding marine ecosystem, make the area an ideal laboratory for the study of biological processes. The underwater world of the national park has become famous due to the attraction it holds for divers, who rate it as one of the best places in the world to view large pelagic species such as sharks, rays, tuna and dolphins.</p>","<p>The Committee inscribed Cocos Island National Park under natural criteria (ix) and (x) because of the critical habitats the site provides for marine wildlife including large pelagic species, especially sharks.</p>",1997,969,820
Costa Rica,Area de ConservaciÛn Guanacaste,Natural,N,N,N,N,"<p>The Area de ConservaciÛn Guanacaste (inscribed in 1999), was extended with the addition of a 15,000 ha private property, St Elena. It contains important natural habitats for the conservation of biological diversity, including the best dry forest habitats from Central America to northern Mexico and key habitats for endangered or rare plant and animal species. The site demonstrates significant ecological processes in both its terrestrial and marine-coastal environments.</p>",,1999,1083,928
Costa Rica,Precolumbian Chiefdom Settlements with Stone Spheres of the DiquÌs,Cultural,N,N,N,N,"<p>The property includes four archaeological sites located in the Diqu&iacute;s Delta in southern Costa Rica, which are considered unique examples of the complex social, economic and political systems of the period AD&nbsp;500&ndash;1500. They contain artificial mounds, paved areas, burial sites and, most significantly, a collection of stone spheres, between 0.7&nbsp;m and 2.57&nbsp;m in diameter, whose meaning, use and production remain largely a mystery. The spheres are distinctive for their perfection, number, size and density, and placement in original locations. Their preservation from the looting that befell the vast majority of archaeological sites in Costa Rica has been attributed to the thick layers of sediment that kept them buried for centuries.</p>",,2014,1997,1453
CÙte d'Ivoire,TaÔ National Park,Natural,N,N,N,N,"<p>This park is one of the last major remnants of the primary tropical forest of West Africa. Its rich natural flora, and threatened mammal species such as the pygmy hippopotamus and 11 species of monkeys, are of great scientific interest.</p>",,1982,216,195
CÙte d'Ivoire,ComoÈ National Park,Natural,N,N,N,N,"<p>One of the largest protected areas in West Africa, this park is characterized by its great plant diversity. Due to the presence of the ComoÈ river, it contains plants which are normally only found much farther south, such as shrub savannahs and patches of thick rainforest.</p>",,1983,252,227
CÙte d'Ivoire,Historic Town of Grand-Bassam,Cultural,N,N,N,N,"<p>The first capital of C&ocirc;te d&rsquo;Ivoire, the Historic Town of Grand-Bassam, is an example of a late 19<sup>th</sup>- and early 20<sup>th</sup>-century colonial town planned with quarters specializing in commerce, administration, housing for Europeans and for Africans. The site includes the N&rsquo;zima African fishing village alongside colonial architecture marked by functional houses with galleries, verandas and gardens. Grand-Bassam was the most important port, economic and judicial centre of C&ocirc;te d&rsquo;Ivoire. It bears witness to the complex social relations between Europeans and Africans, and to the subsequent independence movement. As a vibrant centre of the territory of French trading posts in the Gulf of Guinea, which preceded modern C&ocirc;te d&rsquo;Ivoire, it attracted populations from all parts of Africa, Europe and the Mediterranean Levant.</p>",,2012,1919,1322
Croatia,Old City of Dubrovnik,Cultural,Y,Y,Y,Y,"<p>The 'Pearl of the Adriatic', situated on the Dalmatian coast, became an important Mediterranean sea power from the 13th century onwards. Although severely damaged by an earthquake in 1667, Dubrovnik managed to preserve its beautiful Gothic, Renaissance and Baroque churches, monasteries, palaces and fountains. Damaged again in the 1990s by armed conflict, it is now the focus of a major restoration programme co-ordinated by UNESCO.</p>",,1979,103,95
Croatia,Historical Complex of Split with the Palace of Diocletian,Cultural,N,N,Y,Y,"<p>The ruins of Diocletian's Palace, built between the late 3rd and the early 4th centuries A.D., can be found throughout the city. The cathedral was built in the Middle Ages, reusing materials from the ancient mausoleum. Twelfth- and 13th-century Romanesque churches, medieval fortifications, 15th-century Gothic palaces and other palaces in Renaissance and Baroque style make up the rest of the protected area.</p>",,1979,105,97
Croatia,Plitvice Lakes National Park,Natural,N,N,Y,Y,"<p>The waters flowing over the limestone and chalk have, over thousands of years, deposited travertine barriers, creating natural dams which in turn have created a series of beautiful lakes, caves and waterfalls. These geological processes continue today. The forests in the park are home to bears, wolves and many rare bird species.</p>",,1979,106,98
Croatia,Episcopal Complex of the Euphrasian Basilica in the Historic Centre of Pore?,Cultural,N,N,N,N,"<p>The group of religious monuments in Porec, where Christianity was established as early as the 4th century, constitutes the most complete surviving complex of its type. The basilica, atrium, baptistery and episcopal palace are outstanding examples of religious architecture, while the basilica itself combines classical and Byzantine elements in an exceptional manner.</p>","<p>The Committee decided to inscribe this property on the basis of criteria (ii), (iii) and (iv), considering that the Episcopal complex of the Euphrasian Basilica in the historic centre of Porec is an outstanding example of an early Christian episcopal ensemble that is exceptional by virtue of its completeness and its unique Basilican cathedral.</p>",1997,956,809
Croatia,Historic City of Trogir,Cultural,N,N,N,N,<p>Trogir is a remarkable example of urban continuity. The orthogonal street plan of this island settlement dates back to the Hellenistic period and it was embellished by successive rulers with many fine public and domestic buildings and fortifications. Its beautiful Romanesque churches are complemented by the outstanding Renaissance and Baroque buildings from the Venetian period.</p>,"<p>The Committee decided to inscribe this property on the basis of criteria (ii) and (iv), considering that Trogir is an excellent example of a medieval town built on and conforming with the layout of a Hellenistic and Roman city that has conserved its urban fabric to an exceptional degree and with the minimum of modern interventions, in which the trajectory of social and cultural development is clearly visible in every aspect of the townscape.</p>",1997,957,810
Croatia,The Cathedral of St James in äibenik,Cultural,N,N,N,N,"<p>The Cathedral of St James in &Scaron;ibenik (1431-1535), on the Dalmatian coast, bears witness to the considerable exchanges in the field of monumental arts between Northern Italy, Dalmatia and Tuscany in the 15th and 16th centuries. The three architects who succeeded one another in the construction of the Cathedral - Francesco di Giacomo, Georgius Mathei Dalmaticus and Niccol&ograve; di Giovanni Fiorentino - developed a structure built entirely from stone and using unique construction techniques for the vaulting and the dome of the Cathedral. The form and the decorative elements of the Cathedral, such as a remarkable frieze decorated with 71 sculptured faces of men, women, and children, also illustrate the successful fusion of Gothic and Renaissance art.</p>","<p><strong>Criterion (i):</strong> The structural characteristics of the Cathedral of St James in &Scaron;ibenik make it a unique and outstanding building in which Gothic and Renaissance forms have been successfully blended. Criterion ii The Cathedral of St James is the fruitful outcome of considerable interchanges of influences between the three culturally different regions of Northern Italy, Dalmatia, and Tuscany in the 15th and 16th centuries. These interchanges created the conditions for unique and outstanding solutions to the technical and structural problems of constructing the cathedral vaulting and dome. Criterion iv The Cathedral of St James in &Scaron;ibenik is a unique testimony to the transition from the Gothic to the Renaissance period in church architecture.</p>",2000,1127,963
Croatia,Stari Grad Plain,Cultural,N,N,N,N,"<p>Stari Grad Plain on the Adriatic island of Hvar is a cultural landscape that has remained practically intact since it was first colonized by Ionian Greeks from Paros in the 4th century BC. The original agricultural activity of this fertile plain, mainly centring on grapes and olives, has been maintained since Greek times to the present. The site is also a natural reserve. The landscape features ancient stone walls and trims, or small stone shelters, and bears testimony to the ancient geometrical system of land division used by the ancient Greeks, the chora which has remained virtually intact over 24 centuries.</p>",,2008,1484,1240
Cuba,Old Havana and its Fortification System,Cultural,N,N,Y,Y,"<p>Havana was founded in 1519 by the Spanish. By the 17th century, it had become one of the Caribbean's main centres for ship-building. Although it is today a sprawling metropolis of 2 million inhabitants, its old centre retains an interesting mix of Baroque and neoclassical monuments, and a homogeneous ensemble of private houses with arcades, balconies, wrought-iron gates and internal courtyards.</p>",,1982,225,204
Cuba,Trinidad and the Valley de los Ingenios,Cultural,N,N,Y,Y,"<p>Founded in the early 16th century in honour of the Holy Trinity, the city was a bridgehead for the conquest of the American continent. Its 18th- and 19th-century buildings, such as the Palacio Brunet and the Palacio Cantero, were built in its days of prosperity from the sugar trade.</p>",,1988,535,460
Cuba,Alejandro de Humboldt National Park,Natural,N,N,N,N,<p>Complex geology and varied topography have given rise to a diversity of ecosystems and species unmatched in the insular Caribbean and created one of the most biologically diverse tropical island sites on earth. Many of the underlying rocks are toxic to plants so species have had to adapt to survive in these hostile conditions. This unique process of evolution has resulted in the development of many new species and the park is one of the most important sites in the Western Hemisphere for the conservation of endemic flora. Endemism of vertebrates and invertebrates is also very high.</p>,"<p><em>Criterion (ix):</em> The size, altitudinal diversity, complex lithologies, and landform diversity of AHNP have resulted in a range of ecosystems and species unmatched in the Insular Caribbean. It was a Miocene-Pleistocene refuge site, particularly in the glacial eras, for the Caribbean biota. The fresh water rivers that flow off the peaks of the park are some of the largest in the insular Caribbean and because of this have high freshwater biological diversity. Because of the serpentine, peridotite, karst and pseudokarst geology of the region, AHNP is an excellent example of ongoing processes in the evolution of species and communities on underlying rocks that pose special challenges to plant survival.</p>

<p><em>Criterion (x):</em> AHNP contains the most important and significant natural habitats for in-situ conservation of terrestrial biological diversity in the entire insular Caribbean. It contains 16 of 28 plant formations defined for Cuba, the largest island in the Caribbean, which is a unique biogeographic province. It is one of the most important sites for conservation of endemic flora in the entire Western Hemisphere &ndash; nearly 70% of the 1,302 spermatophytes already described, of an estimated total of 1,800-2,000, are endemic to the park. AHNP is one of the most biologically diverse terrestrial tropical ecosystems in an island setting anywhere on earth. Endemism rates for vertebrates and invertebrates found in the park are also very high. Many of these are threatened because of their small range. Because of their uniqueness and the fact that they represent unique evolutionary processes, they are of outstanding universal value from the point of view of science and conservation.</p>",2001,989,839
Cuba,ViÒales Valley,Cultural,N,N,Y,Y,"<p>The Vi&ntilde;ales valley is encircled by mountains and its landscape is interspersed with dramatic rocky outcrops. Traditional techniques are still in use for agricultural production, particularly of tobacco. The quality of this cultural landscape is enhanced by the vernacular architecture of its farms and villages, where a rich multi-ethnic society survives, illustrating the cultural development of the islands of the Caribbean, and of Cuba.</p>","<p>Criterion (iv):The Vi&ntilde;ales valley is an outstanding karst landscape in which traditional methods of agriculture (notably tobacco growing) have survived unchanged for several centuries. The region also preserves a rich vernacular tradition in its architecture, its crafts, and its music.</p>",1999,991,840
Cuba,"San Pedro de la Roca Castle, Santiago de Cuba",Cultural,N,N,N,N,"<p>Commercial and political rivalries in the Caribbean region in the 17th century resulted in the construction of this massive series of fortifications on a rocky promontory, built to protect the important port of Santiago. This intricate complex of forts, magazines, bastions and batteries is the most complete, best-preserved example of Spanish-American military architecture, based on Italian and Renaissance design principles.</p>","<p>The Committee decided to inscribe this property on the basis of criteria (iv) and (v), considering that the Castle of San Pedro de la Roca and its associated defensive works are of exceptional value because they constitute the largest and most comprehensive example of the principles of Renaissance military engineering adapted to the requirements of European colonial powers in the Caribbean.</p>",1997,992,841
Cuba,Desembarco del Granma National Park,Natural,N,N,N,N,"<p>Desembarco del Granma National Park, with its uplifted marine terraces and associated ongoing development of karst topography and features, represents a globally significant example of geomorphologic and physiographic features and ongoing geological processes. The area, which is situated in and around Cabo Cruz in south-east Cuba, includes spectacular terraces and cliffs, as well as some of the most pristine and impressive coastal cliffs bordering the western Atlantic.</p>","<p>The uplifted marine terraces of the Desembarco del Granma National Park and associated ongoing development of karst topography and features, represent a globally significant example of geomorphologic and physiographic features and ongoing geological processes. The area includes spectacular stair-step terraces and cliffs and the ecosystems that have evolved on them, as well as some of the most pristine and impressive coastal cliffs bordering the Western Atlantic between the Canadian Maritimes and southern South America.</p>",1999,1041,889
Cuba,Archaeological Landscape of the First Coffee Plantations in the South-East of Cuba,Cultural,N,N,N,N,"<p>The remains of the 19th-century coffee plantations in the foothills of the Sierra Maestra are unique evidence of a pioneer form of agriculture in a difficult terrain. They throw considerable light on the economic, social, and technological history of the Caribbean and Latin American region.</p>","<p>Criterion iii The remains of the 19th and early 20th century coffee plantations in eastern Cuba are unique and eloquent testimony to a form of agricultural exploitation of virgin forest, the traces of which have disappeared elsewhere in the world. Criterion iv The production of coffee in eastern Cuba during the 19th and early 20th centuries resulted in the creation of a unique cultural landscape, illustrating a significant stage in the development of this form of agriculture.</p>",2000,1178,1008
Cuba,Urban Historic Centre of Cienfuegos ,Cultural,N,N,Y,Y,"<p>The colonial town of Cienfuegos was founded in 1819 in the Spanish territory but was initially settled by immigrants of French origin. It became a trading place for sugar cane, tobacco and coffee. Situated on the Caribbean coast of southern-central Cuba at the heart of the countryís sugar cane, mango, tobacco and coffee production area, the town first developed in the neoclassical style. It later became more eclectic but retained a harmonious overall townscape. Among buildings of particular interest are the Government Palace (City Hall), San Lorenzo School, the Bishopric, the Ferrer Palace, the former lyceum, and some residential houses. Cienfuegos is the first, and an outstanding example of an architectural ensemble representing the new ideas of modernity, hygiene and order in urban planning as developed in Latin America from the 19th century.</p>","<p><em>Criterion (ii): </em>The historic town of Cienfuegos exhibits an important interchange of influences based on the Spanish Enlightenment, and it is an outstanding early example of their implementation in urban planning in Latin America in the 19th century.</p>

<p><em>Criterion (iv): </em>Cienfuegos is the first and an outstanding example of an architectural ensemble representing the new ideas of modernity, hygiene and order, in urban planning as these developed in the Latin America from the 19th century.</p>",2005,1379,1202
Cuba,Historic Centre of Camag¸ey,Cultural,N,N,N,N,"<p>One of the first seven villages founded by the Spaniards in Cuba, Camag&uuml;ey played a prominent role as the urban centre of an inland territory dedicated to cattle breeding and the sugar industry. Settled in its current location in 1528, the town developed on the basis of an irregular urban pattern that contains a system of large and minor squares, serpentine streets, alleys and irregular urban blocks, highly exceptional for Latin American colonial towns located in plain territories. The 54 ha Historic Centre of Camag&uuml;ey constitutes an exceptional example of a traditional urban settlement relatively isolated from main trade routes. The Spanish colonizers followed medieval European influences in terms of urban layout and traditional construction techniques brought to the Americas by their masons and construction masters. The property reflects the influence of numerous styles through the ages: neoclassical, eclectic, Art Deco, Neo-colonial as well as some Art Nouveau and rationalism.</p>",,2008,1482,1270
Cyprus,Paphos,Cultural,Y,Y,Y,Y,"<p>Paphos has been inhabited since the Neolithic period. It was a centre of the cult of Aphrodite and of pre-Hellenic fertility deities. Aphrodite's legendary birthplace was on this island, where her temple was erected by the Myceneans in the 12th century B.C. The remains of villas, palaces, theatres, fortresses and tombs mean that the site is of exceptional architectural and historic value. The mosaics of Nea Paphos are among the most beautiful in the world.</p>",,1980,85,79
Cyprus,Painted Churches in the Troodos Region,Cultural,N,N,N,N,"<p>This region is characterized by one of the largest groups of churches and monasteries of the former Byzantine Empire. The complex of 10 monuments included on the World Heritage List, all richly decorated with murals, provides an overview of Byzantine and post-Byzantine painting in Cyprus. They range from small churches whose rural architectural style is in stark contrast to their highly refined decoration, to monasteries such as that of St John Lampadistis.</p>",,1985,401,351
Cyprus,Choirokoitia,Cultural,N,N,N,N,"<p>The Neolithic settlement of Choirokoitia, occupied from the 7th to the 4th millennium B.C., is one of the most important prehistoric sites in the eastern Mediterranean. Its remains and the finds from the excavations there have thrown much light on the evolution of human society in this key region. Since only part of the site has been excavated, it forms an exceptional archaeological reserve for future study.</p>","<p><em>Criterion (ii):</em> In the prehistoric period, Cyprus played a key role in the transmission of culture from the Near East to the European world. Criterion (iii): Choirokhoitia is an exceptionally well preserved archaeological site that has provided, and will continue to provide, scientific data of great importance relating to the spread of civilization from Asia to the Mediterranean world. Criterion (iv): Both the excavated remains and the untouched part of Choirokhoitia demonstrate clearly the origins of proto-urban settlement in the Mediterranean region and beyond.</p>",1998,1927,848
Czech Republic,Historic Centre of Prague,Cultural,Y,Y,Y,Y,"<p>Built between the 11th and 18th centuries, the Old Town, the Lesser Town and the New Town speak of the great architectural and cultural influence enjoyed by this city since the Middle Ages. The many magnificent monuments, such as Hradcani Castle, St Vitus Cathedral, Charles Bridge and numerous churches and palaces, built mostly in the 14th century under the Holy Roman Emperor, Charles IV.</p>",,1992,1928,616
Czech Republic,Historic Centre of ?esk˝ Krumlov,Cultural,N,N,N,N,"<p>Situated on the banks of the Vltava river, the town was built around a 13th-century castle with Gothic, Renaissance and Baroque elements. It is an outstanding example of a small central European medieval town whose architectural heritage has remained intact thanks to its peaceful evolution over more than five centuries.</p>",,1992,732,617
Czech Republic,Historic Centre of Tel?,Cultural,N,N,N,N,"<p>The houses in Telc, which stands on a hilltop, were originally built of wood. After a fire in the late 14th century, the town was rebuilt in stone, surrounded by walls and further strengthened by a network of artificial ponds. The town's Gothic castle was reconstructed in High Gothic style in the late 15th century.</p>",,1992,738,621
Czech Republic,Pilgrimage Church of St John of Nepomuk at Zelen· Hora,Cultural,N,N,N,N,"<p>This pilgrimage church, built in honour of St John of Nepomuk, stands at Zelen· Hora, not far from éd·r nad S·zavou in Moravia. Constructed at the beginning of the 18th century on a star-shaped plan, it is the most unusual work by the great architect Jan Blazej Santini, whose highly original style falls between neo-Gothic and Baroque.</p>",,1994,816,690
Czech Republic,Kutn· Hora: Historical Town Centre with the Church of St Barbara and the Cathedral of Our Lady at Sedlec,Cultural,N,N,Y,Y,"<p>Kutn· Hora developed as a result of the exploitation of the silver mines. In the 14th century it became a royal city endowed with monuments that symbolized its prosperity. The Church of St Barbara, a jewel of the late Gothic period, and the Cathedral of Our Lady at Sedlec, which was restored in line with the Baroque taste of the early 18th century, were to influence the architecture of central Europe. These masterpieces today form part of a well-preserved medieval urban fabric with some particularly fine private dwellings.</p>",,1995,865,732
Czech Republic,Lednice-Valtice Cultural Landscape,Cultural,N,N,N,N,"<p>Between the 17th and 20th centuries, the ruling dukes of Liechtenstein transformed their domains in southern Moravia into a striking landscape. It married Baroque architecture (mainly the work of Johann Bernhard Fischer von Erlach) and the classical and neo-Gothic style of the castles of Lednice and Valtice with countryside fashioned according to English romantic principles of landscape architecture. At 200 km<sup>2</sup> , it is one of the largest artificial landscapes in Europe.</p>","<p>The Committee decided to inscribe the nominated property on the basis of cultural criteria (i),(ii) and (iv) considering that the site is of outstanding universal value being a cultural landscape which is an exceptional example of the designed landscape that evolved in the Enlightenment and afterwards under the care of a single family. It succeeds in bringing together in harmony cultural monuments from successive periods and both indigenous and exotic natural elements to create an outstanding work of human creativity. The Committee decided to include criterion (i) to the proposed criteria since the ensemble is an outstanding example of human creativity.</p>",1996,899,763
Czech Republic,Holy Trinity Column in Olomouc,Cultural,N,N,N,N,"<p>This memorial column, erected in the early years of the 18th century, is the most outstanding example of a type of monument specific to central Europe. In the characteristic regional style known as Olomouc Baroque and rising to a height of 35 m, it is decorated with many fine religious sculptures, the work of the distinguished Moravian artist Ondrej Zahner.</p>","<p><em>Criterion (i):</em> The Olomouc Holy Trinity Column is one of the most exceptional examples of the apogee of central European Baroque artistic expression.</p>

<p><em>Criterion (iv):</em> The Holy Trinity Column constituted a unique material demonstration of religious faith in central Europe during the Baroque period, and the Olomouc example represents its most outstanding expression.</p>",2000,1010,859
Czech Republic,Gardens and Castle at Krom??Ìû,Cultural,N,N,N,N,"<p>Krom??Ìû†stands on the site of an earlier ford across the River Morava, at the foot of the Chriby mountain range which dominates the central part of Moravia. The gardens and castle of†Krom??Ìû are an exceptionally complete and well-preserved example of a European Baroque princely residence and its gardens.</p>","<p><em>Criterion (ii):</em> The ensemble at Krom??Ìû, and in particular the Pleasure Garden, played a significant role in the development of Baroque garden and palace design in central Europe.</p>

<p><em>Criterion (iv):</em> The Gardens and Castle at†Krom??Ìû are an exceptionally complete and well preserved example of a princely residence and its associated landscape of the 17th and 18th centuries.</p>",1998,1011,860
Czech Republic,Holaöovice Historic Village,Cultural,N,N,N,N,"<p>Holaöovice is an exceptionally complete and well-preserved example of a traditional central European village. It has a large number of outstanding 18th- and 19th-century vernacular buildings in a style known as 'South Bohemian folk Baroque', and preserves a ground plan dating from the Middle Ages.</p>","<p><em>Criterion (ii):</em> Holasovice is of special significance in that it represents the fusion of two vernacular building traditions to create an exceptional and enduring style, known as South Bohemian Folk Baroque.</p>

<p><em>Criterion (iv):</em> The exceptional completeness and excellent preservation of Holasovice and its buildings make it an outstanding example of traditional rural settlement in central Europe.</p>",1998,1012,861
Czech Republic,Litomyöl Castle,Cultural,N,N,N,N,"<p>Litomy&scaron;l Castle was originally a Renaissance arcade-castle of the type first developed in Italy and then adopted and greatly developed in central Europe in the 16th century. Its design and decoration are particularly fine, including the later High-Baroque features added in the 18th century. It preserves intact the range of ancillary buildings associated with an aristocratic residence of this type.</p>","<p><em>Criterion (ii):</em> Litomy&scaron;l Castle is an outstanding and immaculately preserved example of the arcade castle, a type of building first developed in Italy and modified in the Czech lands to create an evolved form of special architectural quality.</p>

<p><em>Criterion (iv):</em> Litomy&scaron;l Castle illustrates in an exceptional way the aristocratic residences of central Europe in the Renaissance and their subsequent development under the influence of new artistic movements.</p>",1999,1054,901
Czech Republic,Tugendhat Villa in Brno,Cultural,N,N,N,N,"<p>The Tugendhat Villa in Brno, designed by the architect Mies van der Rohe, is an outstanding example of the international style in the modern movement in architecture as it developed in Europe in the 1920s. Its particular value lies in the application of innovative spatial and aesthetic concepts that aim to satisfy new lifestyle needs by taking advantage of the opportunities afforded by modern industrial production.</p>","<p><em>Criterion (i):</em> The Tugendhat Villa is a masterpiece of the Modern Movement in architecture.</p>

<p><em>Criterion (ii):</em> The German architect Mies van der Rohe applied the radical new concepts of the Modern Movement triumphantly to the Tugendhat Villa to the design of residential buildings.</p>

<p><em>Criterion (iv):</em> Architecture was revolutionized by the Modern Movement in the 1920s and the work of Mies van der Rohe, epitomized by the Tugendhat Villa, played a major role in its worldwide diffusion and acceptance.</p>",2001,1226,1052
Czech Republic,Jewish Quarter and St Procopius' Basilica in T?ebÌ?,Cultural,N,N,N,N,"<p>The ensemble of the Jewish Quarter, the old Jewish cemetery and the Basilica of St Procopius in T?ebÌ? are reminders of the co-existence of Jewish and Christian cultures from the Middle Ages to the 20th century. The Jewish Quarter bears outstanding testimony to the different aspects of the life of this community. St Procopius' Basilica, built as part of the Benedictine monastery in the early 13th century, is a remarkable example of the influence of Western European architectural heritage in this region.</p>","<p><em>Criterion (ii):</em> The Jewish Quarter and St Procopius Basilica of Trebic bear witness to the coexistence of and interchange of values between two different cultures, Jewish and Christian, over many centuries.</p>

<p><em>Criterion (iii):</em> the Jewish Quarter of Trebic is an exceptional testimony to the cultural traditions related to the Jewish diaspora in central Europe.</p>",2003,1255,1078
Democratic People's Republic of Korea,Complex of Koguryo Tombs,Cultural,N,N,N,N,"<p>The property includes several group and individual tombs - totalling about 30 individual tombs - from the later period of the Koguryo Kingdom, one of the strongest kingdoms in nowadays northeast China and half of the Korean peninsula between the 3rd century BC to 7th century AD. The tombs, many with beautiful wall paintings, are almost the only remains of this culture. Only about 90 out of more than 10,000 Koguryo tombs discovered in China and Korea so far, have wall paintings. Almost half of these tombs are located on this site and they are thought to have been made for the burial of kings, members of the royal family and the aristocracy. These paintings offer a unique testimony to daily life of this period.</p>","<p><em>Criterion (i):</em> The wall paintings of the Koguryo Tombs are masterpieces of the culture and period of the Koguryo kingdom; the construction of the tombs demonstrates ingenious engineering solutions.</p>

<p><em>Criterion (ii):</em> The special burial customs of the Koguryo culture had an important influence on other cultures in the region, including those in Japan.</p>

<p><em>Criterion (iii):</em> The Koguryo Tombs are an exceptional testimony of the Koguryo culture, its burial customs as well as its daily life and beliefs.</p>

<p><em>Criterion (iv): </em>The complex of Koguryo Tombs is an important example of burial typology.</p>",2004,1269,1091
Democratic People's Republic of Korea,Historic Monuments and Sites in Kaesong,Cultural,N,N,N,N,"<p>Situated in Kaesong city, in the south of the country, the site consists of 12 separate components, which together testify to the history and culture of the Koryo Dynasty from the 10th to 14th centuries. The geomantic layout of the former capital city of Kaesong, its palaces, institutions and tomb complex, defensive walls and gates embody the political, cultural, philosophical and spiritual values of a crucial era in the region&rsquo;s history.&nbsp; The monuments inscribed also include an astronomical and meteorological observatory, two schools (including one dedicated to educating national officials) and commemorative steles. The site testifies to the transition from Buddhism to neo-Confucianism in East Asia and to the assimilation of the cultural spiritual and political values of the states that existed prior to Korea&rsquo;s unification under the Koryo Dynasty. The integration of Buddhist, Confucian, Taoist and geomantic concepts is manifest in the planning of the site and the architecture of its monuments.</p>",,2013,1878,1278
Democratic Republic of the Congo,Virunga National Park,Natural,N,N,N,N,"<p>Virunga National Park (covering an area of 790,000 ha) comprises an outstanding diversity of habitats, ranging from swamps and steppes to the snowfields of Rwenzori at an altitude of over 5,000 m, and from lava plains to the savannahs on the slopes of volcanoes. Mountain gorillas are found in the park, some 20,000 hippopotamuses live in the rivers and birds from Siberia spend the winter there.</p>",,1979,67,63
Democratic Republic of the Congo,Garamba National Park,Natural,N,N,N,N,"<p>The park's immense savannahs, grasslands and woodlands, interspersed with gallery forests along the river banks and the swampy depressions, are home to four large mammals: the elephant, giraffe, hippopotamus and above all the white rhinoceros. Though much larger than the black rhino, it is harmless; only some 30 individuals remain.</p>",,1980,149,136
Democratic Republic of the Congo,Kahuzi-Biega National Park,Natural,N,N,N,N,"<p>A vast area of primary tropical forest dominated by two spectacular extinct volcanoes, Kahuzi and Biega, the park has a diverse and abundant fauna. One of the last groups of eastern lowland (graueri) gorillas (consisting of only some 250 individuals) lives at between 2,100 and 2,400 m above sea-level.</p>",,1980,150,137
Democratic Republic of the Congo,Salonga National Park,Natural,N,N,N,N,"<p>Salonga National Park is Africa's largest tropical rainforest reserve. Situated at the heart of the central basin of the Congo river, the park is very isolated and accessible only by water. It is the habitat of many endemic endangered species, such as the dwarf chimpanzee, the Congo peacock, the forest elephant and the African slender-snouted or 'false' crocodile.</p>",,1984,314,280
Democratic Republic of the Congo,Okapi Wildlife Reserve,Natural,N,N,N,N,"<p>The Okapi Wildlife Reserve occupies about one-fifth of the Ituri forest in the north-east of the Democratic Republic of the Congo. The Congo river basin, of which the reserve and forest are a part, is one of the largest drainage systems in Africa. The reserve contains threatened species of primates and birds and about 5,000 of the estimated 30,000 okapi surviving in the wild. It also has some dramatic scenery, including waterfalls on the Ituri and Epulu rivers. The reserve is inhabited by traditional nomadic pygmy Mbuti and Efe hunters.</p>","<p>The Committee inscribed the property as one of the most important sites for conservation, including the rare Okapi and rich floral diversity, under natural <em>criterion (x)</em>. The Committee expressed its hope that the activities outlined in the new management plan would ensure the integrity of the site. Considering the civil unrest in the country, the question of the long-term security of the site was raised.</p>",1996,849,718
Denmark,Roskilde Cathedral,Cultural,N,N,N,N,"<p>Built in the 12th and 13th centuries, this was Scandinavia's first Gothic cathedral to be built of brick and it encouraged the spread of this style throughout northern Europe. It has been the mausoleum of the Danish royal family since the 15th century. Porches and side chapels were added up to the end of the 19th century. Thus it provides a clear overview of the development of European religious architecture.</p>",,1995,822,695
Denmark,Kronborg Castle,Cultural,N,N,N,N,"<p>Located on a strategically important site commanding the Sund, the stretch of water between Denmark and Sweden, the Royal castle of Kronborg at Helsing&oslash;r (Elsinore) is of immense symbolic value to the Danish people and played a key role in the history of northern Europe in the 16th-18th centuries. Work began on the construction of this outstanding Renaissance castle in 1574, and its defences were reinforced according to the canons of the period's military architecture in the late 17th century. It has remained intact to the present day. It is world-renowned as Elsinore, the setting of Shakespeare's Hamlet.</p>","<p><em>Criterion (iv):</em> Kronborg Castle is an outstanding example of the Renaissance castle, and one which played a highly significant role in the history of this region of northern Europe.</p>",2000,824,696
Denmark,"Jelling Mounds, Runic Stones and Church",Cultural,N,N,N,N,"<p>The Jelling burial mounds and one of the runic stones are striking examples of pagan Nordic culture, while the other runic stone and the church illustrate the Christianization of the Danish people towards the middle of the 10th century.</p>",,1994,825,697
Denmark,Ilulissat Icefjord,Natural,N,N,Y,Y,"<p>Located on the west coast of Greenland, 250 km north of the Arctic Circle, Greenland&rsquo;s Ilulissat Icefjord (40,240 ha) is the sea mouth of Sermeq Kujalleq, one of the few glaciers through which the Greenland ice cap reaches the sea. Sermeq Kujalleq is one of the fastest (19 m per day) and most active glaciers in the world. It annually calves over 35 km3 of ice, i.e. 10% of the production of all Greenland calf ice and more than any other glacier outside Antarctica. Studied for over 250 years, it has helped to develop our understanding of climate change and icecap glaciology. The combination of a huge ice-sheet and the dramatic sounds of a fast-moving glacial ice-stream calving into a fjord covered by icebergs makes for a dramatic and awe-inspiring natural phenomenon.</p>","<p><em>Criterion (viii):</em> The Ilulissat Icefjord is an outstanding example of a stage in the Earth&rsquo;s history: the last ice age of the Quaternary Period. The ice-stream is one of the fastest (19m per day) and most active in the world. Its annual calving of over 35 cu. km of ice accounts for 10% of the production of all Greenland calf ice, more than any other glacier outside Antarctica. The glacier has been the object of scientific attention for 250 years and, along with its relative ease of accessibility, has significantly added to the understanding of ice-cap glaciology, climate change and related geomorphic processes.</p>

<p><em>Criterion (vii):</em> The combination of a huge ice sheet and a fast moving glacial ice-stream calving into a fjord covered by icebergs is a phenomenon only seen in Greenland and Antarctica. Ilulissat offers both scientists and visitors easy access for close view of the calving glacier front as it cascades down from the ice sheet and into the ice-choked fjord. The wild and highly scenic combination of rock, ice and sea, along with the dramatic sounds produced by the moving ice, combine to present a memorable natural spectacle.</p>",2004,1330,1149
Denmark,Stevns Klint,Natural,N,N,N,N,"<p>This geological site comprises a 15†km-long fossil-rich coastal cliff, offering exceptional evidence of the impact of the Chicxulub meteorite that crashed into the planet at the end of the Cretaceous, about 65†million years ago. Researchers think that this caused the most remarkable mass extinction ever, responsible for the disappearance of over 50†per cent of all life on Earth. The site harbours a record of the cloud of ash formed by the impact of the meteorite ñ the exact site being at the bottom of the ocean off the coast of Mexicoís Yucat·n Peninsula. An exceptional fossil record is visible at the site, showing the complete succession of fauna and micro-fauna charting the recovery after the mass extinction.</p>",,2014,1973,1416
Denmark,"Christiansfeld, a Moravian Church Settlement",Cultural,N,N,N,N,"<p>Founded in 1773 in South Jutland, the site is an example of a planned settlement of the Moravian Church, a Lutheran free congregation centred in Herrnhut, Saxony. The town was planned to represent the Protestant urban ideal, constructed around a central Church square. The architecture is homogenous and unadorned, with one and two-storey buildings in yellow brick with red tile roofs. The democratic organization of the Moravian Church, with its pioneering egalitarian philosophy, is expressed in its humanistic town planning. The settlementís plan opens onto agricultural land and includes important buildings for the common welfare such as large communal houses for the congregationís widows and unmarried men and women. The buildings are still in use and many are still owned by the local Moravian Church community .</p>",,2015,2029,1468
Denmark,The par force hunting landscape in North Zealand,Cultural,N,N,N,N,"<p>Located about 30 km northeast of Copenhagen, this cultural landscape encompasses the two hunting forests of Store Dyrehave and Gribskov, as well as the hunting park of JÊgersborg Hegn/JÊgersborg Dyrehave. This is a designed landscape where Danish kings and their court practiced†par force hunting, or hunting with hounds, which reached its peak between the 17th and the late 18th centuries, when the absloute monarchs transformed it into a landscape of power. With hunting lanes laid out in a star system, combined with an orthogonal grid pattern, numbered stone posts, fences†and a hunting lodge, the site demonstrates the application of Baroque landscaping principles to forested areas.</p>",,2015,2030,1469
Denmark,Kujataa Greenland: Norse and Inuit Farming at the Edge of the Ice Cap,Cultural,N,N,N,N,"<p>Kujataa is a sub-arctic farming landscape located in the southern region of Greenland. It bears witness to the cultural histories of the Norse hunters-gatherers who started arriving from Iceland in the 10<sup>th</sup><span>†</span>century and of the Norse farmers, Inuit hunters and Inuit farming communities that developed from the end of the 18<sup>th</sup>century. Despite their differences, the two cultures, European Norse and Inuit, created a cultural landscape based on farming, grazing and marine mammal hunting The landscape represents the earliest introduction of farming to the Arctic, and the Norse expansion of settlement beyond Europe.†</p>",,2017,2154,1536
Dominica,Morne Trois Pitons National Park,Natural,N,N,N,N,"<p>Luxuriant natural tropical forest blends with scenic volcanic features of great scientific interest in this national park centred on the 1,342-m-high volcano known as Morne Trois Pitons. With its precipitous slopes and deeply incised valleys, 50 fumaroles, hot springs, three freshwater lakes, a 'boiling lake' and five volcanoes, located on the park's nearly 7,000 ha, together with the richest biodiversity in the Lesser Antilles, Morne Trois Pitons National Park presents a rare combination of natural features of World Heritage value.</p>","<p>The Committee inscribed the Morne Trois Pitons National Park on the basis of natural <em>criteria (viii)</em> and <em>(x)</em> for its diverse flora with endemic species of vascular plants, its volcanoes, rivers and waterfalls, illustrating ongoing geo-morphological processes with high scenic value.</p>",1997,962,814
Dominican Republic,Colonial City of Santo Domingo,Cultural,N,N,N,N,"<p>After Christopher Columbus's arrival on the island in 1492, Santo Domingo became the site of the first cathedral, hospital, customs house and university in the Americas. This colonial town, founded in 1498, was laid out on a grid pattern that became the model for almost all town planners in the New World.</p>",,1990,615,526
Ecuador,Gal·pagos Islands,Natural,Y,Y,N,N,"<p>Situated in the Pacific Ocean some 1,000 km from the South American continent, these 19 islands and the surrounding marine reserve have been called a unique ëliving museum and showcase of evolutioní. Located at the confluence of three ocean currents, the Gal·pagos are a ëmelting potí of marine species. Ongoing seismic and volcanic activity reflects the processes that formed the islands. These processes, together with the extreme isolation of the islands, led to the development of unusual animal life ñ such as the land iguana, the giant tortoise and the many types of finch ñ that inspired Charles Darwinís theory of evolution by natural selection following his visit in 1835.</p>",,1978,4,1
Ecuador,City of Quito,Cultural,Y,Y,N,N,"<p>Quito, the capital of Ecuador, was founded in the 16th century on the ruins of an Inca city and stands at an altitude of 2,850 m. Despite the 1917 earthquake, the city has the best-preserved, least altered historic centre in Latin America. The monasteries of San Francisco and Santo Domingo, and the Church and Jesuit College of La CompaÒÌa, with their rich interiors, are pure examples of the 'Baroque school of Quito', which is a fusion of Spanish, Italian, Moorish, Flemish and indigenous art.</p>",,1978,5,2
Ecuador,Sangay National Park,Natural,N,N,N,N,"<p>With its outstanding natural beauty and two active volcanoes, the park illustrates the entire spectrum of ecosystems, ranging from tropical rainforests to glaciers, with striking contrasts between the snowcapped peaks and the forests of the plains. Its isolation has encouraged the survival of indigenous species such as the mountain tapir and the Andean condor.</p>",,1983,290,260
Ecuador,Historic Centre of Santa Ana de los RÌos de Cuenca,Cultural,N,N,N,N,"<p>Santa Ana de los R&iacute;os de Cuenca is set in a valley surrounded by the Andean mountains in the south of Ecuador. This inland colonial town (<em>entroterra</em> ), now the country's third city, was founded in 1557 on the rigorous planning guidelines issued 30 years earlier by the Spanish king Charles V. Cuenca still observes the formal orthogonal town plan that it has respected for 400 years. One of the region's agricultural and administrative centres, it has been a melting pot for local and immigrant populations. Cuenca's architecture, much of which dates from the 18th century, was 'modernized' in the economic prosperity of the 19th century as the city became a major exporter of quinine, straw hats and other products.</p>",<p>Criterion (ii): Cuenca illustrates the successful implantation of the principles of Renaissance urban planning in the Americas. Criterion (iv): The successful fusion of different societies and cultures in Latin America is vividly symbolized by the layout and townscape of Cuenca. Criterion (v): Cuenca is an outstanding example of a planned inland Spanish colonial city.</p>,1999,1014,863
Egypt,Memphis and its Necropolis ñ the Pyramid Fields from Giza to Dahshur,Cultural,Y,Y,Y,Y,"<p>The capital of the Old Kingdom of Egypt has some extraordinary funerary monuments, including rock tombs, ornate mastabas, temples and pyramids. In ancient times, the site was considered one of the Seven Wonders of the World.</p>",,1979,92,86
Egypt,Ancient Thebes with its Necropolis,Cultural,Y,Y,N,N,"<p>Thebes, the city of the god Amon, was the capital of Egypt during the period of the Middle and New Kingdoms. With the temples and palaces at Karnak and Luxor, and the necropolises of the Valley of the Kings and the Valley of the Queens, Thebes is a striking testimony to Egyptian civilization at its height.</p>",,1979,93,87
Egypt,Nubian Monuments from Abu Simbel to Philae,Cultural,Y,Y,N,N,"<p>This outstanding archaeological area contains such magnificent monuments as the Temples of Ramses II at Abu Simbel and the Sanctuary of Isis at Philae, which were saved from the rising waters of the Nile thanks to the International Campaign launched by UNESCO, in 1960 to 1980.</p>",,1979,94,88
Egypt,Historic Cairo,Cultural,Y,Y,Y,N,"<p>Tucked away amid the modern urban area of Cairo lies one of the world's oldest Islamic cities, with its famous mosques, <em>madrasas, hammams</em> and fountains. Founded in the 10th century, it became the new centre of the Islamic world, reaching its golden age in the 14th century.</p>",,1979,95,89
Egypt,Abu Mena,Cultural,N,N,N,N,"<p>The church, baptistry, basilicas, public buildings, streets, monasteries, houses and workshops in this early Christian holy city were built over the tomb of the martyr Menas of Alexandria, who died in A.D. 296.</p>",,1979,96,90
Egypt,Saint Catherine Area,Cultural,N,N,N,N,"<p>The Orthodox Monastery of St Catherine stands at the foot of Mount Horeb where, the Old Testament records, Moses received the Tablets of the Law. The mountain is known and revered by Muslims as Jebel Musa. The entire area is sacred to three world religions: Christianity, Islam, and Judaism. The Monastery, founded in the 6th century, is the oldest Christian monastery still in use for its initial function. Its walls and buildings of great significace to studies of Byzantine architecture and the Monastery houses outstanding collections of early Christian manuscripts and icons. The rugged mountainous landscape, containing numerous archaeological and religious sites and monuments, forms a perfect backdrop to the Monastery.</p>","<p><em>Criterion (i):</em> The architecture of St Catherine's Monastery, the artistic treasures that it houses, and its domestic integration into a rugged landscape combine to make it an outstanding example of human creative genius.</p>

<p><em>Criterion (iii):</em> St Catherine's Monastery is one of the very early outstanding examples in Eastern tradition of a Christian monastic settlement located in a remote area. It demonstrates an intimate relationship between natural grandeur and spiritual commitment.</p>

<p><em>Criterion (iv):</em> Ascetic monasticism in remote areas prevailed in the early Christian church and resulted in the establishment of monastic communities in remote places. St Catherine's Monastery is one of the earliest of these and the oldest to have survived intact, being used for its initial function without interruption since the 6th century.</p>

<p><em>Criterion (vi):</em> The St Catherine&rsquo;s area, centred on the holy mountain of Mount Sina&iuml; (Jebel Musa, Mount Horeb), like the Old City of Jerusalem, is sacred to three world religions: Christianity, Islam, and Judaism.</p>",2002,1116,954
Egypt,Wadi Al-Hitan (Whale Valley),Natural,N,N,N,N,"<p>Wadi Al-Hitan, Whale Valley, in the Western Desert of Egypt, contains invaluable fossil remains of the earliest, and now extinct, suborder of whales, Archaeoceti. These fossils represent one of the major stories of evolution: the emergence of the whale as an ocean-going mammal from a previous life as a land-based animal. This is the most important site in the world for the demonstration of this stage of evolution. It portrays vividly the form and life of these whales during their transition. The number, concentration and quality of such fossils here is unique, as is their accessibility and setting in an attractive and protected landscape. The fossils of Al-Hitan show the youngest archaeocetes, in the last stages of losing their hind limbs. Other fossil material in the site makes it possible to reconstruct the surrounding environmental and ecological conditions of the time.</p>","<p><em>Criterion (viii): </em>Wadi Al-Hitan is the most important site in the world to demonstrate one of the iconic changes that make up the record of life on Earth: the evolution of the whales. It portrays vividly their form and mode of life during their transition from land animals to a marine existence. It exceeds the values of other comparable sites in terms of the number, concentration and quality of its fossils, and their accessibility and setting in an attractive and protected landscape. It accords with key principles of the IUCN study on fossil World Heritage Sites, and represents significant values that are currently absent from the World Heritage List.</p>",2005,1363,1186
El Salvador,Joya de CerÈn Archaeological Site,Cultural,N,N,N,N,"<p>Joya de Cer&eacute;n was a pre-Hispanic farming community that, like Pompeii and Herculaneum in Italy, was buried under an eruption of the Laguna Caldera volcano c. AD 600. Because of the exceptional condition of the remains, they provide an insight into the daily lives of the Central American populations who worked the land at that time.</p>",,1993,799,675
Eritrea,Asmara: a Modernist City of Africa,Cultural,N,N,N,N,"<p>Located at over 2000 metres above sea level, the capital of Eritrea developed from the 1890ís onwards as a military outpost for the Italian colonial power. After 1935, Asmara underwent a large scale programme of construction applying the Italian rationalist idiom of the time to governmental edifices, residential and commercial buildings, churches, mosques, synagogues, cinemas, hotels, etc. The property encompasses the area of the city that resulted from various phases of planning between 1893 and 1941, as well as the indigenous unplanned neighbourhoods of Arbate Asmera and Abbashawel. It is an exceptional example of early modernist urbanism at the beginning of the 20<sup>th</sup><span>†</span>century and its application in an African context.</p>",,2017,2131,1550
Estonia,Historic Centre (Old Town) of Tallinn,Cultural,Y,Y,Y,Y,"<p>The origins of Tallinn date back to the 13th century, when a castle was built there by the crusading knights of the Teutonic Order. It developed as a major centre of the Hanseatic League, and its wealth is demonstrated by the opulence of the public buildings (the churches in particular) and the domestic architecture of the merchants' houses, which have survived to a remarkable degree despite the ravages of fire and war in the intervening centuries.</p>","<p>The Committee decided to inscribe this property on the basis of <em>criteria (ii) and (iv)</em>, considering that Tallinn is an outstanding and exceptionally complete and well preserved example of a medieval northern European trading city that retains the salient features of this unique form of economic and social community to a remarkable degree.</p>",1997,1626,822
Ethiopia,Simien National Park,Natural,N,N,Y,Y,"<p>Massive erosion over the years on the Ethiopian plateau has created one of the most spectacular landscapes in the world, with jagged mountain peaks, deep valleys and sharp precipices dropping some 1,500 m. The park is home to some extremely rare animals such as the Gelada baboon, the Simien fox and the Walia ibex, a goat found nowhere else in the world.</p>",,1978,12,9
Ethiopia,Lower Valley of the Awash,Cultural,N,N,N,N,"<p>The Awash valley contains one of the most important groupings of palaeontological sites on the African continent. The remains found at the site, the oldest of which date back at least 4 million years, provide evidence of human evolution which has modified our conception of the history of humankind. The most spectacular discovery came in 1974, when 52 fragments of a skeleton enabled the famous Lucy to be reconstructed.</p>",,1980,13,10
Ethiopia,Tiya,Cultural,N,N,N,N,"<p>Tiya is among the most important of the roughly 160 archaeological sites discovered so far in the Soddo region, south of Addis Ababa. The site contains 36 monuments, including 32 carved stelae covered with symbols, most of which are difficult to decipher. They are the remains of an ancient Ethiopian culture whose age has not yet been precisely determined.</p>",,1980,15,12
Ethiopia,Aksum,Cultural,N,N,Y,Y,"<p>The ruins of the ancient city of Aksum are found close to Ethiopia's northern border. They mark the location of the heart of ancient Ethiopia, when the Kingdom of Aksum was the most powerful state between the Eastern Roman Empire and Persia. The massive ruins, dating from between the 1st and the 13th century A.D., include monolithic obelisks, giant stelae, royal tombs and the ruins of ancient castles. Long after its political decline in the 10th century, Ethiopian emperors continued to be crowned in Aksum.</p>",,1980,18,15
Ethiopia,Lower Valley of the Omo,Cultural,N,N,N,N,"<p>A prehistoric site near Lake Turkana, the lower valley of the Omo is renowned the world over. The discovery of many fossils there, especially <em>Homo gracilis</em>, has been of fundamental importance in the study of human evolution.</p>",,1980,20,17
Ethiopia,"Rock-Hewn Churches, Lalibela",Cultural,N,N,Y,Y,"<p>The 11 medieval monolithic cave churches of this 13th-century 'New Jerusalem' are situated in a mountainous region in the heart of Ethiopia near a traditional village with circular-shaped dwellings. Lalibela is a high place of Ethiopian Christianity, still today a place of pilmigrage and devotion.</p>",,1978,21,18
Ethiopia,"Fasil Ghebbi, Gondar Region",Cultural,N,N,Y,Y,"<p>In the 16th and 17th centuries, the fortress-city of Fasil Ghebbi was the residence of the Ethiopian emperor Fasilides and his successors. Surrounded by a 900-m-long wall, the city contains palaces, churches, monasteries and unique public and private buildings marked by Hindu and Arab influences, subsequently transformed by the Baroque style brought to Gondar by the Jesuit missionaries.</p>",,1979,22,19
Ethiopia,"Harar Jugol, the Fortified Historic Town",Cultural,N,N,Y,Y,"<p>The fortified historic town of Harar is located in the eastern part of the country on a plateau with deep gorges surrounded by deserts and savannah. The walls surrounding this sacred Muslim city were built between the 13th and 16th centuries. Harar Jugol, said to be the fourth holiest city of Islam, numbers 82 mosques, three of which date from the 10th century, and 102 shrines, but the townhouses with their exceptional interior design constitute the most spectacular part of Harar's cultural heritage. The impact of African and Islamic traditions on the development of the town's building types and urban layout make for its particular character and uniqueness.</p>",,2006,1452,1189
Ethiopia,Konso Cultural Landscape,Cultural,N,N,N,N,"<p>Konso Cultural Landscape is a 55km2 arid property of stone walled terraces and fortified settlements in the Konso highlands of Ethiopia. It constitutes a spectacular example of a living cultural tradition stretching back 21 generations (more than 400 years) adapted to its dry hostile environment. The landscape demonstrates the shared values, social cohesion and engineering knowledge of its communities. The site also features anthropomorphic wooden statues - grouped to represent respected members of their communities and particularly heroic events - which are an exceptional living testimony to funerary traditions that are on the verge of disappearing. Stone steles in the towns express a complex system of marking the passing of generations of leaders.</p>",,2011,1846,1333
Fiji,Levuka Historical Port Town,Cultural,N,N,N,N,"<p>The town and its low line of buildings set among coconut and mango trees along the beach front was the first colonial capital of Fiji, ceded to the British in 1874. It developed from the early 19th century as a centre of commercial activity by Americans and Europeans who built warehouses, stores, port facilities, residences, and religious, educational and social institutions around the villages of the South Pacific island&rsquo;s indigenous population. It is a rare example of a late colonial port town that was influenced in its development by the indigenous community which continued to outnumber the European settlers. Thus the town, an outstanding example of late 19th century Pacific port settlements, reflects the integration of local building traditions by a supreme naval power, leading to the emergence of a unique landscape.</p>",,2013,1886,1399
Finland,Bronze Age Burial Site of Sammallahdenm‰ki,Cultural,N,N,N,N,"<p>This Bronze Age burial site features more than 30 granite burial cairns, providing a unique insight into the funerary practices and social and religious structures of northern Europe more than three millennia ago.</p>","<p><em>Criterion (iii):</em> The Sammallahdenm&auml;ki cairn cemetery bears exceptional witness to the society of the Bronze Age of Scandinavia.</p>

<p><em>Criterion (iv):</em> The Sammallahdenm&auml;ki cemetery is an outstanding example of Bronze Age funerary practices in Scandinavia.</p>",1999,686,579
Finland,Old Rauma,Cultural,N,N,N,N,"<p>Situated on the Gulf of Botnia, Rauma is one of the oldest harbours in Finland. Built around a Franciscan monastery, where the mid-15th-century Holy Cross Church still stands, it is an outstanding example of an old Nordic city constructed in wood. Although ravaged by fire in the late 17th century, it has preserved its ancient vernacular architectural heritage.</p>",,1991,1718,582
Finland,Fortress of Suomenlinna,Cultural,Y,Y,Y,Y,"<p>Built in the second half of the 18th century by Sweden on a group of islands located at the entrance of Helsinki's harbour, this fortress is an especially interesting example of European military architecture of the time.</p>",,1991,690,583
Finland,Pet‰j‰vesi Old Church,Cultural,N,N,N,N,"<p>Pet&auml;j&auml;vesi Old Church, in central Finland, was built of logs between 1763 and 1765. This Lutheran country church is a typical example of an architectural tradition that is unique to eastern Scandinavia. It combines the Renaissance conception of a centrally planned church with older forms deriving from Gothic groin vaults.</p>",,1994,691,584
Finland,Verla Groundwood and Board Mill,Cultural,N,N,N,N,"<p>The Verla groundwood and board mill and its associated residential area is an outstanding, remarkably well-preserved example of the small-scale rural industrial settlements associated with pulp, paper and board production that flourished in northern Europe and North America in the 19th and early 20th centuries. Only a handful of such settlements survive to the present day.</p>","<p>The Committee decided to inscribe the nominated property on the basis of cultural <em>criterion (iv)</em> considering that the Groundwood and Board Mill and its associated habitation is an outstanding and remarkably well preserved example of the small-scale rural industrial settlement associated with pulp, paper, and board production that flourished in northern Europe and North America in the 19th and early 20th centuries, of which only a handful survives to the present day.</p>",1996,885,751
France,Mont-Saint-Michel and its Bay,Cultural,Y,Y,Y,N,"<p>Perched on a rocky islet in the midst of vast sandbanks exposed to powerful tides between Normandy and Brittany stand the 'Wonder of the West', a Gothic-style Benedictine abbey dedicated to the archangel St Michael, and the village that grew up in the shadow of its great walls. Built between the 11th and 16th centuries, the abbey is a technical and artistic <em>tour de force</em>, having had to adapt to the problems posed by this unique natural site.</p>",,1979,1569,80
France,Chartres Cathedral,Cultural,N,N,N,N,"<p>Partly built starting in 1145, and then reconstructed over a 26-year period after the fire of 1194, Chartres Cathedral marks the high point of French Gothic art. The vast nave, in pure ogival style, the porches adorned with fine sculptures from the middle of the 12th century, and the magnificent 12th- and 13th-century stained-glass windows, all in remarkable condition, combine to make it a masterpiece.</p>",,1979,1719,81
France,Palace and Park of Versailles,Cultural,Y,Y,N,N,"<p>The Palace of Versailles was the principal residence of the French kings from the time of Louis XIV to Louis XVI. Embellished by several generations of architects, sculptors, decorators and landscape architects, it provided Europe with a model of the ideal royal residence for over a century.</p>",,1979,1571,83
France,"VÈzelay, Church and Hill",Cultural,N,N,N,N,"<p>Shortly after its foundation in the 9th century, the Benedictine abbey of V&eacute;zelay acquired the relics of St Mary Magdalene and since then it has been an important place of pilgrimage. St Bernard preached the Second Crusade there in 1146 and Richard the Lion-Hearted and Philip II Augustus met there to leave for the Third Crusade in 1190. With its sculpted capitals and portal, the Madeleine of V&eacute;zelay &ndash; a 12th-century monastic church &ndash; is a masterpiece of Burgundian Romanesque art and architecture.</p>",,1979,1572,84
France,Prehistoric Sites and Decorated Caves of the VÈzËre Valley,Cultural,N,N,N,N,"<p>The VÈzËre valley contains 147 prehistoric sites dating from the Palaeolithic and 25 decorated caves. It is particularly interesting from an ethnological and anthropological, as well as an aesthetic point of view because of its cave paintings, especially those of the Lascaux Cave, whose discovery in 1940 was of great importance for the history of prehistoric art. The hunting scenes show some 100 animal figures, which are remarkable for their detail, rich colours and lifelike quality.</p>",,1979,91,85
France,Palace and Park of Fontainebleau,Cultural,N,N,N,N,"<p>Used by the kings of France from the 12th century, the medieval royal hunting lodge of Fontainebleau, standing at the heart of a vast forest in the Ile-de-France, was transformed, enlarged and embellished in the 16th century by Fran&ccedil;ois I, who wanted to make a 'New Rome' of it. Surrounded by an immense park, the Italianate palace combines Renaissance and French artistic traditions.</p>",,1981,178,160
France,Amiens Cathedral,Cultural,N,N,N,N,"<p>Amiens Cathedral, in the heart of Picardy, is one of the largest 'classic' Gothic churches of the 13th century. It is notable for the coherence of its plan, the beauty of its three-tier interior elevation and the particularly fine display of sculptures on the principal facade and in the south transept.</p>",,1981,1951,162
France,"Roman Theatre and its Surroundings and the ""Triumphal Arch"" of Orange",Cultural,N,N,N,N,"<p>Situated in the Rhone valley, the ancient theatre of Orange, with its 103-m-long facade, is one of the best preserved of all the great Roman theatres. Built between A.D. 10 and 25, the Roman arch is one of the most beautiful and interesting surviving examples of a provincial triumphal arch from the reign of Augustus. It is decorated with low reliefs commemorating the establishment of the Pax Romana.</p>",,1981,1568,163
France,"Arles, Roman and Romanesque Monuments",Cultural,Y,Y,N,N,"<p>Arles is a good example of the adaptation of an ancient city to medieval European civilization. It has some impressive Roman monuments, of which the earliest ñ the arena, the Roman theatre and the cryptoporticus (subterranean galleries) ñ date back to the 1st century B.C. During the 4th century Arles experienced a second golden age, as attested by the baths of Constantine and the necropolis of Alyscamps. In the 11th and 12th centuries, Arles once again became one of the most attractive cities in the Mediterranean. Within the city walls, Saint-Trophime, with its cloister, is one of Provence's major Romanesque monuments.</p>",,1981,182,164
France,Cistercian Abbey of Fontenay,Cultural,N,N,N,N,"<p>This stark Burgundian monastery was founded by St Bernard in 1119. With its church, cloister, refectory, sleeping quarters, bakery and ironworks, it is an excellent illustration of the ideal of self-sufficiency as practised by the earliest communities of Cistercian monks.</p>",,1981,1565,165
France,"From the Great Saltworks of Salins-les-Bains to the Royal Saltworks of Arc-et-Senans, the Production of Open-pan Salt ",Cultural,N,N,N,N,"<p>The Royal Saltworks of Arc-et-Senans, near Besan&ccedil;on, was built by Claude Nicolas Ledoux. Its construction, begun in 1775 during the reign of Louis XVI, was the first major achievement of industrial architecture, reflecting the ideal of progress of the Enlightenment. The vast, semicircular complex was designed to permit a rational and hierarchical organization of work and was to have been followed by the building of an ideal city, a project that was never realized.</p>

<p>The Great Saltworks of Salins-les-Bains was active for at least 1200 years until stopping activity in 1962. From 1780 to 1895, its salt water travelled through 21 km of wood pipes to the Royal Saltworks of Arc-et-Senans. It was built near the immense Chaux Forest to ensure its supply of wood for fuel. The Saltworks of Salins shelters an underground gallery from the 13<sup>th</sup> century including a hydraulic pump from the 19<sup>th</sup> century that still functions. The boiler house demonstrates the difficulty of the saltworkers&rsquo; labour to collect the &ldquo;White Gold&rdquo;.</p>",,1982,1637,203
France,"Historic Centre of Avignon: Papal Palace, Episcopal Ensemble and Avignon Bridge",Cultural,N,N,N,N,"<p>In the 14th century, this city in the South of France was the seat of the papacy. The Palais des Papes, an austere-looking fortress lavishly decorated by Simone Martini and Matteo Giovanetti, dominates the city, the surrounding ramparts and the remains of a 12th-century bridge over the Rhone. Beneath this outstanding example of Gothic architecture, the Petit Palais and the Romanesque Cathedral of Notre-Dame-des-Doms complete an exceptional group of monuments that testify to the leading role played by Avignon in 14th-century Christian Europe.</p>",,1995,254,228
France,"Place Stanislas, Place de la CarriËre and Place d'Alliance in Nancy",Cultural,N,N,N,N,"<p>Nancy, the temporary residence of a king without a kingdom ñ Stanislas Leszczynski, later to become Duke of Lorraine ñ is paradoxically the oldest and most typical example of a modern capital where an enlightened monarch proved to be sensitive to the needs of the public. Built between 1752 and 1756 by a brilliant team led by the architect HÈrÈ, this was a carefully conceived project that succeeded in creating a capital that not only enhanced the sovereign's prestige but was also functional.</p>",,1983,2186,229
France,Abbey Church of Saint-Savin sur Gartempe,Cultural,N,N,N,N,"<p>Known as the 'Romanesque Sistine Chapel', the Abbey-Church of Saint-Savin contains many beautiful 11th- and 12th-century murals which are still in a remarkable state of preservation.</p>",,1983,2118,230
France,"Gulf of Porto: Calanche of Piana, Gulf of Girolata, Scandola Reserve",Natural,N,N,N,N,"<p>The nature reserve, which is part of the Regional Natural Park of Corsica, occupies the Scandola peninsula, an impressive, porphyritic rock mass. The vegetation is an outstanding example of scrubland. Seagulls, cormorants and sea eagles can be found there. The clear waters, with their islets and inaccessible caves, host a rich marine life.</p>",,1983,288,258
France,Pont du Gard (Roman Aqueduct),Cultural,N,N,N,N,"The Pont du Gard was built shortly before the Christian era to allow the aqueduct of NÓmes (which is almost 50 km long) to cross the Gard river. The Roman architects and hydraulic engineers who designed this bridge, which stands almost 50 m high and is on three levels ñ the longest measuring 275 m ñ created a technical as well as an artistic masterpiece.",,1985,1566,344
France,Historic Fortified City of Carcassonne,Cultural,N,N,N,N,"<p>Since the pre-Roman period, a fortified settlement has existed on the hill where Carcassonne now stands. In its present form it is an outstanding example of a medieval fortified town, with its massive defences encircling the castle and the surrounding buildings, its streets and its fine Gothic cathedral. Carcassonne is also of exceptional importance because of the lengthy restoration campaign undertaken by Viollet-le-Duc, one of the founders of the modern science of conservation.</p>","<p>The Committee decided to inscribe this property on the basis of <em>criteria (ii) and (iv)</em>, considering that the historic town of Carcassonne is an excellent example of a medieval fortified town whose massive defences were constructed on walls dating from Late Antiquity. It is of exceptional importance by virtue of the restoration work carried out in the second half of the 19th century by Viollet-le-Duc, which had a profound influence on subsequent developments in conservation principles and practice.</p>",1997,393,345
France,"Strasbourg, Grande-Œle and <em>Neustadt</em>",Cultural,N,N,N,N,"<p>The initial property, inscribed in 1988 on the World Heritage List, was formed by the Grande-Œle, the historic centre of Strasbourg, structured around the cathedral. The extension concerns the Neustadt, new town, designed and built under the German administration (1871-1918). The Neustadt draws the inspiration for its urban layout from the Haussmannian model, while adopting a Germanic architectural idiom for its edifices. This dual influence has enabled the creation of an urban space that is specific to Strasbourg, where the perspectives created around the cathedral open to a unified landscape around the rivers and canals.</p>",,1988,2156,495
France,"Paris, Banks of the Seine",Cultural,Y,Y,N,N,"<p>From the Louvre to the Eiffel Tower, from the Place de la Concorde to the Grand and Petit Palais, the evolution of Paris and its history can be seen from the River Seine. The Cathedral of Notre-Dame and the Sainte Chapelle are architectural masterpieces while Haussmann's wide squares and boulevards influenced late 19th- and 20th-century town planning the world over.</p>",,1991,710,600
France,"Cathedral of Notre-Dame, Former Abbey of Saint-RÈmi and Palace of Tau, Reims",Cultural,Y,Y,N,Y,"<p>The outstanding handling of new architectural techniques in the 13th century, and the harmonious marriage of sculptural decoration with architecture, has made Notre-Dame in Reims one of the masterpieces of Gothic art. The former abbey still has its beautiful 9th-century nave, in which lie the remains of Archbishop St R&eacute;mi (440&ndash;533), who instituted the Holy Anointing of the kings of France. The former archiepiscopal palace known as the Tau Palace, which played an important role in religious ceremonies, was almost entirely rebuilt in the 17th century.</p>",,1991,711,601
France,Bourges Cathedral,Cultural,N,N,N,N,"<p>The Cathedral of St Etienne of Bourges, built between the late 12th and late 13th centuries, is one of the great masterpieces of Gothic art and is admired for its proportions and the unity of its design. The tympanum, sculptures and stained-glass windows are particularly striking. Apart from the beauty of the architecture, it attests to the power of Christianity in medieval France.</p>",,1992,1952,635
France,Canal du Midi,Cultural,N,N,N,N,"<p>This 360-km network of navigable waterways linking the Mediterranean and the Atlantic through 328 structures (locks, aqueducts, bridges, tunnels, etc.) is one of the most remarkable feats of civil engineering in modern times. Built between 1667 and 1694, it paved the way for the Industrial Revolution. The care that its creator, Pierre-Paul Riquet, took in the design and the way it blends with its surroundings turned a technical achievement into a work of art.</p>","<p>The Committee decided to inscribe the nominated property on the basis of cultural <em>criteria (i), (ii), (iv) and (vi)</em> considering that the site is of outstanding universal value being one of the greatest engineering achievements of the Modern Age, providing the model for the flowering of technology that led directly to the Industrial Revolution and the modern technological age. Additionally, it combines with its technological innovation a concern for high aesthetic architectural and landscape design that has few parallels. The Committee endorsed the inscription of this property as the Canal du Midi clearly is an exceptional example of a designed landscape</p>",1996,910,770
France,Routes of Santiago de Compostela in France,Cultural,N,N,N,N,"<p>Santiago de Compostela was the supreme goal for countless thousands of pious pilgrims who converged there from all over Europe throughout the Middle Ages. To reach Spain pilgrims had to pass through France, and the group of important historical monuments included in this inscription marks out the four routes by which they did so.</p>","<p><em>Criterion (ii):</em> The Pilgrimage Route of Santiago de Compostela played a key role in religious and cultural exchange and development during the later Middle Ages, and this is admirably illustrated by the carefully selected monuments on the routes followed by pilgrims in France.</p>

<p><em>Criterion (iv):</em> The spiritual and physical needs of pilgrims travelling to Santiago de Compostela were met by the development of a number of specialized types of edifice, many of which originated or were further developed on the French sections.</p>

<p><em>Criterion (vi):</em> The Pilgrimage Route of Santiago de Compostela bears exceptional witness to the power and influence of Christian faith among people of all classes and countries in Europe during the Middle Ages.</p>",1998,1019,868
France,Historic Site of Lyon,Cultural,N,N,N,N,"<p>The long history of Lyon, which was founded by the Romans in the 1st century B.C. as the capital of the Three Gauls and has continued to play a major role in Europe's political, cultural and economic development ever since, is vividly illustrated by its urban fabric and the many fine historic buildings from all periods.</p>","<p><em>Criterion (ii):</em> Lyon bears exceptional testimony to the continuity of urban settlement over more than two millennia on a site of great commercial and strategic significance, where cultural traditions from many parts of Europe have come together to create a coherent and vigorous continuing community.</p>

<p><em>Criterion (iv):</em> By virtue of the special way in which it has developed spatially, Lyon illustrates in an exceptional way the progress and evolution of architectural design and town planning over many centuries.</p>",1998,1023,872
France,"Provins, Town of Medieval Fairs",Cultural,N,N,N,N,"<p>The fortified medieval town of Provins is situated in the former territory of the powerful Counts of Champagne. It bears witness to early developments in the organization of international trading fairs and the wool industry. The urban structure of Provins, which was built specifically to host the fairs and related activities, has been well preserved.</p>","<p><em>Criterion (ii):</em> At the beginning of the 2nd millennium Provins was one of several towns in the territory of the Counts of Champagne that became the venues for great annual trading fairs linking northern Europe with the Mediterranean world.</p>

<p><em>Criterion (iv):</em> Provins preserves to a high degree the architecture and urban layout that characterize these great medieval fair towns.</p>",2001,1025,873
France,Jurisdiction of Saint-Emilion,Cultural,N,N,N,N,"<p>Viticulture was introduced to this fertile region of Aquitaine by the Romans, and intensified in the Middle Ages. The Saint-Emilion area benefited from its location on the pilgrimage route to Santiago de Compostela and many churches, monasteries and hospices were built there from the 11th century onwards. It was granted the special status of a 'jurisdiction' during the period of English rule in the 12th century. It is an exceptional landscape devoted entirely to wine-growing, with many fine historic monuments in its towns and villages.</p>","<p><em>Criterion (iii):</em> The Jurisdiction of Saint-Emilion is an outstanding example of an historic vineyard landscape that has survived intact and in activity to the present day.</p>

<p><em>Criterion (iv):</em> The intensive cultivation of grapes for wine production in a precisely defined region and the resulting landscape is illustrated in an exceptional way by the historic Jurisdiction of Saint-Emilion.</p>",1999,1088,932
France,The Loire Valley between Sully-sur-Loire and Chalonnes,Cultural,N,N,N,N,"<p>The Loire Valley is an outstanding cultural landscape of great beauty, containing historic towns and villages, great architectural monuments (the ch‚teaux), and cultivated lands formed by many centuries of interaction between their population and the physical environment, primarily the river Loire itself.</p>","<p><em>Criterion (i):</em> The Loire Valley is noteworthy for the quality of its architectural heritage, in its historic towns such as Blois, Chinon, OrlÈans, Saumur, and Tours, but in particular in its world-famous castles, such as the Ch‚teau de Chambord.</p>

<p><em>Criterion (ii):</em> The Loire Valley is an outstanding cultural landscape along a major river which bears witness to an interchange of human values and to a harmonious development of interactions between human beings and their environment over two millennia.</p>

<p><em>Criterion (iv):</em> The landscape of the Loire Valley, and more particularly its many cultural monuments, illustrate to an exceptional degree the ideals of the Renaissance and the Age of the Enlightenment on western European thought and design.</p>",2000,2250,933
France,Lagoons of New Caledonia: Reef Diversity and Associated Ecosystems,Natural,N,N,N,N,"<p>This serial site comprises six marine clusters that represent the main diversity of coral reefs and associated ecosystems in the French Pacific Ocean archipelago of New Caledonia and one of the three most extensive reef systems in the world. These Lagoons are of exceptional natural beauty. They feature an exceptional diversity of coral and fish species and a continuum of habitats from mangroves to seagrasses with the world&rsquo;s most diverse concentration of reef structures. The Lagoons of New Caledonia display intact ecosystems, with healthy populations of large predators, and a great number and diversity of big fish. They provide habitat to a number of emblematic or threatened marine species such as turtles, whales or dugongs whose population here is the third largest in the world.</p>",,2008,1531,1115
France,"The Causses and the CÈvennes, Mediterranean agro-pastoral Cultural Landscape",Cultural,N,N,N,N,"<p>This 302,319 ha property, in the southern part of central France, is a mountain landscape interspersed by deep valleys that is representative of the relationship between agro-pastoral systems and their biophysical environment, notably through drailles or drove roads. Villages and substantial stone farmhouses on deep terraces of the Causses reflect the organization of large abbeys from the 11th century. Mont Loz&egrave;re, inside the property, is one of the last places where summer transhumance is still practiced in the traditional way, using the drailles.</p>",,2011,1848,1153
France,"Le Havre, the City Rebuilt by Auguste Perret",Cultural,N,N,N,N,"<p>The city of Le Havre, on the English Channel in Normandy, was severely bombed during the Second World War. The destroyed area was rebuilt according to the plan of a team headed by Auguste Perret, from 1945 to 1964. The site forms the administrative, commercial and cultural centre of Le Havre. Le Havre is exceptional among many reconstructed cities for its unity and integrity. It combines a reflection of the earlier pattern of the town and its extant historic structures with the new ideas of town planning and construction technology. It is an outstanding post-war example of urban planning and architecture based on the unity of methodology and the use of prefabrication, the systematic utilization of a modular grid, and the innovative exploitation of the potential of concrete.</p>","<p><em>Criterion (ii): </em>The post-war reconstruction plan of Le Havre is an outstanding example and a landmark of the integration of urban planning traditions and a pioneer implementation of modern developments in architecture, technology, and town planning.</p>

<p><em>Criterion (iv): </em>Le Havre is an outstanding post-war example of urban planning and architecture based on the unity of methodology and system of prefabrication, the systematic use of a modular grid and the innovative exploitation of the potential of concrete.</p>",2005,1358,1181
France,"Bordeaux, Port of the Moon",Cultural,N,N,N,N,"<p>The Port of the Moon, port city of Bordeaux in south-west France, is inscribed as an inhabited historic city, an outstanding urban and architectural ensemble, created in the age of the Enlightenment, whose values continued up to the first half of the 20th century, with more protected buildings than any other French city except Paris. It is also recognized for its historic role as a place of exchange of cultural values over more than 2,000 years, particularly since the 12th century due to commercial links with Britain and the Low Lands. Urban plans and architectural ensembles of the early 18th century onwards place the city as an outstanding example of innovative classical and neoclassical trends and give it an exceptional urban and architectural unity and coherence. Its urban form represents the success of philosophers who wanted to make towns into melting pots of humanism, universality and culture.</p>",,2007,1433,1256
France,Fortifications of Vauban,Cultural,N,N,N,N,"<p>Fortifications of Vauban consists of 12 groups of fortified buildings and sites along the western, northern and eastern borders of France. They represent the finest examples of the work of SÈbastien Le Prestre de Vauban (1633-1707), a military engineer of King Louis XIV. The serial property includes towns built from scratch by Vauban, citadels, urban bastion walls and†bastion towers. There are also mountain forts, sea forts, a mountain battery and two mountain communication structures. This property is inscribed as bearing witness to the peak of classic fortifications, typical of western military architecture. Vauban also played a major role in the history of fortification in Europe and on other continents until the mid-19th century.</p>",,2008,1514,1283
France,"Pitons, cirques and remparts of Reunion Island",Natural,N,N,N,N,"<p>The Pitons, cirques and remparts of Reunion Island site coincides with the core zone of La RÈunion National Park. The property covers more than 100,000 ha or 40 % of La RÈunion, an island comprising two adjoining volcanic massifs located in the south-west of the Indian Ocean. Dominated by two towering volcanic peaks, massive walls and three cliff-rimmed cirques, the property includes a great variety of rugged terrain and impressive escarpments, forested gorges and basins creating a visually striking landscape. It is the natural habitat for a wide diversity of plants, presenting a high level of endemism. There are subtropical rainforests, cloud forests and heaths creating a remarkable and visually appealing mosaic of ecosystems and landscape features.</p>",,2010,1604,1317
France,Episcopal City of Albi,Cultural,N,N,N,N,"<p>On the banks of the Tarn river in south-west France, the old city of Albi reflects the culmination of a medieval architectural and urban ensemble. Today the Old Bridge (Pont-Vieux), the Saint-Salvi quarter and its church are testimony to its initial development (10th -11th centuries). Following the Albigensian Crusade against the Cathar heretics (13th century) it became a powerful episcopal city. Built in a unique southern French Gothic style from local brick in characteristic red and orange colours, the lofty fortified Cathedral (late 13th century) dominates the city, demonstrating the power regained by the Roman Catholic clergy. Alongside the Cathedral is the vast bishop&rsquo;s Palais de la Berbie, overlooking the river and surrounded by residential quarters that date back to the Middle Ages. The Episcopal City of Albi forms a coherent and homogeneous ensemble of monuments and quarters that has remained largely unchanged over the centuries.</p>",,2010,1663,1337
France,Nord-Pas de Calais Mining Basin,Cultural,N,N,N,N,"<p>Remarkable as a landscape shaped over three centuries of coal extraction from the 1700s to the 1900s, the site consists of 109 separate components over 120,000&nbsp;ha. It features mining pits (the oldest of which dates from 1850) and lift infrastructure, slag heaps (some of which cover 90&nbsp;ha and exceed 140&nbsp;m in height), coal transport infrastructure, railway stations, workers&rsquo; estates and mining villages including social habitat, schools, religious buildings, health and community facilities, company premises, owners and managers&rsquo; houses, town halls and more. The site bears testimony to the quest to create model workers&rsquo; cities from the mid 19th century to the 1960s and further illustrates a significant period in the history of industrial Europe. It documents the living conditions of workers and the solidarity to which it gave rise.</p>",,2012,1776,1360
France,"The Climats, terroirs of Burgundy",Cultural,N,N,N,N,"<p>The climates are precisely delimited vineyard parcels on the slopes of the CÙte de Nuits and the CÙte de Beaune south of the city of Dijon. They differ from one another due to specific natural conditions (geology and exposure) as well as vine types and have been shaped by human cultivation. Over time they came to be recognized by the wine they produce. This cultural landscape consists of two parts. Firstly, the vineyards and associated production units including villages and the town of Beaune, which together represent the commercial dimension of the production system. The second part includes the historic centre of Dijon, which embodies the political regulatory impetus that gave birth to the climats system. The site is an outstanding example of grape cultivation and wine production developed since the High Middle Ages.</p>",,2015,2016,1425
France,"Decorated Cave of Pont díArc, known as Grotte Chauvet-Pont díArc, ArdËche",Cultural,N,N,N,N,"<p>Located in a limestone plateau of the ArdËche River in southern France, the property contains the earliest-known and best-preserved figurative drawings in the world, dating back as early as the Aurignacian period (30,000ñ32,000†BP), making it an exceptional testimony of prehistoric art. The cave was closed off by a rock fall approximately 20,000 years BP and remained sealed until its discovery in 1994, which helped to keep it in pristine condition. Over 1,000 images have so far been inventoried on its walls, combining a variety of anthropomorphic and animal motifs. Of exceptional aesthetic quality, they demonstrate a range of techniques including the skilful use of shading, combinations of paint and engraving, anatomical precision, three-dimensionality and movement. They include several dangerous animal species difficult to observe at that time, such as mammoth, bear, cave lion, rhino, bison and auroch, as well as 4,000 inventoried remains of prehistoric fauna and a variety of human footprints.</p>",,2014,1974,1426
France,"Champagne Hillsides, Houses and Cellars",Cultural,N,N,N,N,"<p><span>The property encompasses sites where the method of producing sparkling wines was developed on the principle of secondary fermentation in the bottle since the early 17</span><sup>th</sup><span> century to its early industrialization in the 19</span><sup>th</sup><span> century. The property is made up of three distinct ensembles: the historic vineyards of Hautvillers, Aˇ and Mareuil-sur-Aˇ, Saint-Nicaise Hill in Reims, and the Avenue de Champagne and Fort Chabrol in Epernay. These three components ñ the supply basin formed by the historic hillsides, the production sites (with their underground cellars) and the sales and distribution centres (the Champagne Houses) - illustrate the entire champagne production process. The property bears clear testimony to the development of a very specialized artisan activity that has become an agro-industrial enterprise.</span></p>",,2015,2026,1465
France,Taputapu?tea,Cultural,N,N,N,N,"<p>Taputapu?tea on Raíiatea Island is at the centre of the ìPolynesian Triangle,î a vast portion of the Pacific Ocean, dotted with islands, and the last part of the globe to be settled by humans. The property includes two forested valleys, a portion of lagoon and coral reef and a strip of open ocean. At the heart of the property is the Taputapu?tea <em>marae</em> complex, a political, ceremonial and funerary centre. It is characterized by a paved courtyard with a large standing stone at its centre. Widespread in Polynesia, the <em>marae </em>were places where the world of the living intersects the world of the ancestors. Taputapu?tea is an exceptional testimony to 1,000 years of <em>m?'ohi </em>civilization<em>. </em></p>",,2017,2155,1529
Gabon,Ecosystem and Relict Cultural Landscape of LopÈ-Okanda,Mixed,N,N,N,N,"<p>The Ecosystem and Relict Cultural Landscape of LopÈ-Okanda demonstrates an unusual interface between dense and well-conserved tropical rainforest and relict savannah environments with a great diversity of species, including endangered large mammals, and habitats. The site illustrates ecological and biological processes in terms of species and habitat adaptation to post-glacial climatic changes. It contains evidence of the successive passages of different peoples who have left extensive and comparatively well-preserved remains of habitation around hilltops, caves and shelters, evidence of iron-working and a remarkable collection of some 1,800 petroglyphs (rock carvings). The propertyís collection of Neolithic and Iron Age sites, together with the rock art found there, reflects a major migration route of Bantu and other peoples from West Africa along the River OgoouÈ valley to the north of the dense evergreen Congo forests and to central east and southern Africa, that has shaped the development of the whole of sub-Saharan Africa.</p>",,2007,1547,1147
Gambia (the),Kunta Kinteh Island and Related Sites,Cultural,N,N,N,N,"<p>James Island and Related Sites present a testimony to the main periods and facets of the encounter between Africa and Europe along the River Gambia, a continuum stretching from pre-colonial and pre-slavery times to independence. The site is particularly significant for its relation to the beginning of the slave trade and its abolition. It also documents early access to the interior of Africa.</p>","<p>Criterion iii: James Island and Related Sites on the River Gambia provide an exceptional testimony to the different facets of the African-European encounter, from the 15th to 20th centuries. The River Gambia formed the first trade route into the interior of Africa and became an early corridor for the slave trade. Criterion vi: James Island and Related Sites, the villages and the batteries, were directly and tangibly associated with the beginning and the conclusion of the slave trade, retaining its memory related to the African Diaspora.</p>",2003,897,761
Georgia,Historical Monuments of Mtskheta,Cultural,N,N,Y,Y,"<p>The historic churches of Mtskheta, former capital of Georgia, are outstanding examples of medieval religious architecture in the Caucasus. They show the high artistic and cultural level attained by this ancient kingdom.</p>",,1994,2251,708
Georgia,Upper Svaneti,Cultural,N,N,N,N,"<p>Preserved by its long isolation, the Upper Svaneti region of the Caucasus is an exceptional example of mountain scenery with medieval-type villages and tower-houses. The village of Chazhashi still has more than 200 of these very unusual houses, which were used both as dwellings and as defence posts against the invaders who plagued the region.</p>","<p>The Committee decided to inscribe the nominated property on the basis of cultural criteria (iv) and (v), considering that the region of Upper Svaneti is of outstanding universal value being an exceptional landscape that has preserved to a remarkable degree its original medieval appearance, notable for the distribution, form, and architecture of its human settlements.</p>",1996,839,709
Georgia,Gelati Monastery,Cultural,N,N,Y,Y,"<p>Founded in 1106 in the west of Georgia, the Monastery of Gelati is a masterpiece of the Golden Age of medieval Georgia, a period of political strength and economic growth between the 11th and 13th centuries. It is characterized by the facades of smoothly hewn large blocks, balanced proportions and blind arches for exterior decoration. The Gelati monastery, one of the largest medieval Orthodox monasteries, was also a centre of science and education and the Academy it housed was one of the most important centres of culture in ancient Georgia.</p>",,1994,2243,710
Germany,Aachen Cathedral ,Cultural,N,N,N,N,"<p>Construction of this palatine chapel, with its octagonal basilica and cupola, began c. 790ñ800 under the Emperor Charlemagne. Originally inspired by the churches of the Eastern part of the Holy Roman Empire, it was splendidly enlarged in the Middle Ages.</p>",,1978,1953,3
Germany,Speyer Cathedral,Cultural,N,N,N,N,"<p>Speyer Cathedral, a basilica with four towers and two domes, was founded by Conrad II in 1030 and remodelled at the end of the 11th century. It is one of the most important Romanesque monuments from the time of the Holy Roman Empire. The cathedral was the burial place of the German emperors for almost 300 years.</p>",,1981,186,168
Germany,W¸rzburg Residence with the Court Gardens and Residence Square,Cultural,N,N,N,N,"<p>This magnificent Baroque palace &ndash; one of the largest and most beautiful in Germany and surrounded by wonderful gardens &ndash; was created under the patronage of the prince-bishops Lothar Franz and Friedrich Carl von Sch&ouml;nborn. It was built and decorated in the 18th century by an international team of architects, painters (including Tiepolo), sculptors and stucco-workers, led by Balthasar Neumann.</p>",,1981,1735,169
Germany,St Mary's Cathedral and St Michael's Church at Hildesheim,Cultural,N,N,N,N,"<p>St Michael's Church was built between 1010 and 1020 on a symmetrical plan with two apses that was characteristic of Ottonian Romanesque art in Old Saxony. Its interior, in particular the wooden ceiling and painted stucco-work, its famous bronze doors and the Bernward bronze column, are &ndash; together with the treasures of St Mary's Cathedral &ndash; of exceptional interest as examples of the Romanesque churches of the Holy Roman Empire.</p>",,1985,1627,187
Germany,Pilgrimage Church of Wies,Cultural,N,N,N,N,"<p>Miraculously preserved in the beautiful setting of an Alpine valley, the Church of Wies (1745&ndash;54), the work of architect Dominikus Zimmermann, is a masterpiece of Bavarian Rococo &ndash; exuberant, colourful and joyful.</p>",,1983,1864,271
Germany,Hanseatic City of L¸beck,Cultural,N,N,N,N,"<p>L&uuml;beck &ndash; the former capital and Queen City of the Hanseatic League &ndash; was founded in the 12th century and prospered until the 16th century as the major trading centre for northern Europe. It has remained a centre for maritime commerce to this day, particularly with the Nordic countries. Despite the damage it suffered during the Second World War, the basic structure of the old city, consisting mainly of 15th- and 16th-century patrician residences, public monuments (the famous Holstentor brick gate), churches and salt storehouses, remains unaltered.</p>",,1987,1706,272
Germany,Castles of Augustusburg and Falkenlust at Br¸hl,Cultural,N,N,N,N,"<p>Set in an idyllic garden landscape, Augustusburg Castle (the sumptuous residence of the prince-archbishops of Cologne) and the Falkenlust hunting lodge (a small rural folly) are among the earliest examples of Rococo architecture in 18th-century Germany.</p>",,1984,322,288
Germany,Cologne Cathedral,Cultural,N,N,N,N,"<p>Begun in 1248, the construction of this Gothic masterpiece took place in several stages and was not completed until 1880. Over seven centuries, successive builders were inspired by the same faith and a spirit of absolute fidelity to the original plans. Apart from its exceptional intrinsic value and the artistic masterpieces it contains, Cologne Cathedral testifies to the enduring strength of European Christianity.</p>","<p>The Committee decided to inscribe the nominated property on the basis of cultural <em>criteria (i), (ii) and (iv)</em> considering that the monument is of outstanding universal value being an exceptional work of human creative genius, constructed over more than six centuries and a powerful testimony to the strength and persistence of Christian belief in medieval and modern Europe.</p>",1996,1628,292
Germany,"Roman Monuments, Cathedral of St Peter and Church of Our Lady in Trier",Cultural,N,N,N,N,"<p>Trier, which stands on the Moselle River, was a Roman colony from the 1st century AD and then a great trading centre beginning in the next century. It became one of the capitals of the Tetrarchy at the end of the 3rd century, when it was known as the &lsquo;second Rome&rsquo;. The number and quality of the surviving monuments are an outstanding testimony to Roman civilization.</p>",,1986,420,367
Germany,Abbey and Altenm¸nster of Lorsch,Cultural,N,N,N,N,"<p>The abbey, together with its monumental entrance, the famous 'Torhall', are rare architectural vestiges of the Carolingian era. The sculptures and paintings from this period are still in remarkably good condition.</p>",,1991,1865,515
Germany,Palaces and Parks of Potsdam and Berlin,Cultural,N,N,N,N,"<p>With 500 ha of parks and 150 buildings constructed between 1730 and 1916, Potsdam's complex of palaces and parks forms an artistic whole, whose eclectic nature reinforces its sense of uniqueness. It extends into the district of Berlin-Zehlendorf, with the palaces and parks lining the banks of the River Havel and Lake Glienicke. Voltaire stayed at the Sans-Souci Palace, built under Frederick II between 1745 and 1747.</p>",,1990,624,532
Germany,Garden Kingdom of Dessau-Wˆrlitz,Cultural,N,N,N,N,"<p>The Garden Kingdom of Dessau-Wˆrlitz is an exceptional example of landscape design and planning of the Age of the Enlightenment, the 18th century. Its diverse components - outstanding buildings, landscaped parks and gardens in the English style, and subtly modified expanses of agricultural land - serve aesthetic, educational, and economic purposes in an exemplary manner.</p>","<p><em>Criterion (ii):</em> The Garden Kingdom of Dessau-Wˆrlitz is an outstanding example of the application of the philosophical principles of the Age of the Enlightenment to the design of a landscape that integrates art, education, and economy in a harmonious whole.</p>

<p><em>Criterion (iv):</em> The 18th century was a seminal period for landscape design, of which the Garden Kingdom of Dessau-Wˆrlitz is an exceptional and wide-ranging illustration.</p>",2000,627,534
Germany,"Collegiate Church, Castle and Old Town of Quedlinburg",Cultural,N,N,N,N,"<p>Quedlinburg, in the <em>Land</em> of Sachsen-Anhalt, was a capital of the East Franconian German Empire at the time of the Saxonian-Ottonian ruling dynasty. It has been a prosperous trading town since the Middle Ages. The number and high quality of the timber-framed buildings make Quedlinburg an exceptional example of a medieval European town. The Collegiate Church of St Servatius is one of the masterpieces of Romanesque architecture.</p>",,1994,629,535
Germany,Maulbronn Monastery Complex,Cultural,N,N,N,N,"<p>Founded in 1147, the Cistercian Maulbronn Monastery is considered the most complete and best-preserved medieval monastic complex north of the Alps. Surrounded by fortified walls, the main buildings were constructed between the 12th and 16th centuries. The monastery's church, mainly in Transitional Gothic style, had a major influence in the spread of Gothic architecture over much of northern and central Europe. The water-management system at Maulbronn, with its elaborate network of drains, irrigation canals and reservoirs, is of exceptional interest.</p>",,1993,642,546
Germany,"Mines of Rammelsberg, Historic Town of Goslar and Upper Harz Water Management  System",Cultural,N,N,N,N,"<p>The Upper Harz mining water management system, which lies south of the Rammelsberg mines and the town of Goslar, has been developed over a period of some 800 years to assist in the process of extracting ore for the production of non-ferrous metals. Its construction was first undertaken in the Middle Ages by Cistercian monks, and it was then developed on a vast scale from the end of the 16th century until the 19th century. It is made up of an extremely complex but perfectly coherent system of artificial ponds, small channels, tunnels and underground drains. It enabled the development of water power for use in mining and metallurgical processes. It is a major site for mining innovation in the western world.</p>",,1992,1576,623
Germany,Town of Bamberg,Cultural,N,N,N,N,"<p>From the 10th century onwards, this town became an important link with the Slav peoples, especially those of Poland and Pomerania. During its period of greatest prosperity, from the 12th century onwards, the architecture of Bamberg strongly influenced northern Germany and Hungary. In the late 18th century it was the centre of the Enlightenment in southern Germany, with eminent philosophers and writers such as Hegel and Hoffmann living there.</p>",,1993,742,624
Germany,Vˆlklingen Ironworks,Cultural,N,N,N,N,"<p>The ironworks, which cover some 6 ha, dominate the city of V&ouml;lklingen. Although they have recently gone out of production, they are the only intact example, in the whole of western Europe and North America, of an integrated ironworks that was built and equipped in the 19th and 20th centuries and has remained intact.</p>",,1994,813,687
Germany,Messel Pit Fossil Site,Natural,N,N,N,N,"<p>Messel Pit is the richest site in the world for understanding the living environment of the Eocene, between 57 million and 36 million years ago. In particular, it provides unique information about the early stages of the evolution of mammals and includes exceptionally well-preserved mammal fossils, ranging from fully articulated skeletons to the contents of stomachs of animals of this period.</p>",,1995,1733,720
Germany,"Bauhaus and its Sites in Weimar, Dessau and Bernau",Cultural,N,N,N,N,"<p>This site, which was inscribed on the World Heritage List in 1996, originally comprised the groups of buildings and monuments located in Weimar and Dessau, all built under the direction of Walter Gropius, the first director of the Bauhaus School. The extension of the property includes the Houses with Balcony Access in Dessau ñ five storey brick blocks for low-income inhabitants ñ and the ADGB Trade Union School in Bernau built under the direction of Hannes Meyer, successor to Gropius until 1930. This extension reflects the contribution of the department of architecture to the austere design, functionalism and social reform of the Bauhaus, a movement which was to revolutionise architectural thinking and practice in the 20<sup>th</sup><span>†</span>century.</p>",,1996,2158,729
Germany,Luther Memorials in Eisleben and Wittenberg,Cultural,N,N,N,N,"<p>These places in Saxony-Anhalt are all associated with the lives of Martin Luther and his fellow-reformer Melanchthon. They include Melanchthon's house in Wittenberg, the houses in Eisleben where Luther was born in 1483 and died in 1546, his room in Wittenberg, the local church and the castle church where, on 31 October 1517, Luther posted his famous '95 Theses', which launched the Reformation and a new era in the religious and political history of the Western world.</p>","<p>The Committee decided to inscribe the nominated property on the basis of <em>criteria (iv) and (vi)</em>, considering that it is of outstanding universal value bearing unique testimony to the Protestant Reformation, which was one of the most significant events in the religious and political history of the world and constitutes outstanding examples of 19th century historicism. The Committee congratulated the German authorities on this nomination and considered that its symbolic value clearly justifies inscription under cultural criterion (vi).</p>",1996,926,783
Germany,Classical Weimar,Cultural,N,N,N,N,"<p>In the late 18th and early 19th centuries the small Thuringian town of Weimar witnessed a remarkable cultural flowering, attracting many writers and scholars, notably Goethe and Schiller. This development is reflected in the high quality of many of the buildings and of the parks in the surrounding area.</p>","<p><em>Criterion (iii):</em> The high artistic quality of the public and private buildings and parks in and around the town testify to the remarkable cultural flowering of the Weimar Classical Period.</p>

<p><em>Criterion (vi):</em> Enlightened ducal patronage attracted many of the leading writers and thinkers in Germany, such as Goethe, Schiller, and Herder to Weimar in the late 18th and early 19th centuries, making it the cultural centre of the Europe of the day.</p>",1998,997,846
Germany,"Museumsinsel (Museum Island), Berlin",Cultural,N,N,Y,Y,"<p>The museum as a social phenomenon owes its origins to the Age of Enlightenment in the 18th century. The five museums on the Museumsinsel in Berlin, built between 1824 and 1930, are the realization of a visionary project and show the evolution of approaches to museum design over the course of the 20th century. Each museum was designed so as to establish an organic connection with the art it houses. The importance of the museum's collections &ndash; which trace the development of civilizations throughout the ages &ndash; is enhanced by the urban and architectural quality of the buildings.</p>","<p><em>Criterion (ii):</em> The Berlin Museumsinsel is a unique ensemble of museum buildings which illustrates the evolution of modern museum design over more than a century.</p>

<p><em>Criterion (iv):</em> The art museum is a social phenomenon that owes its origins to the Age of Enlightenment and its extension to all people to the French Revolution. The Museumsinsel is the most outstanding example of this concept given material form and a symbolic central urban setting.</p>",1999,1047,896
Germany,Wartburg Castle,Cultural,N,N,N,N,"<p>Wartburg Castle blends superbly into its forest surroundings and is in many ways 'the ideal castle'. Although it has retained some original sections from the feudal period, the form it acquired during the 19th-century reconstitution gives a good idea of what this fortress might have been at the height of its military and seigneurial power. It was during his exile at Wartburg Castle that Martin Luther translated the New Testament into German.</p>","<p><em>Criterion (iii):</em> The Castle of Wartburg is an outstanding monument of the feudal period in central Europe.</p>

<p><em>Criterion (vi):</em> The Castle of Wartburg is rich in cultural associations, most notably its role as the place of exile of Martin Luther, who composed his German translation of the New Testament there. It is also a powerful symbol of German integration and unity.</p>",1999,1048,897
Germany,Monastic Island of Reichenau,Cultural,N,N,N,N,"<p>The island of Reichenau on Lake Constance preserves the traces of the Benedictine monastery, founded in 724, which exercised remarkable spiritual, intellectual and artistic influence. The churches of St Mary and Marcus, St Peter and St Paul, and St George, mainly built between the 9th and 11th centuries, provide a panorama of early medieval monastic architecture in central Europe. Their wall paintings bear witness to impressive artistic activity.</p>","<p><em>Criterion (iii):</em> The remains of the Reichenau foundation bear outstanding witness to the religious and cultural role of a great Benedictine monastery in the early Middle Ages.</p>

<p><em>Criterion (iv):</em> The churches on the island of Reichenau retain remarkable elements of several stages of construction and thus offer outstanding examples of monastic architecture in Central Europe from the 9th to the 11th century.</p>

<p><em>Criterion (vi):</em> The monastery of Reichenau was a highly significant artistic centre of great significance to the history of art in Europe in the 10th and 11th centuries, as is superbly illustrated by its monumental wall paintings and its illuminations.</p>",2000,1138,974
Germany,Zollverein Coal Mine Industrial Complex in Essen,Cultural,N,N,N,N,"<p>The Zollverein industrial complex in Land Nordrhein-Westfalen consists of the complete infrastructure of a historical coal-mining site, with some 20th-century buildings of outstanding architectural merit. It constitutes remarkable material evidence of the evolution and decline of an essential industry over the past 150 years.</p>","<p><em>Criterion (ii):</em> The Zollverein XII Coal Mine Industrial Complex is an exceptional industrial monument by virtue of the fact that its buildings are outstanding examples of the application of the design concepts of the Modern Movement in architecture in a wholly industrial context.</p>

<p><em>Criterion (iii):</em> The technological and other structures of Zollverein XII is representative of a crucial period in the development of traditional heavy industries in Europe, when sympathetic and positive use was made of architectural designs of outstanding quality.</p>",2001,1139,975
Germany,Upper Middle Rhine Valley,Cultural,N,N,N,N,"<p>The 65km-stretch of the Middle Rhine Valley, with its castles, historic towns and vineyards, graphically illustrates the long history of human involvement with a dramatic and varied natural landscape. It is intimately associated with history and legend and for centuries has exercised a powerful influence on writers, artists and composers.</p>","<p><em>Criterion (ii):</em> As one of the most important transport routes in Europe, the Middle Rhine Valley has for two millennia facilitated the exchange of culture between the Mediterranean region and the north.</p>

<p><em>Criterion (iv):</em> The Middle Rhine Valley is an outstanding organic cultural landscape, the present-day character of which is determined both by its geomorphological and geological setting and by the human interventions, such as settlements, transport infrastructure, and land-use, that it has undergone over two thousand years.</p>

<p><em>Criterion (v):</em> The Middle Rhine Valley is an outstanding example of an evolving traditional way of life and means of communication in a narrow river valley. The terracing of its steep slopes in particular has shaped the landscape in many ways for more than two millennia. However, this form of land-use is under threat from the socio-economic pressures of the present day.</p>",2002,1243,1066
Germany,Historic Centres of Stralsund and Wismar,Cultural,N,N,N,N,"<p>The medieval towns of Wismar and Stralsund, on the Baltic coast of northern Germany, were major trading centres of the Hanseatic League in the 14th and 15th centuries. In the 17th and 18th centuries they became Swedish administrative and defensive centres for the German territories. They contributed to the development of the characteristic building types and techniques of Brick Gothic in the Baltic region, as exemplified in several important brick cathedrals, the Town Hall of Stralsund, and the series of houses for residential, commercial and crafts use, representing its evolution over several centuries.</p>","<p><em>Criterion (ii):</em> Wismar and Stralsund, leading centres of the Wendish section of the Hanseatic League from the 13th to 15th centuries and major administrative and defence centres in the Swedish kingdom in the 17th and 18th centuries, contributed to the development and diffusion of brick construction techniques and building types, characteristic features of Hanseatic towns in the Baltic region, as well as the development of defence systems in the Swedish period.</p>

<p><em>Criterion (iv):</em> Stralsund and Wismar have crucial importance in the development of the building techniques and urban form that became typical of the Hanseatic trading towns, well documented in the major parish churches, the town hall of Stralsund, and the commercial building types, such as the Dielenhaus.</p>",2002,1244,1067
Germany,Town Hall and Roland on the Marketplace of Bremen,Cultural,N,N,N,N,"<p>The Town Hall and the statue of Roland on the marketplace of Bremen in north-west Germany are outstanding representations of civic autonomy and sovereignty, as these developed in the Holy Roman Empire in Europe. The old town hall was built in the Gothic style in the early 15th century, after Bremen joined the Hanseatic League. The building was renovated in the so-called Weser Renaissance style in the early 17th century. A new town hall was built next to the old one in the early 20th century as part of an ensemble that survived bombardment during the Second World War. The statue stands 5.5 m tall and dates back to 1404.</p>","<p><em>Criterion (iii):</em> the Bremen Town Hall and Roland bear an exceptional testimony to the civic autonomy and sovereignty, as these developed in the Holy Roman Empire.</p>

<p><em>Criterion (iv):</em> The Bremen Town Hall and Roland are an outstanding ensemble representing civic autonomy and market freedom. The town hall represents the medieval Saalgeschossbau-type of hall construction, as well as being an outstanding example of the so-called Weser Renaissance in Northern Germany. The Bremen Roland is the most representative and one of the oldest of Roland statues erected as a symbol of market rights and freedom.</p>

<p><em>Criterion (vi):</em> the ensemble of the town hall and Roland of Bremen with its symbolism is directly associated with the development of the ideas of civic autonomy and market freedom in the Holy Roman Empire. The Bremen Roland is referred to a historical figure, paladin of Charlemagne, who became the source for the French &lsquo;chanson de geste&rsquo; and other medieval and Renaissance epic poetry.</p>",2004,1265,1087
Germany,Old town of Regensburg with Stadtamhof,Cultural,N,N,N,N,"<p>Located on the Danube River in Bavaria, this medieval town contains many buildings of exceptional quality that testify to its history as a trading centre and to its influence on the region from the 9th century. A notable number of historic structures span some two millennia and include ancient Roman, Romanesque and Gothic buildings. Regensburg&rsquo;s 11th- to 13th-century architecture &ndash; including the market, city hall and cathedral &ndash; still defines the character of the town marked by tall buildings, dark and narrow lanes, and strong fortifications. The buildings include medieval patrician houses and towers, a large number of churches and monastic ensembles as well as the 12th-century Old Bridge. The town is also remarkable for the vestiges testifing to its rich history as one of the centres of the Holy Roman Empire that turned to Protestantism.</p>",,2006,1335,1155
Germany,Berlin Modernism Housing Estates,Cultural,N,N,N,N,"<p>Berlin Modernism Housing Estates. The property consists of six housing estates that testify to innovative housing policies from 1910 to 1933, especially during the Weimar Republic, when the city of Berlin was particularly progressive socially, politically and culturally. The property is an outstanding example of the building reform movement that contributed to improving housing and living conditions for people with low incomes through novel approaches to town planning, architecture and garden design. The estates also provide exceptional examples of new urban and architectural typologies, featuring fresh design solutions, as well as technical and aesthetic innovations. Bruno Taut, Martin Wagner and Walter Gropius were among the leading architects of these projects which exercised considerable influence on the development of housing around the world.</p>",,2008,1416,1239
Germany,Fagus Factory in Alfeld,Cultural,N,N,N,N,"<p>Fagus Factory in Alfeld is a 10-building complex - began around 1910 to the design of Walter Gropius, which is a landmark in the development of modern architecture and industrial design. Serving all stages of manufacture, storage and dispatch of lasts used by the shoe industry, the complex, which is still operational today, is situated in Alfeld an der Leine in Lower Saxony. With its groundbreaking vast expanses of glass panels and functionalist aesthetics, the complex foreshadowed the work of the Bauhaus school and is a landmark in the development of architecture in Europe and North America.</p>",,2011,1778,1368
Germany,Margravial Opera House Bayreuth,Cultural,N,N,N,N,"<p>A masterpiece of Baroque theatre architecture, built between 1745 and 1750, the Opera House is the only entirely preserved example of its type where an audience of 500 can experience Baroque court opera culture and acoustics authentically, as its auditorium retains its original materials, i.e. wood and canvas. Commissioned by Margravine Wilhelmine, wife of Frederick, Margrave of Brandenburg&ndash;Bayreuth, it was designed by the renowned theatre architect Giuseppe Galli Bibiena. As a court opera house in a public space, it foreshadowed the large public theatres of the 19th century. The highly decorated theatre&rsquo;s tiered loge structure of wood with illusionistic painted canvas represents the ephemeral ceremonial architectural tradition that was employed in pageants and celebrations for princely self-representation.</p>","<p>It is today the most important and best preserved example of court opera house architecture and of the Baroque opera culture. The theatre is a masterwork of Baroque court theatre architecture by Giuseppe Galli Bibiena in terms of its tiered loge form and acoustic, decorative and iconological properties. It marks a specific point in the development of opera houses, being a court opera house located not within a palace but as an urban element in the public space, foreshadowing the great public opera houses of the 19th century.</p>",2012,1799,1379
Germany,Bergpark Wilhelmshˆhe,Cultural,N,N,N,N,"<p>Descending a long hill dominated by a giant statue of Hercules, the monumental water displays of Wilhelmsh&ouml;he&nbsp;were begun by Landgrave Carl of Hesse-Kassel in 1689 around an east-west axis and were developed further into the 19th century. Reservoirs and channels behind the Hercules Monument supply water to a complex system of hydro-pneumatic devices that supply the site&rsquo;s large Baroque water theatre, grotto, fountains and 350-metre long Grand Cascade. Beyond this, channels and waterways wind across the axis, feeding a series of dramatic waterfalls and wild rapids, the geyser-like Grand Fountain which leaps 50m high, the lake and secluded ponds that enliven the Romantic garden created in the 18th century by Carl&rsquo;s great-grandson, Elector Wilhelm I. The great size of the park and its waterworks along with the towering Hercules statue constitute an expression of the ideals of absolutist Monarchy while the ensemble is a remarkable testimony to the aesthetics of the Baroque and Romantic periods.</p>",,2013,1875,1413
Germany,Carolingian Westwork and Civitas Corvey,Cultural,N,N,N,N,"<p>The site is located along the Weser River on the outskirts of Hˆxter where the†Carolingian Westwork and Civitas Corvey were erected between AD†822 and 885 in a largely preserved rural setting. The Westwork is the only standing structure that dates back to the Carolingian era, while the original imperial abbey complex is preserved as archaeological remains that are only partially excavated. The Westwork of Corvey uniquely illustrates one of the most important Carolingian architectural expressions. It is a genuine creation of this period, and its architectural articulation and decoration clearly illustrate the role played within the Frankish empire by imperial monasteries in securing territorial control and administration, as well as the propagation of Christianity and the Carolingian cultural and political order throughout Europe.</p>",,2014,1990,1447
Germany,Speicherstadt and Kontorhaus District with Chilehaus,Cultural,N,N,N,N,"<p>Speicherstadt and the adjacent Kontorhaus district are two densely built urban areas in the centre of the port city of Hamburg. Speicherstadt, originally developed on a group of narrow islands in the Elbe River between 1885 and 1927, was partly rebuilt from 1949 to 1967. It is one of the largest coherent historic ensembles of port warehouses in the world (300,000 m<sup>2</sup>). It includes 15 very large warehouse blocks as well as six ancillary buildings and a connecting network of short canals. Adjacent to the modernist Chilehaus office building, the Kontorhaus district is an area of over five hectares featuring six very large office complexes built from the 1920s to the 1940s to house port-related businesses. The complex exemplifies the effects of the rapid growth in international trade in the late 19th and early 20th centuries.</p>",,2015,2028,1467
Germany,Caves and Ice Age Art in the Swabian Jura,Cultural,N,N,N,N,"<p>Modern humans first arrived in Europe 43,000 years ago during the last ice age. One of the areas where they took up residence was the Swabian Jura in southern Germany. Excavated from the 1860s, six caves have revealed items dating from 43,000 to 33,000 years ago. Among them are carved figurines of animals (including cave lions, mammoths, horses and cattle), musical instruments and items of personal adornment. Other figurines depict creatures that are half animal, half human and there is one statuette of a female form. These archaeological sites feature some of the oldest figurative art worldwide and help shed light on the origins of human artistic development.</p>",,2017,2157,1527
Ghana,"Forts and Castles, Volta, Greater Accra, Central and Western Regions",Cultural,N,N,N,N,"<p>The remains of fortified trading-posts, erected between 1482 and 1786, can still be seen along the coast of Ghana between Keta and Beyin. They were links in the trade routes established by the Portuguese in many areas of the world during their era of great maritime exploration.</p>",,1979,38,34
Ghana,Asante Traditional Buildings,Cultural,N,N,N,N,"<p>To the north-east of Kumasi, these are the last material remains of the great Asante civilization, which reached its high point in the 18th century. Since the dwellings are made of earth, wood and straw, they are vulnerable to the onslaught of time and weather.</p>",,1980,39,35
Greece,Temple of Apollo Epicurius at Bassae,Cultural,N,N,N,N,"<p>This famous temple to the god of healing and the sun was built towards the middle of the 5th century B.C. in the lonely heights of the Arcadian mountains. The temple, which has the oldest Corinthian capital yet found, combines the Archaic style and the serenity of the Doric style with some daring architectural features.</p>",,1986,452,392
Greece,Archaeological Site of Delphi,Cultural,N,N,N,N,"<p>The pan-Hellenic sanctuary of Delphi, where the oracle of Apollo spoke, was the site of the omphalos, the 'navel of the world'. Blending harmoniously with the superb landscape and charged with sacred meaning, Delphi in the 6th century B.C. was indeed the religious centre and symbol of unity of the ancient Greek world.</p>",,1987,453,393
Greece,"Acropolis, Athens",Cultural,Y,Y,Y,Y,"<p>The Acropolis of Athens and its monuments are universal symbols of the classical spirit and civilization and form the greatest architectural and artistic complex bequeathed by Greek Antiquity to the world. In the second half of the fifth century bc, Athens, following the victory against the Persians and the establishment of democracy, took a leading position amongst the other city-states of the ancient world. In the age that followed, as thought and art flourished, an exceptional group of artists put into effect the ambitious plans of Athenian statesman Pericles and, under the inspired guidance of the sculptor Pheidias, transformed the rocky hill into a unique monument of thought and the arts. The most important monuments were built during that time: the Parthenon, built by Ictinus, the Erechtheon, the Propylaea, the monumental entrance to the Acropolis, designed by Mnesicles and the small temple Athena Nike.&nbsp;</p>",,1987,467,404
Greece,Mount Athos,Mixed,N,N,N,N,"<p>An Orthodox spiritual centre since 1054, Mount Athos has enjoyed an autonomous statute since Byzantine times. The 'Holy Mountain', which is forbidden to women and children, is also a recognized artistic site. The layout of the monasteries (about 20 of which are presently inhabited by some 1,400 monks) had an influence as far afield as Russia, and its school of painting influenced the history of Orthodox art.</p>",,1988,526,454
Greece,Meteora,Mixed,N,N,N,N,"<p>In a region of almost inaccessible sandstone peaks, monks settled on these 'columns of the sky' from the 11th century onwards. Twenty-four of these monasteries were built, despite incredible difficulties, at the time of the great revival of the eremetic ideal in the 15th century. Their 16th-century frescoes mark a key stage in the development of post-Byzantine painting.</p>",,1988,527,455
Greece,Paleochristian and Byzantine Monuments of Thessalonika,Cultural,N,N,N,N,"<p>Founded in 315 B.C., the provincial capital and sea port of Thessalonika was one of the first bases for the spread of Christianity. Among its Christian monuments are fine churches, some built on the Greek cross plan and others on the three-nave basilica plan. Constructed over a long period, from the 4th to the 15th century, they constitute a diachronic typological series, which had considerable influence in the Byzantine world. The mosaics of the rotunda, St Demetrius and St David are among the great masterpieces of early Christian art.</p>",,1988,528,456
Greece,Sanctuary of Asklepios at Epidaurus,Cultural,N,N,N,N,"<p>In a small valley in the Peloponnesus, the shrine of Asklepios, the god of medicine, developed out of a much earlier cult of Apollo (Maleatas), during the 6th century BC at the latest, as the official cult of the city state of Epidaurus. Its principal monuments, particularly the temple of Asklepios, the Tholos and the Theatre - considered one of the purest masterpieces of Greek architecture &ndash; date from the 4th century. The vast site, with its temples and hospital buildings devoted to its healing gods, provides valuable insight into the healing cults of Greek and Roman times.</p>",,1988,571,491
Greece,Medieval City of Rhodes,Cultural,Y,Y,N,N,"<p>The Order of St John of Jerusalem occupied Rhodes from 1309 to 1523 and set about transforming the city into a stronghold. It subsequently came under Turkish and Italian rule. With the Palace of the Grand Masters, the Great Hospital and the Street of the Knights, the Upper Town is one of the most beautiful urban ensembles of the Gothic period. In the Lower Town, Gothic architecture coexists with mosques, public baths and other buildings dating from the Ottoman period.</p>",,1988,574,493
Greece,Archaeological Site of Mystras,Cultural,N,N,N,N,"<p>Mystras, the 'wonder of the Morea', was built as an amphitheatre around the fortress erected in 1249 by the prince of Achaia, William of Villehardouin. Reconquered by the Byzantines, then occupied by the Turks and the Venetians, the city was abandoned in 1832, leaving only the breathtaking medieval ruins, standing in a beautiful landscape.</p>",,1989,595,511
Greece,Archaeological Site of Olympia,Cultural,N,N,N,N,"<p>The site of Olympia, in a valley in the Peloponnesus, has been inhabited since prehistoric times. In the 10th century B.C., Olympia became a centre for the worship of Zeus. The Altis &ndash; the sanctuary to the gods &ndash; has one of the highest concentrations of masterpieces from the ancient Greek world. In addition to temples, there are the remains of all the sports structures erected for the Olympic Games, which were held in Olympia every four years beginning in 776 B.C.</p>",,1989,603,517
Greece,Delos,Cultural,N,N,N,N,"<p>According to Greek mythology, Apollo was born on this tiny island in the Cyclades archipelago. Apollo's sanctuary attracted pilgrims from all over Greece and Delos was a prosperous trading port. The island bears traces of the succeeding civilizations in the Aegean world, from the 3rd millennium B.C. to the palaeochristian era. The archaeological site is exceptionally extensive and rich and conveys the image of a great cosmopolitan Mediterranean port.</p>",,1990,620,530
Greece,"Monasteries of Daphni, Hosios Loukas and Nea Moni of Chios",Cultural,N,N,N,N,"<p>Although geographically distant from each other, these three monasteries (the first is in Attica, near Athens, the second in Phocida near Delphi, and the third on an island in the Aegean Sea, near Asia Minor) belong to the same typological series and share the same aesthetic characteristics. The churches are built on a cross-in-square plan with a large dome supported by squinches defining an octagonal space. In the 11th and 12th centuries they were decorated with superb marble works as well as mosaics on a gold background, all characteristic of the 'second golden age of Byzantine art'.</p>",,1990,632,537
Greece,Pythagoreion and Heraion of Samos,Cultural,Y,Y,N,N,"<p>Many civilizations have inhabited this small Aegean island, near Asia Minor, since the 3rd millennium B.C. The remains of Pythagoreion, an ancient fortified port with Greek and Roman monuments and a spectacular tunnel-aqueduct, as well as the Heraion, temple of the Samian Hera, can still be seen.</p>",,1992,703,595
Greece,Archaeological Site of Aigai (modern name Vergina),Cultural,N,N,N,N,"<p>The city of Aigai, the ancient first capital of the Kingdom of Macedonia, was discovered in the 19th century near Vergina, in northern Greece. The most important remains are the monumental palace, lavishly decorated with mosaics and painted stuccoes, and the burial ground with more than 300 tumuli, some of which date from the 11th century B.C. One of the royal tombs in the Great Tumulus is identified as that of Philip II, who conquered all the Greek cities, paving the way for his son Alexander and the expansion of the Hellenistic world.</p>","<p>The Committee decided to inscribe the nominated property on the basis of cultural criteria (i) and (iii) considering that the site is of outstanding universal value representing an exceptional testimony to a significant development in European civilization, at the transition from classical city-state to the imperial structure of the Hellenistic and Roman periods. This is vividly demonstrated in particular by the remarkable series of royal tombs and their rich contents. The Committee decided to add to the proposed criteria cultural criterion (i), since the paintings found at Vergina are of extraordinarily high quality and historical importance.</p>",1996,923,780
Greece,Archaeological Sites of Mycenae and Tiryns,Cultural,N,N,N,N,"<p>The archaeological sites of Mycenae and Tiryns are the imposing ruins of the two greatest cities of the Mycenaean civilization, which dominated the eastern Mediterranean world from the 15th to the 12th century B.C. and played a vital role in the development of classical Greek culture. These two cities are indissolubly linked to the Homeric epics, the <em>Iliad</em> and the <em>Odyssey</em> , which have influenced European art and literature for more than three millennia.</p>","<p><em>Criterion (i):</em> The architecture and design of Mycenae and Tiryns, such as the Lion Gate and the Treasury of Atreus at Mycenae and the walls of Tiryns, are outstanding examples of human creative genius.</p>
<p><em>Criterion (ii):</em> The Mycenaean civilization, as exemplified by Mycenae and Tiryns, had a profound effect on the development of classical Greek architecture and urban design, and consequently also on contemporary cultural forms.</p>
<p><em>Criteria (iii) and (iv):</em> Mycenae and Tiryns represent the apogee of the Mycenaean civilization, which laid the foundations for the evolution of later European cultures.</p>
<p><em>Criterion (vi):</em> Mycenae and Tiryns are indissolubly linked with the Homeric epics, the Iliad and the Odyssey, the influence of which upon European literature and the arts has been profound for more than three millennia.</p>",1999,1097,941
Greece,The Historic Centre (Chor·) with the Monastery of Saint-John the Theologian and the Cave of the Apocalypse on the Island of P·tmos,Cultural,N,N,N,N,"<p>The small island of P&aacute;tmos in the Dodecanese is reputed to be where St John the Theologian wrote both his Gospel and the Apocalypse. A monastery dedicated to the &lsquo;beloved disciple&rsquo; was founded there in the late 10th century and it has been a place of pilgrimage and Greek Orthodox learning ever since. The fine monastic complex dominates the island. The old settlement of Chor&aacute;, associated with it, contains many religious and secular buildings.</p>","<p><em>Criterion (iii):</em> The town of Chor&aacute; on the island of P&aacute;tmos is one of the few settlements in Greece that have evolved uninterruptedly since the 12th century. There are few other places in the world where religious ceremonies that date back to the early Christian times are still being practised unchanged.</p>

<p><em> Criterion (iv):</em> The Monastery of Hagios Ioannis Theologos (Saint John the Theologian) and the Cave of the Apocalypse on the island of P&aacute;tmos, together with the associated medieval settlement of Chor&aacute;, constitute an exceptional example of a traditional Greek Orthodox pilgrimage centre of outstanding architectural interest.</p>

<p><em>Criterion (vi):</em> The Monastery of Hagios Ioannis Theologos and the Cave of the Apocalypse commemorate the site where St John the Theologian (Divine), the &ldquo;Beloved Disciple&rdquo;, composed two of the most sacred Christian works, his Gospel and the Apocalypse.</p>",1999,1098,942
Greece,Old Town of Corfu,Cultural,Y,Y,N,N,"<p>The Old Town of Corfu, on the Island of Corfu off the western coasts of Albania and Greece, is located in a strategic position at the entrance of the Adriatic Sea, and has its roots in the 8th century BC. The three forts of the town, designed by renowned Venetian engineers, were used for four centuries to defend the maritime trading interests of the Republic of Venice against the Ottoman Empire. In the course of time, the forts were repaired and partly rebuilt several times, more recently under British rule in the 19th century. The mainly neoclassical housing stock of the Old Town is partly from the Venetian period, partly of later construction, notably the 19th century. As a fortified Mediterranean port, Corfu&rsquo;s urban and port ensemble is notable for its high level of integrity and authenticity.</p>",,2007,1477,978
Greece,Archaeological Site of Philippi,Cultural,N,N,N,N,"<p>The remains of this walled city lie at the foot of an acropolis in north-eastern Greece, on the ancient route linking Europe and Asia, the<span>†</span><em>Via Egnatia</em>. Founded in 356 BC by the Macedonian King Philip II, the city developed as a ìsmall Romeî with the establishment of the Roman Empire in the decades following the Battle of Philippi, in 42 BCE. The vibrant Hellenistic city of Philip II, of which the walls and their gates, the theatre and the funerary heroon (temple) are to be seen, was supplemented with Roman public buildings such as the Forum and a monumental terrace with temples to its north<span>. Later the city became a centre of the Christian faith following the visit of the Apostle Paul in 49-50 CE. The remains of its basilicas constitute an exceptional testimony to the early establishment of Christianity. †</span></p>",,2016,2109,1517
Guatemala,Tikal National Park,Mixed,N,N,Y,Y,"<p>In the heart of the jungle, surrounded by lush vegetation, lies one of the major sites of Mayan civilization, inhabited from the 6th century B.C. to the 10th century A.D. The ceremonial centre contains superb temples and palaces, and public squares accessed by means of ramps. Remains of dwellings are scattered throughout the surrounding countryside.</p>",,1979,68,64
Guatemala,Antigua Guatemala,Cultural,N,N,N,N,"<p>Antigua, the capital of the Captaincy-General of Guatemala, was founded in the early 16th century. Built 1,500 m above sea-level, in an earthquake-prone region, it was largely destroyed by an earthquake in 1773 but its principal monuments are still preserved as ruins. In the space of under three centuries the city, which was built on a grid pattern inspired by the Italian Renaissance, acquired a number of superb monuments.</p>",,1979,69,65
Guatemala,Archaeological Park and Ruins of Quirigua,Cultural,N,N,N,N,"<p>Inhabited since the 2nd century A.D., Quirigua had become during the reign of Cauac Sky (723&ndash;84) the capital of an autonomous and prosperous state. The ruins of Quirigua contain some outstanding 8th-century monuments and an impressive series of carved stelae and sculpted calendars that constitute an essential source for the study of Mayan civilization.</p>",,1981,167,149
Haiti,"National History Park ñ Citadel, Sans Souci, Ramiers",Cultural,N,N,N,N,"<p>These Haitian monuments date from the beginning of the 19th century, when Haiti proclaimed its independence. The Palace of Sans Souci, the buildings at Ramiers and, in particular, the Citadel serve as universal symbols of liberty, being the first monuments to be constructed by black slaves who had gained their freedom.</p>",,1982,199,180
Holy See,Vatican City,Cultural,Y,Y,Y,Y,"<p>The Vatican City, one of the most sacred places in Christendom, attests to a great history and a formidable spiritual venture. A unique collection of artistic and architectural masterpieces lie within the boundaries of this small state. At its centre is St Peter's Basilica, with its double colonnade and a circular piazza in front and bordered by palaces and gardens. The basilica, erected over the tomb of St Peter the Apostle, is the largest religious building in the world, the fruit of the combined genius of Bramante, Raphael, Michelangelo, Bernini and Maderno.</p>",,1984,320,286
Honduras,Maya Site of Copan,Cultural,N,N,N,N,"<p>Discovered in 1570 by Diego GarcÌa de Palacio, the ruins of Cop·n, one of the most important sites of the Mayan civilization, were not excavated until the 19th century. The ruined citadel and imposing public squares reveal the three main stages of development before the city was abandoned in the early 10th century.</p>",,1980,141,129
Honduras,RÌo Pl·tano Biosphere Reserve,Natural,N,N,N,N,"<p>Located on the watershed of the R&iacute;o Pl&aacute;tano, the reserve is one of the few remains of a tropical rainforest in Central America and has an abundant and varied plant and wildlife. In its mountainous landscape sloping down to the Caribbean coast, over 2,000 indigenous people have preserved their traditional way of life.</p>",,1982,217,196
Hungary,"Budapest, including the Banks of the Danube, the Buda Castle Quarter and Andr·ssy Avenue",Cultural,Y,Y,Y,Y,"<p>This site has the remains of monuments such as the Roman city of Aquincum and the Gothic castle of Buda, which have had a considerable influence on the architecture of various periods. It is one of the world's outstanding urban landscapes and illustrates the great periods in the history of the Hungarian capital.</p>",,1987,462,400
Hungary,Old Village of HollÛk? and its Surroundings,Cultural,N,N,N,N,"<p>Hollok&ouml; is an outstanding example of a deliberately preserved traditional settlement. This village, which developed mainly during the 17th and 18th centuries, is a living example of rural life before the agricultural revolution of the 20th century.</p>",,1987,464,401
Hungary,Hortob·gy National Park - the <i>Puszta</i>,Cultural,N,N,N,N,"<p>The cultural landscape of the Hortob&aacute;gy <em>Puszta</em> consists of a vast area of plains and wetlands in eastern Hungary. Traditional forms of land use, such as the grazing of domestic animals, have been present in this pastoral society for more than two millennia.</p>","<p><em>Criterion (iv):</em> The Hungarian Puszta is an outstanding example of a cultural landscape shaped by a pastoral human society.</p>

<p><em>Criterion (v):</em> The landscape of the Hortob&aacute;gy National Park preserves intact and visible the evidence of its traditional use over more than two millennia and represents the harmonious interaction between human beings and nature.</p>",1999,552,474
Hungary,Millenary Benedictine Abbey of Pannonhalma and its Natural Environment,Cultural,N,N,N,N,"<p>The first Benedictine monks settled here in 996. They went on to convert the Hungarians, to found the country's first school and, in 1055, to write the first document in Hungarian. From the time of its founding, this monastic community has promoted culture throughout central Europe. Its 1,000-year history can be seen in the succession of architectural styles of the monastic buildings (the oldest dating from 1224), which still today house a school and the monastic community.</p>",<p>The Committee decided to inscribe the nominated property on the basis of cultural criteria (iv) and (vi) considering that the site is of outstanding universal value illustrating in an exceptional manner the structure and setting of an early Christian Monastery that has evolved over a thousand years of continuous use. Its location and the early date of its foundation bear unique witness to the propagation and continuity of Christianity in Central Europe.</p>,1996,893,758
Hungary,Early Christian Necropolis of PÈcs (Sopianae),Cultural,N,N,N,N,"<p>In the 4th century, a remarkable series of decorated tombs were constructed in the cemetery of the Roman provincial town of Sopianae (modern PÈcs). These are important both structurally and architecturally, since they were built as underground burial chambers with memorial chapels above the ground. The tombs are important also in artistic terms, since they are richly decorated with murals of outstanding quality depicting Christian themes.</p>","<p><em>Criterion (iii):</em> The burial chambers and memorial chapels of the Sopianae cemetery bear outstanding testimony to the strength and faith of the Christian communities of Late Roman Europe.</p>

<p><em>Criterion (iv):</em> The unique Early Christian sepulchral art and architecture of the northern and western Roman provinces is exceptionally well and fully illustrated by the Sopianae cemetery at PÈcs.</p>",2000,1004,853
Hungary,Tokaj Wine Region Historic Cultural Landscape,Cultural,N,N,N,N,"<p>The cultural landscape of Tokaj graphically demonstrates the long tradition of wine production in this region of low hills and river valleys. The intricate pattern of vineyards, farms, villages and small towns, with their historic networks of deep wine cellars, illustrates every facet of the production of the famous Tokaj wines, the quality and management of which have been strictly regulated for nearly three centuries.</p>","<p><em>Criterion (iii):</em> &nbsp;The Tokaji wine region represents a distinct viticultural tradition that has existed for at least a thousand years and which has survived intact up to the present.</p>

<p><em>Criterion (v):</em> The entire landscape of the Tokaji wine region, including both vineyards and long established settlements, vividly illustrates the specialized form of traditional land-use that it represents.</p>",2002,1240,1063
Iceland,ﬁingvellir National Park,Cultural,Y,Y,Y,Y,"<p>ﬁingvellir (Thingvellir) is the National Park where the Althing, an open-air assembly†representing the whole of Iceland, was established in 930 and continued to meet until 1798. Over two weeks a year, the assembly set laws - seen as a covenant between free men - and settled disputes. The Althing has deep historical and symbolic associations for the people of Iceland. The property includes the ﬁingvellir National Park and the remains of the Althing itself: fragments of around 50 booths built from turf and stone. Remains from the 10th century are thought to be buried underground. The site also includes remains of agricultural use from the 18th and 19th centuries. The park shows evidence of the way the landscape was husbanded over 1,000 years.</p>","<p><em>Criterion (iii):</em> The Althing and its hinterland, the ﬁingvellir National Park, represent, through the remains of the assembly ground, the booths for those who attended, and through landscape evidence of settlement extending back possibly to the time the assembly was established, a unique reflection of mediaeval Norse/Germanic culture and one that persisted in essence from its foundation in 980 AD until the 18th century.</p>

<p><em>Criterion (vi):</em> Pride in the strong association of the Althing to mediaeval Germanic/Norse governance, known through the 12th century Icelandic sagas, and reinforced during the fight for independence in the 19th century, have, together with the powerful natural setting of the assembly grounds, given the site iconic status as a shrine for the national.</p>",2004,1333,1152
Iceland,Surtsey,Natural,N,N,N,N,"<p>Surtsey, a volcanic island approximately 32 km from the south coast of Iceland, is a new island formed by volcanic eruptions that took place from 1963 to 1967. It is all the more outstanding for having been protected since its birth, providing the world with a pristine natural laboratory. Free from human interference, Surtsey has been producing unique long-term information on the colonisation process of new land by plant and animal life. Since they began studying the island in 1964, scientists have observed the arrival of seeds carried by ocean currents, the appearance of moulds, bacteria and fungi, followed in 1965 by the first vascular plant, of which there were 10 species by the end of the first decade. By 2004, they numbered 60 together with 75 bryophytes, 71 lichens and 24 fungi. Eighty-nine species of birds have been recorded on Surtsey, 57 of which breed elsewhere in Iceland. The 141 ha island is also home to 335 species of invertebrates.</p>",,2008,1532,1267
India,Red Fort Complex,Cultural,N,N,Y,Y,"<p>The Red Fort Complex was built as the palace fort of Shahjahanabad &ndash; the new capital of the fifth Mughal Emperor of India, Shah Jahan. Named for its massive enclosing walls of red sandstone, it is adjacent to an older fort, the Salimgarh, built by Islam Shah Suri in 1546, with which it forms the Red Fort Complex. The private apartments consist of a row of pavilions connected by a continuous water channel, known as the Nahr-i-Behisht (Stream of Paradise). The Red Fort is considered to represent the zenith of Mughal creativity which, under the Shah Jahan, was brought to a new level of refinement. The planning of the palace is based on Islamic prototypes, but each pavilion reveals architectural elements typical of Mughal building, reflecting a fusion of Persian, Timurid and Hindu traditions The Red Fort&rsquo;s innovative planning and architectural style, including the garden design, strongly influenced later buildings and gardens in Rajasthan, Delhi, Agra and further afield.</p>",,2007,1460,231
India,"Humayun's Tomb, Delhi",Cultural,N,N,Y,Y,"<p>This tomb, built in 1570, is of particular cultural significance as it was the first garden-tomb on the Indian subcontinent. It inspired several major architectural innovations, culminating in the construction of the Taj Mahal.</p>",<p>The Committee inscribed the site on the World Heritage List under criteria (ii) and (iv).</p>,1993,2182,232
India,"Qutb Minar and its Monuments, Delhi",Cultural,N,N,Y,Y,"<p>Built in the early 13th century a few kilometres south of Delhi, the red sandstone tower of Qutb Minar is 72.5 m high, tapering from 2.75 m in diameter at its peak to 14.32 m at its base, and alternating angular and rounded flutings. The surrounding archaeological area contains funerary buildings, notably the magnificent Alai-Darwaza Gate, the masterpiece of Indo-Muslim art (built in 1311), and two mosques, including the Quwwatu'l-Islam, the oldest in northern India, built of materials reused from some 20 Brahman temples.</p>",<p>The Committee inscribed the site on the World Heritage List under criterion (iv)</p>,1993,259,233
India,Churches and Convents of Goa,Cultural,N,N,Y,Y,"<p>The churches and convents of Goa, the former capital of the Portuguese Indies &ndash; particularly the Church of Bom Jesus, which contains the tomb of St Francis-Xavier &ndash; illustrate the evangelization of Asia. These monuments were influential in spreading forms of Manueline, Mannerist and Baroque art in all the countries of Asia where missions were established.</p>",,1986,260,234
India,Group of Monuments at Pattadakal,Cultural,N,N,N,N,"<p>Pattadakal, in Karnataka, represents the high point of an eclectic art which, in the 7th and 8th centuries under the Chalukya dynasty, achieved a harmonious blend of architectural forms from northern and southern India. An impressive series of nine Hindu temples, as well as a Jain sanctuary, can be seen there. One masterpiece from the group stands out ñ the Temple of Virupaksha, built c. 740 by Queen Lokamahadevi to commemorate her husband's victory over the kings from the South.</p>",,1987,266,239
India,Khajuraho Group of Monuments,Cultural,N,N,N,N,"<p>The temples at Khajuraho were built during the Chandella dynasty, which reached its apogee between 950 and 1050. Only about 20 temples remain; they fall into three distinct groups and belong to two different religions &ndash; Hinduism and Jainism. They strike a perfect balance between architecture and sculpture. The Temple of Kandariya is decorated with a profusion of sculptures that are among the greatest masterpieces of Indian art.</p>",,1986,267,240
India,Group of Monuments at Hampi,Cultural,N,N,Y,Y,"<p>The austere, grandiose site of Hampi was the last capital of the last great Hindu Kingdom of Vijayanagar. Its fabulously rich princes built Dravidian temples and palaces which won the admiration of travellers between the 14th and 16th centuries. Conquered by the Deccan Muslim confederacy in 1565, the city was pillaged over a period of six months before being abandoned.</p>",,1986,1932,241
India,Ajanta Caves,Cultural,N,N,N,N,"<p>The first Buddhist cave monuments at Ajanta date from the 2nd and 1st centuries B.C. During the Gupta period (5th and 6th centuries A.D.), many more richly decorated caves were added to the original group. The paintings and sculptures of Ajanta, considered masterpieces of Buddhist religious art, have had a considerable artistic influence.</p>",,1983,269,242
India,Ellora Caves,Cultural,N,N,N,N,"<p>These 34 monasteries and temples, extending over more than 2 km, were dug side by side in the wall of a high basalt cliff, not far from Aurangabad, in Maharashtra. Ellora, with its uninterrupted sequence of monuments dating from A.D. 600 to 1000, brings the civilization of ancient India to life. Not only is the Ellora complex a unique artistic creation and a technological exploit but, with its sanctuaries devoted to Buddhism, Hinduism and Jainism, it illustrates the spirit of tolerance that was characteristic of ancient India.</p>",,1983,270,243
India,Elephanta Caves,Cultural,N,N,N,N,"<p>The 'City of Caves', on an island in the Sea of Oman close to Bombay, contains a collection of rock art linked to the cult of Shiva. Here, Indian art has found one of its most perfect expressions, particularly the huge high reliefs in the main cave.</p>",,1987,272,244
India,"Sun Temple, Kon‚rak",Cultural,N,N,N,N,"<p>On the shores of the Bay of Bengal, bathed in the rays of the rising sun, the temple at Konarak is a monumental representation of the sun god Surya's chariot; its 24 wheels are decorated with symbolic designs and it is led by a team of six horses. Built in the 13th century, it is one of India's most famous Brahman sanctuaries.</p>",,1984,274,246
India,Hill Forts of Rajasthan,Cultural,N,N,N,N,"<p>The serial site, situated in the state of Rajastahan, includes six majestic forts in Chittorgarh; Kumbhalgarh; Sawai Madhopur; Jhalawar; Jaipur, and Jaisalmer. The ecclectic architecture of the forts, some up to 20 kilometres in circumference, bears testimony to the power of the Rajput princely states that flourished in the region from the 8th to the 18th centuries. Enclosed within defensive walls are major urban centres, palaces, trading centres and other buildings including temples that often predate the fortifications within which developed an elaborate courtly culture that supported learning, music and the arts. Some of the urban centres enclosed in the fortifications have survived, as have many of the site's temples and other sacred buildings. The forts use the natural defenses offered by the landscape: hills, deserts, rivers, and dense forests. They also feature extensive water harvesting structures, largely still in use today.</p>

<div>&nbsp;</div>",,2013,1947,247
India,Group of Monuments at Mahabalipuram,Cultural,N,N,N,N,"<p>This group of sanctuaries, founded by the Pallava kings, was carved out of rock along the Coromandel coast in the 7th and 8th centuries. It is known especially for its <em>rathas</em> (temples in the form of chariots), <em>mandapas</em> (cave sanctuaries), giant open-air reliefs such as the famous 'Descent of the Ganges', and the temple of Rivage, with thousands of sculptures to the glory of Shiva.</p>",,1984,277,249
India,Great Living Chola Temples,Cultural,N,N,N,N,"<p>The Great Living Chola Temples were built by kings of the Chola Empire, which stretched over all of south India and the neighbouring islands. The site includes three great 11th- and 12th-century Temples: the Brihadisvara Temple at Thanjavur, the Brihadisvara Temple at Gangaikondacholisvaram and the Airavatesvara Temple at Darasuram. The Temple of Gangaikondacholisvaram, built by Rajendra I, was completed in 1035. Its 53-m <em>vimana</em> (sanctum tower) has recessed corners and a graceful upward curving movement, contrasting with the straight and severe tower at Thanjavur. The Airavatesvara temple complex, built by Rajaraja II, at Darasuram features a 24-m <em>vimana</em> and a stone image of Shiva. The temples testify to the brilliant achievements of the Chola in architecture, sculpture, painting and bronze casting.</p>","<p><em>Criterion (i):</em> The three Chola temples of Southern India represent an outstanding creative achievement in the architectural conception of the pure form of the dravida type of temple.</p>

<p><em>Criterion (ii):</em> The Brihadisvara Temple at Thanjavur became the first great example of the Chola temples, followed by a development of which the other two properties also bear witness.</p>

<p><em>Criterion (iii):</em> The three Great Chola Temples are an exceptional and the most outstanding testimony to the development of the architecture of the Chola Empire and the Tamil civilisation in Southern India.</p>

<p><em>Criterion (iv):</em> The Great Chola temples at Thanjavur, at Gangaikondacholapuram and Darasuram are outstanding examples of the architecture and the representation of the Chola ideology.</p>",1987,280,250
India,Agra Fort,Cultural,N,N,Y,Y,"<p>Near the gardens of the Taj Mahal stands the important 16th-century Mughal monument known as the Red Fort of Agra. This powerful fortress of red sandstone encompasses, within its 2.5-km-long enclosure walls, the imperial city of the Mughal rulers. It comprises many fairy-tale palaces, such as the Jahangir Palace and the Khas Mahal, built by Shah Jahan; audience halls, such as the Diwan-i-Khas; and two very beautiful mosques.</p>",,1983,281,251
India,Taj Mahal,Cultural,N,N,Y,Y,"<p>An immense mausoleum of white marble, built in Agra between 1631 and 1648 by order of the Mughal emperor Shah Jahan in memory of his favourite wife, the Taj Mahal is the jewel of Muslim art in India and one of the universally admired masterpieces of the world's heritage.</p>",,1983,282,252
India,Fatehpur Sikri,Cultural,N,N,Y,Y,"<p>Built during the second half of the 16th century by the Emperor Akbar, Fatehpur Sikri (the City of Victory) was the capital of the Mughal Empire for only some 10 years. The complex of monuments and temples, all in a uniform architectural style, includes one of the largest mosques in India, the Jama Masjid.</p>",,1986,285,255
India,Nanda Devi and Valley of Flowers National Parks  ,Natural,N,N,N,N,"<p>Nestled high in West Himalaya, India&rsquo;s Valley of Flowers National Park is renowned for its meadows of endemic alpine flowers and outstanding natural beauty. This richly diverse area is also home to rare and endangered animals, including the Asiatic black bear, snow leopard, brown bear and blue sheep. The gentle landscape of the Valley of Flowers National Park complements the rugged mountain wilderness of Nanda Devi National Park. Together they encompass a unique transition zone between the mountain ranges of the Zanskar and Great Himalaya, praised by mountaineers and botanists for over a century and in Hindu mythology for much longer.</p>","<p><em>Criterion (vii): </em>The Valley of Flowers is an outstandingly beautiful high-altitude Himalayan valley that has been acknowledged as such by renowned mountaineers and botanists in literature for over a century and in Hindu mythology for much longer. Its &lsquo;gentle&rsquo; landscape, breath-takingly beautiful meadows of alpine flowers and ease of access complement the rugged, mountain wilderness for which the inner basin of Nanda Devi National Park is renowned.</p>

<p><em>Criterion (x): </em>The Valley of Flowers is internationally important on account of its diverse alpine flora, representative of the West Himalaya biogeographic zone. The rich diversity of species reflects the valley&rsquo;s location within a transition zone between the Zaskar and Great Himalaya ranges to the north and south, respectively, and between the Eastern and Western Himalaya flora. A number of plant species are internationally threatened, several have not been recorded from elsewhere in Uttaranchal and two have not been recorded in Nanda Devi National Park. The diversity of threatened species of medicinal plants is higher than has been recorded in other Indian Himalayan protected areas. The entire Nanda Devi Biosphere Reserve lies within the Western Himalayas Endemic Bird Area (EBA). Seven restricted-range bird species are endemic to this part of the EBA.</p>",1988,382,335
India,Kaziranga National Park,Natural,N,N,N,N,"<p>In the heart of Assam, this park is one of the last areas in eastern India undisturbed by a human presence. It is inhabited by the world's largest population of one-horned rhinoceroses, as well as many mammals, including tigers, elephants, panthers and bears, and thousands of birds.</p>",,1985,384,337
India,Manas Wildlife Sanctuary,Natural,N,N,N,N,"<p>On a gentle slope in the foothills of the Himalayas, where wooded hills give way to alluvial grasslands and tropical forests, the Manas sanctuary is home to a great variety of wildlife, including many endangered species, such as the tiger, pygmy hog, Indian rhinoceros and Indian elephant.</p>",,1985,385,338
India,Keoladeo National Park,Natural,N,N,N,N,"<p>This former duck-hunting reserve of the Maharajas is one of the major wintering areas for large numbers of aquatic birds from Afghanistan, Turkmenistan, China and Siberia. Some 364 species of birds, including the rare Siberian crane, have been recorded in the park.</p>",,1985,387,340
India,Sundarbans National Park,Natural,N,N,N,N,"<p>The Sundarbans covers 10,000 km<sup>2</sup> of land and water (more than half of it in India, the rest in Bangladesh) in the Ganges delta. It contains the world's largest area of mangrove forests. A number of rare or endangered species live in the park, including tigers, aquatic mammals, birds and reptiles.</p>",,1987,524,452
India,Buddhist Monuments at Sanchi,Cultural,N,N,N,N,"<p>On a hill overlooking the plain and about 40 km from Bhopal, the site of Sanchi comprises a group of Buddhist monuments (monolithic pillars, palaces, temples and monasteries) all in different states of conservation most of which date back to the 2nd and 1st centuries B.C. It is the oldest Buddhist sanctuary in existence and was a major Buddhist centre in India until the 12th century A.D.</p>",,1989,613,524
India,"Rani-ki-Vav (the Queenís Stepwell) at Patan, Gujarat",Cultural,N,N,N,N,"<p>Rani-ki-Vav, on the banks of the Saraswati River, was initially built as a memorial to a king in the 11th century AD. Stepwells are a distinctive form of subterranean water resource and storage systems on the Indian subcontinent, and have been constructed since the 3rd millennium BC. They evolved over time from what was basically a pit in sandy soil towards elaborate multi-storey works of art and architecture. Rani-ki-Vav was built at the height of craftsmens&rsquo; ability in stepwell construction and the Maru-Gurjara architectural style, reflecting mastery of this complex technique and great beauty of detail and proportions. Designed as an inverted temple highlighting the sanctity of water, it is divided into seven levels of stairs with sculptural panels of high artistic quality; more than 500 principle sculptures and over a thousand minor ones combine religious, mythological and secular imagery, often referencing literary works. The fourth level is the deepest and leads into a rectangular tank 9.5&nbsp;m by 9.4&nbsp;m, at a depth of 23&nbsp;m. The well is located at the westernmost end of the property and consists of a shaft 10&nbsp;m in diameter and 30&nbsp;m deep.</p>",,2014,2008,922
India,Rock Shelters of Bhimbetka,Cultural,N,N,N,N,"<p>The Rock Shelters of Bhimbetka are in the foothills of the Vindhyan Mountains on the southern edge of the central Indian plateau. Within massive sandstone outcrops, above comparatively dense forest, are five clusters of natural rock shelters, displaying paintings that appear to date from the Mesolithic Period right through to the historical period. The cultural traditions of the inhabitants of the twenty-one villages adjacent to the site bear a strong resemblance to those represented in the rock paintings.</p>","<p>Criterion (iii): Bhimbetka reflects a long interaction between people and the landscape, as demonstrated in the quantity and quality of its rock art. Criterion (v): Bhimbetka is closely associated with a hunting and gathering economy as demonstrated in the rock art and in the relicts of this tradition in the local adivasi villages on the periphery of this site.</p>",2003,1079,925
India,Mountain Railways of India,Cultural,N,N,N,N,"<p>This site includes three railways. The Darjeeling Himalayan Railway was the first, and is still the most outstanding, example of a hill passenger railway. Opened in 1881, its design applies bold and ingenious engineering solutions to the problem of establishing an effective rail link across a mountainous terrain of great beauty. The construction of the Nilgiri Mountain Railway, a 46-km long metre-gauge single-track railway in Tamil Nadu State was first proposed in 1854, but due to the difficulty of the mountainous location the work only started in 1891 and was completed in 1908. This railway, scaling an elevation of 326 m to 2,203 m, represented the latest technology of the time. The Kalka Shimla Railway, a 96-km long, single track working rail link built in the mid-19th century to provide a service to the highland town of Shimla is emblematic of the technical and material efforts to disenclave mountain populations through the railway. All three railways are still fully operational.</p>",,1999,1540,944
India,Chhatrapati Shivaji Terminus (formerly Victoria Terminus),Cultural,N,N,Y,Y,"<p>The Chhatrapati Shivaji Terminus, formerly known as Victoria Terminus Station, in Mumbai, is an outstanding example of Victorian Gothic Revival architecture in India, blended with themes deriving from Indian traditional architecture. The building, designed by the British architect F. W. Stevens, became the symbol of Bombay as the &lsquo;Gothic City&rsquo; and the major international mercantile port of India. The terminal was built over 10 years, starting in 1878, according to a High Victorian Gothic design based on late medieval Italian models. Its remarkable stone dome, turrets, pointed arches and eccentric ground plan are close to traditional Indian palace architecture. It is an outstanding example of the meeting of two cultures, as British architects worked with Indian craftsmen to include Indian architectural tradition and idioms thus forging a new style unique to Bombay.</p>","<p><em>Criterion (ii):</em> Chhatrapati Shivaji Terminus of Mumbai (formerly Bombay) exhibits an important interchange of influences from Victorian Italianate Gothic Revival architecture, and from Indian traditional buildings. It became a symbol for Mumbai as a major mercantile port city on the Indian Subcontinent within the British Commonwealth.</p>

<p><em>Criterion (iv):</em> Chhatrapati Shivaji Terminus is an outstanding example of late 19th century railway architecture in the British Commonwealth, characterized by Victorian Gothic Revival and traditional Indian features, as well as its advanced structural and technical solutions.</p>",2004,1105,945
India,Mahabodhi Temple Complex at Bodh Gaya,Cultural,N,N,N,N,"<p>The Mahabodhi Temple Complex is one of the four holy sites related to the life of the Lord Buddha, and particularly to the attainment of Enlightenment. The first temple was built by Emperor Asoka in the 3rd century B.C., and the present temple dates from the 5th or 6th centuries. It is one of the earliest Buddhist temples built entirely in brick, still standing in India, from the late Gupta period.</p>","<p>Criterion (i): The grand 50m high Mahabodhi Temple of the 5th-6th centuries is of immense importance, being one of the earliest temple constructions existing in the Indian sub-continent. It is one of the few representations of the architectural genius of the Indian people in constructing fully developed brick temples in that era.</p>

<p>Criterion (ii): The Mahabodhi Temple, one of the few surviving examples of early brick structures in India, has had significant influence in the development of architecture over the centuries.</p>

<p>Criterion (iii): The site of the Mahabodhi Temple provides exceptional records for the events associated with the life of Buddha and subsequent worship, particularly since Emperor Asoka built the first temple, the balustrades, and the memorial column.</p>

<p>Criterion (iv): The present Temple is one of the earliest and most imposing structures built entirely in brick from the late Gupta period. The sculpted stone balustrades are an outstanding early example of sculptural reliefs in stone.</p>

<p>Criterion (vi): The Mahabodhi Temple Complex in Bodh Gaya has direct association with the life of the Lord Buddha, being the place where He attained the supreme and perfect insight.</p>",2002,1231,1056
India,Champaner-Pavagadh Archaeological Park,Cultural,N,N,N,N,"<p>A concentration of largely unexcavated archaeological, historic and living cultural heritage properties cradled in an impressive landscape which includes prehistoric (chalcolithic) sites, a hill fortress of an early Hindu capital, and remains of the 16th-century capital of the state of Gujarat. The site also includes, among other vestiges, fortifications, palaces, religious buildings, residential precincts, agricultural structures and water installations, from the 8th to 14th centuries. The Kalikamata Temple on top of Pavagadh Hill is considered to be an important shrine, attracting large numbers of pilgrims throughout the year. The site is the only complete and unchanged Islamic pre-Mughal city.</p>","<p><em>Criterion (iii):</em> The Champaner-Pavagadh Archaeological Park with its ancient Hindu architecture, temples and special water retaining installations together with its religious, military and agricultural structures, dating back to the regional Capital City built by Mehmud Begda in the 16th century, represents cultures which have disappeared.</p>

<p><em>Criterion (iv):</em> The structures represent a perfect blend of Hindu-Moslem architecture, mainly in the Great Mosque (Jami Masjid), which was a model for later mosque architecture in India. This special style comes from the significant period of regional sultanates.</p>

<p><em>Criterion (v):</em> The Champaner-Pavagadh Archaeological Park is an outstanding example of a very short living Capital, making the best use of its setting, topography and natural features. It is quite vulnerable due to abandonment, forest takeover and modern life.</p>

<p><em>Criterion (vi):</em> The Champaner-Pavagadh Archaeological Park is a place of worship and continuous pilgrimage for Hindu believers.</p>",2004,1279,1101
India,"The Jantar Mantar, Jaipur",Cultural,N,N,N,N,"<p>The Jantar Mantar, in Jaipur, is an astronomical observation site built in the early 18th century. It includes a set of some 20 main fixed instruments. They are monumental examples in masonry of known instruments but which in many cases have specific characteristics of their own. Designed for the observation of astronomical positions with the naked eye, they embody several architectural and instrumental innovations. This is the most significant, most comprehensive, and the best preserved of India's historic observatories. It is an expression of the astronomical skills and cosmological concepts of the court of a scholarly prince at the end of the Mughal period.</p>",,2010,1677,1338
India,Western Ghats,Natural,N,N,Y,Y,"<p>Older than the Himalaya mountains, the mountain chain of the Western Ghats represents geomorphic features of immense importance with unique biophysical and ecological processes. The site&rsquo;s high montane forest ecosystems influence the Indian monsoon weather pattern. Moderating the tropical climate of the region, the site presents one of the best examples of the monsoon system on the planet. It also has an exceptionally high level of biological diversity and endemism and is recognized as one of the world&rsquo;s eight &lsquo;hottest hotspots&rsquo; of biological diversity. The forests of the site include some of the best representatives of non-equatorial tropical evergreen forests anywhere and are home to at least 325 globally threatened flora, fauna, bird, amphibian, reptile and fish species.</p>",,2012,1921,1342
India,Great Himalayan National Park Conservation Area,Natural,N,N,N,N,"<p>This National Park in the western part of the Himalayan Mountains in the northern Indian state of Himachal Pradesh is characterized by high alpine peaks, alpine meadows and riverine forests. The 90,540&nbsp;ha property includes the upper mountain glacial and snow meltwater sources of several rivers, and the catchments of water supplies that are vital to millions of downstream users. The GHNPCA protects the monsoon-affected forests and alpine meadows of the Himalayan front ranges. It is part of the Himalaya biodiversity hotspot and includes twenty-five forest types along with a rich assemblage of fauna species, several of which are threatened. This gives the site outstanding significance for biodiversity conservation.</p>",,2014,2011,1406
India,"Archaeological Site of Nalanda <i>Mahavihara</i> (Nalanda University) at Nalanda, Bihar",Cultural,N,N,N,N,"<p>The Nalanda <em>Mahavihara</em> site is in the State of Bihar, in north-eastern India. It comprises the archaeological remains of a monastic and scholastic institution dating from the 3rd century BCE to the 13th century CE. It includes <em>stupas</em>, shrines, <em>viharas</em> (residential and educational buildings) and important art works in stucco, stone and metal. Nalanda stands out as the most ancient university of the Indian Subcontinent. It engaged in the organized transmission of knowledge over an uninterrupted period of 800 years. The historical development of the site testifies to the development of Buddhism into a religion and the flourishing of monastic and educational traditions.</p>",,2016,2089,1502
India,Khangchendzonga National Park,Mixed,N,N,N,N,"<p>Located at the heart of the Himalayan range in northern India (State of Sikkim), the Khangchendzonga National Park includes a unique diversity of plains, valleys, lakes, glaciers and spectacular, snow-capped mountains covered with ancient forests, including the worldís third highest peak, Mount Khangchendzonga. Mythological stories are associated with this mountain and with a great number of natural elements (caves, rivers, lakes, etc.) that are the object of worship by the indigenous people of Sikkim. The sacred meanings of these stories and practices have been integrated with Buddhist beliefs and constitute the basis for Sikkimese identity.</p>",,2016,2105,1513
India,Historic City of Ahmadabad,Cultural,N,N,N,N,"<p>The walled city of Ahmadabad, founded by Sultan Ahmad Shah in the 15th century, on the eastern bank of the Sabarmati river, presents a rich architectural heritage from the sultanate period, notably the Bhadra citadel, the walls and gates of the Fort city and numerous mosques and tombs as well as important Hindu and Jain temples of later periods. The urban fabric is made up of densely-packed traditional houses (pols) in gated traditional streets (puras) with characteristic features such as bird feeders, public wells and religious institutions. The city continued to flourish as the capital of the State of Gujarat for six centuries, up to the present.</p>

<span></span>",,2017,2144,1551
Indonesia,Borobudur Temple Compounds,Cultural,N,N,N,N,"<p>This famous Buddhist temple, dating from the 8th and 9th centuries, is located in central Java. It was built in three tiers: a pyramidal base with five concentric square terraces, the trunk of a cone with three circular platforms and, at the top, a monumental stupa. The walls and balustrades are decorated with fine low reliefs, covering a total surface area of 2,500 m<sup>2</sup>. Around the circular platforms are 72 openwork stupas, each containing a statue of the Buddha. The monument was restored with UNESCO's help in the 1970s.</p>",,1991,700,592
Indonesia,Sangiran Early Man Site,Cultural,N,N,N,N,"<p>Excavations here from 1936 to 1941 led to the discovery of the first hominid fossil at this site. Later, 50 fossils of <em>Meganthropus palaeo</em> and <em>Pithecanthropus erectus/Homo erectus</em> were found &ndash; half of all the world's known hominid fossils. Inhabited for the past one and a half million years, Sangiran is one of the key sites for the understanding of human evolution.</p>",<p>The Committee decided to inscribe the nominated site under cultural criteria (iii) and (vi) as one of the key sites for the understanding of human evolution that admirably illustrates the development of Homo sapiens sapiens from the Lower Pleistocene to the present through the outstanding fossil and artefactual material that it has produced.</p>,1996,701,593
Indonesia,Ujung Kulon National Park,Natural,N,N,N,N,"<p>This national park, located in the extreme south-western tip of Java on the Sunda shelf, includes the Ujung Kulon peninsula and several offshore islands and encompasses the natural reserve of Krakatoa. In addition to its natural beauty and geological interest &ndash; particularly for the study of inland volcanoes &ndash; it contains the largest remaining area of lowland rainforests in the Java plain. Several species of endangered plants and animals can be found there, the Javan rhinoceros being the most seriously under threat.</p>",,1991,722,608
Indonesia,Komodo National Park,Natural,N,N,N,N,"<p>These volcanic islands are inhabited by a population of around 5,700 giant lizards, whose appearance and aggressive behaviour have led to them being called 'Komodo dragons'. They exist nowhere else in the world and are of great interest to scientists studying the theory of evolution. The rugged hillsides of dry savannah and pockets of thorny green vegetation contrast starkly with the brilliant white sandy beaches and the blue waters surging over coral.</p>",,1991,723,609
Indonesia,Prambanan Temple Compounds,Cultural,N,N,N,N,"<p>Built in the 10th century, this is the largest temple compound dedicated to Shiva in Indonesia. Rising above the centre of the last of these concentric squares are three temples decorated with reliefs illustrating the epic of the <em>Ramayana</em>, dedicated to the three great Hindu divinities (Shiva, Vishnu and Brahma) and three temples dedicated to the animals who serve them.</p>",,1991,762,642
Indonesia,Lorentz National Park,Natural,N,N,N,N,"<p>Lorentz National Park (2.35 million ha) is the largest protected area in South-East Asia. It is the only protected area in the world to incorporate a continuous, intact transect from snowcap to tropical marine environment, including extensive lowland wetlands. Located at the meeting-point of two colliding continental plates, the area has a complex geology with ongoing mountain formation as well as major sculpting by glaciation. The area also contains fossil sites which provide evidence of the evolution of life on New Guinea, a high level of endemism and the highest level of biodiversity in the region.</p>","<p>The site is the largest protected area in Southeast Asia (2.35 mil. ha.) and the only protected area in the world which incorporates a continuous, intact transect from snow cap to tropical marine environment, including extensive lowland wetlands. Located at the meeting point of two colliding continental plates, the area has a complex geology with on-going mountain formation as well as major sculpting by glaciation and shoreline accretion which has formed much of the lowland areas. These processes have led to a high level of endemism and the area supports the highest level of biodiversity in the region. The area also contains fossil sites that record the evolution of life on New Guinea.</p>",1999,1118,955
Indonesia,Tropical Rainforest Heritage of Sumatra,Natural,N,N,N,N,"<p>The 2.5 million hectare Tropical Rainforest Heritage of Sumatra site comprises three national parks: Gunung Leuser National Park, Kerinci Seblat National Park and Bukit Barisan Selatan National Park. The site holds the greatest potential for long-term conservation of the distinctive and diverse biota of Sumatra, including many endangered species. The protected area is home to an estimated 10,000 plant species, including 17 endemic genera; more than 200 mammal species; and some 580 bird species of which 465 are resident and 21 are endemic. Of the mammal species, 22 are Asian, not found elsewhere in the archipelago and 15 are confined to the Indonesian region, including the endemic Sumatran orang-utan. The site also provides biogeographic evidence of the evolution of the island.</p>","<p><strong>Criterion (vii):</strong> The parks that comprise the Tropical Rainforest Heritage of Sumatra are all located on the prominent main spine of the Bukit Barisan Mountains, known as the 'Andes of Sumatra'. Outstanding scenic landscapes abound at all scales. The mountains of each site present prominent mountainous backdrops to the settled and developed lowlands of Sumatra. The combination of the spectacularly beautiful Lake Gunung Tujuh (the highest lake in southeast Asia), the magnificence of the giant Mount Kerinci volcano, numerous small volcanic, coastal and glacial lakes in natural forested settings, fumaroles belching smoke from forested mountains and numerous waterfalls and cave systems in lush rainforest settings, emphazise the outstanding beauty of the Tropical Rainforest Heritage of Sumatra.</p>

<p><strong>Criterion (ix):</strong> The Tropical Rainforest Heritage of Sumatra represent the most important blocks of forest on the island of Sumatra for the conservation of the biodiversity of both lowland and mountain forests. This once vast island of tropical rainforest, in the space of only 50 years, has been reduced to isolated remnants including those centred on the three nominated sites. The Leuser Ecosystem, including the Gunung Leuser National Park, is by far the largest and most significant forest remnant remaining in Sumatra. All three parks would undoubtedly have been important climatic refugia for species over evolutionary time and have now become critically important refugia for future evolutionary processes.</p>

<p><strong>Criterion (x):</strong> All three parks that comprise the Tropical Rainforest Heritage of Sumatra are areas of very diverse habitat and exceptional biodiversity. Collectively, the three sites include more than 50% of the total plant diversity of Sumatra. At least 92 local endemic species have been identified in Gunung Leuser National Park. The nomination contains populations of both the worldís largest flower (Rafflesia arnoldi) and the tallest flower (Amorphophallus titanium). The relict lowland forests in the nominated sites are very important for conservation of the plant and animal biodiversity of the rapidly disappearing lowland forests of South East Asia. Similarly, the montane forests, although less threatened, are very important for conservation of the distinctive montane vegetation of the property.</p>",2004,1344,1167
Indonesia,Cultural Landscape of Bali Province: the <em>Subak</em> System as a Manifestation of the <em>Tri Hita Karana</em> Philosophy,Cultural,N,N,N,N,"<p>The cultural landscape of Bali consists of five rice terraces and their water temples that cover 19,500&nbsp;ha. The temples are the focus of a cooperative water management system of canals and weirs, known as <em>subak,</em> that dates back to the 9th century. Included in the landscape is the 18th-century Royal Water Temple of Pura Taman Ayun, the largest and most impressive architectural edifice of its type on the island. The <em>subak</em> reflects the philosophical concept of <em>Tri Hita Karana</em>, which brings together the realms of the spirit, the human world and nature. This philosophy was born of the cultural exchange between Bali and India over the past 2,000 years and has shaped the landscape of Bali. The <em>subak </em>system of democratic and egalitarian farming practices has enabled the Balinese to become the most prolific rice growers in the archipelago despite the challenge of supporting a dense population.</p>",,2012,1836,1194
Iran (Islamic Republic of),Tchogha Zanbil,Cultural,N,N,N,N,"<p>The ruins of the holy city of the Kingdom of Elam, surrounded by three huge concentric walls, are found at Tchogha Zanbil. Founded c. 1250 B.C., the city remained unfinished after it was invaded by Ashurbanipal, as shown by the thousands of unused bricks left at the site.</p>",,1979,122,113
Iran (Islamic Republic of),Persepolis,Cultural,N,N,N,N,"<p>Founded by Darius I in 518 B.C., Persepolis was the capital of the Achaemenid Empire. It was built on an immense half-artificial, half-natural terrace, where the king of kings created an impressive palace complex inspired by Mesopotamian models. The importance and quality of the monumental ruins make it a unique archaeological site.</p>",,1979,123,114
Iran (Islamic Republic of),"Meidan Emam, Esfahan",Cultural,N,N,N,N,"<p>Built by Shah Abbas I the Great at the beginning of the 17th century, and bordered on all sides by monumental buildings linked by a series of two-storeyed arcades, the site is known for the Royal Mosque, the Mosque of Sheykh Lotfollah, the magnificent Portico of Qaysariyyeh and the 15th-century Timurid palace. They are an impressive testimony to the level of social and cultural life in Persia during the Safavid era.</p>",,1979,125,115
Iran (Islamic Republic of),Takht-e Soleyman,Cultural,N,N,N,N,"<p>The archaeological site of Takht-e Soleyman, in north-western Iran, is situated in a valley set in a volcanic mountain region. The site includes the principal Zoroastrian sanctuary partly rebuilt in the Ilkhanid (Mongol) period (13th century) as well as a temple of the Sasanian period (6th and 7th centuries) dedicated to Anahita. The site has important symbolic significance. The designs of the fire temple, the palace and the general layout have strongly influenced the development of Islamic architecture.</p>","<p>Criterion i: <br /> Takht-e Soleyman is an outstanding ensemble of royal architecture, joining the principal architectural elements created by the Sasanians in a harmonious composition inspired by their natural context.</p>

<p>Criterion ii: <br /> The composition and the architectural elements created by the Sasanians at Takht-e Soleyman have had strong influence not only in the development of religious architecture in the Islamic period, but also in other cultures.</p>

<p>Criterion iii: <br /> The ensemble of Takht-e Soleyman is an exceptional testimony of the continuation of cult related to fire and water over a period of some two and half millennia. The archaeological heritage of the site is further enriched by the Sasanian town, which is still to be excavated.</p>

<p>Criterion iv: <br /> Takht-e Soleyman represents an outstanding example of Zoroastrian sanctuary, integrated with Sasanian palatial architecture within a composition, which can be seen as a prototype.</p>

<p>Criterion vi: <br /> As the principal Zoroastrian sanctuary, Takht-e Soleyman is the foremost site associated with one of the early monotheistic religions of the world. The site has many important symbolic relationships, being also a testimony of the association of the ancient beliefs, much earlier than the Zoroastrianism, as well as in its association with significant biblical figures and legends.</p>",2003,1254,1077
Iran (Islamic Republic of),Pasargadae,Cultural,N,N,N,N,"<p>Pasargadae was the first dynastic capital of the Achaemenid Empire, founded by Cyrus II the Great, in Pars, homeland of the Persians, in the 6th century BC. Its palaces, gardens and the mausoleum of Cyrus are outstanding examples of the first phase of royal Achaemenid art and architecture and exceptional testimonies of Persian civilization. Particularly noteworthy vestiges in the 160-ha site include: the Mausoleum of Cyrus II; Tall-e Takht, a fortified terrace; and a royal ensemble of gatehouse, audience hall, residential palace and gardens. Pasargadae was the capital of the first great multicultural empire in Western Asia. Spanning the Eastern Mediterranean and Egypt to the Hindus River, it is considered to be the first empire that respected the cultural diversity of its different peoples. This was reflected in Achaemenid architecture, a synthetic representation of different cultures.</p>","<p><em>Criterion (i):</em> Pasargadae is the first outstanding expression of the royal Achaemenid architecture.</p>

<p><em>Criterion (ii):</em> The dynastic capital of Pasargadae was built by Cyrus the Great with a contribution by different peoples of the empire created by him. It became a fundamental phase in the evolution of the classic Persian art and architecture.</p>

<p><em>Criterion (iii):</em> The archaeological site of Pasargadae with its palaces, gardens, and the tomb of the founder of the dynasty, Cyrus the Great, represents an exceptional testimony to the Achaemenid civilisation in Persia.</p>

<p><em>Criterion (iv):</em> The &lsquo;Four Gardens&rsquo; type of royal ensemble, which was created in Pasargadae became a prototype for Western Asian architecture and design.</p>",2004,1284,1106
Iran (Islamic Republic of),Soltaniyeh,Cultural,N,N,N,N,"<p>The mausoleum of Oljaytu was constructed in 1302&ndash;12 in the city of Soltaniyeh, the capital of the Ilkhanid dynasty, which was founded by the Mongols. Situated in the province of Zanjan, Soltaniyeh is one of the outstanding examples of the achievements of Persian architecture and a key monument in the development of its Islamic architecture. The octagonal building is crowned with a 50 m tall dome covered in turquoise-blue faience and surrounded by eight slender minarets. It is the earliest existing example of the double-shelled dome in Iran. The mausoleum&rsquo;s interior decoration is also outstanding and scholars such as A.U. Pope have described the building as &lsquo;anticipating the Taj Mahal&rsquo;.</p>","<p><em>Criterion (ii): </em> The Mausoleum of Oljaytu forms an essential link in the development of the Islamic architecture in central and western Asia, from the classical Seljuk phase into the Timurid period. This is particularly relevant to the double-shell structure and the elaborate use of materials and themes in the decoration.</p>

<p><em>Criterion (iii): </em> Soltaniyeh as the ancient capital of the Ilkhanid dynasty represents an exceptional testimony to the history of the 13th and 14th centuries.</p>

<p><em>Criterion (iv): </em> The Mausoleum of Oljaytu represents an outstanding achievement in the development of Persian architecture particularly in the Ilkhanid period, characterized by its innovative engineering structure, spatial proportions, architectural forms and the decorative patterns and techniques.</p>",2005,1365,1188
Iran (Islamic Republic of),Bam and its Cultural Landscape,Cultural,N,N,N,N,"<p>Bam is situated in a desert environment on the southern edge of the Iranian high plateau. The origins of Bam can be traced back to the Achaemenid period (6th to 4th centuries BC). Its heyday was from the 7th to 11th centuries, being at the crossroads of important trade routes and known for the production of silk and cotton garments. The existence of life in the oasis was based on the underground irrigation canals, the qan?ts, of which Bam has preserved some of the earliest evidence in Iran. Arg-e Bam is the most representative example of a fortified medieval town built in vernacular technique using mud layers (<em>Chineh</em> ).</p>","<p><em>Criterion (ii):</em> Bam developed at the crossroads of important trade routes at the southern side of the Iranian high plateau, and it became an outstanding example of the interaction of the various influences.</p>

<p><em>Criterion (iii):</em> The Bam and its Cultural Landscape represents an exceptional testimony to the development of a trading settlement in the desert environment of the Central Asian region.</p>

<p><em>Criterion (iv):</em> The city of Bam represents an outstanding example of a fortified settlement and citadel in the Central Asian region, based on the use mud layer technique (Chineh) combined with mud bricks (Khesht).</p>

<p><em>Criterion (v):</em> The cultural landscape of Bam is an outstanding representation of the interaction of man and nature in a desert environment, using the qanats. The system is based on a strict social system with precise tasks and responsibilities, which have been maintained in use until the present, but has now become vulnerable to irreversible change.</p>",2004,1564,1208
Iran (Islamic Republic of),Bisotun,Cultural,N,N,N,N,"<p>Bisotun is located along the ancient trade route linking the Iranian high plateau with Mesopotamia and features remains from the prehistoric times to the Median, Achaemenid, Sassanian, and Ilkhanid periods. The principal monument of this archaeological site is the bas-relief and cuneiform inscription ordered by Darius I, The Great, when he rose to the throne of the Persian Empire, 521 BC. The bas-relief portrays Darius holding a bow, as a sign of sovereignty, and treading on the chest of a figure who lies on his back before him. According to legend, the figure represents Gaumata, the Median Magus and pretender to the throne whose assassination led to Darius&rsquo;s rise to power. Below and around the bas-reliefs, there are ca. 1,200 lines of inscriptions telling the story of the battles Darius waged in 521-520 BC against the governors who attempted to take apart the Empire founded by Cyrus. The inscription is written in three languages. The oldest is an Elamite text referring to legends describing the king and the rebellions. This is followed by a Babylonian version of similar legends. The last phase of the inscription is particularly important, as it is here that Darius introduced for the first time the Old Persian version of his res gestae (things done). This is the only known monumental text of the Achaemenids to document the re-establishment of the Empire by Darius I. It also bears witness to the interchange of influences in the development of monumental art and writing in the region of the Persian Empire. There are also remains from the Median period (8th to 7th centuries B.C.) as well as from the Achaemenid (6th to 4th centuries B.C.) and post-Achaemenid periods.</p>",,2006,1399,1222
Iran (Islamic Republic of),Armenian Monastic Ensembles of Iran,Cultural,N,N,N,N,"<p>The Armenian Monastic Ensembles&nbsp;of Iran, in the north-west of the country, consists of three monastic ensembles of the Armenian Christian faith: St Thaddeus and St Stepanos and the Chapel of Dzordzor. These edifices - the oldest of which, St Thaddeus, dates back to the 7th century &ndash; are examples of outstanding universal value of the Armenian architectural and decorative traditions. They bear testimony to very important interchanges with the other regional cultures, in particular the Byzantine, Orthodox and Persian. Situated on the south-eastern fringe of the main zone of the Armenian cultural space, the monasteries constituted a major centre for the dissemination of that culture in the region. They are the last regional remains of this culture that are still in a satisfactory state of integrity and authenticity. Furthermore, as places of pilgrimage, the monastic ensembles are living witnesses of Armenian religious traditions through the centuries.</p>",,2008,1542,1262
Iran (Islamic Republic of),Shushtar Historical Hydraulic System,Cultural,N,N,N,N,"<p>Shushtar, Historical Hydraulic System, inscribed as a masterpiece of creative genius, can be traced back to Darius the Great in the 5th century B.C. It involved the creation of two main diversion canals on the river K&acirc;run one of which, Gargar canal, is still in use providing water to the city of Shushtar via a series of tunnels that supply water to mills. It forms a spectacular cliff from which water cascades into a downstream basin. It then enters the plain situated south of the city where it has enabled the planting of orchards and farming over an area of 40,000 ha. known as Mian&acirc;b (Paradise). The property has an ensemble of remarkable sites including the Sal&acirc;sel Castel, the operation centre of the entire hydraulic system, the tower where the water level is measured, damns, bridges, basins and mills. It bears witness to the know-how of the Elamites and Mesopotamians as well as more recent Nabatean expertise and Roman building influence.</p>",,2009,1599,1315
Iran (Islamic Republic of),Sheikh Safi al-din Kh?neg?h and Shrine Ensemble in Ardabil,Cultural,N,N,N,N,"<p>Built between the beginning of the 16<sup><span style=""font-size: xx-small;"">th</span> </sup> century and the end of the 18<sup><span style=""font-size: xx-small;"">th</span> </sup> century, this place of spiritual retreat in the Sufi tradition uses Iranian traditional architectural forms to maximize use of available space to accommodate a variety of functions (including a library, a mosque, a school, mausolea, a cistern, a hospital, kitchens, a bakery, and some offices). It incorporates a route to reach the shrine of the Sheikh divided into seven segments, which mirror the seven stages of Sufi mysticism, separated by eight gates, which represent the eight attitudes of Sufism. The ensemble includes well-preserved and richly ornamented facades and interiors, with a remarkable collection of antique artefacts. It constitutes a rare ensemble of elements of medieval Islamic architecture.</p>",,2010,1680,1345
Iran (Islamic Republic of),Tabriz Historic Bazaar Complex,Cultural,N,N,N,N,"<p>Tabriz has been a place of cultural exchange since antiquity and its historic bazaar complex is one of the most important commercial centres on the Silk Road. Tabriz Historic Bazaar Complex consists of a series of interconnected, covered, brick structures, buildings, and enclosed spaces for different functions. Tabriz and its Bazaar were already prosperous and famous in the 13th century, when the town, in the province of Eastern Azerbaijan, became the capital city of the Safavid kingdom. The city lost its status as capital in the 16th century, but remained important as a commercial hub until the end of the 18th century, with the expansion of Ottoman power. It is one of the most complete examples of the traditional commercial and cultural system of Iran.</p>",,2010,1681,1346
Iran (Islamic Republic of),The Persian Garden,Cultural,N,N,N,N,"<p>The property includes nine gardens in as many provinces. They exemplify the diversity of Persian garden designs that evolved and adapted to different climate conditions while retaining principles that have their roots in the times of Cyrus the Great, 6th century BC. Always divided into four sectors, with water playing an important role for both irrigation and ornamentation, the Persian garden was conceived to symbolize Eden and the four Zoroastrian elements of sky, earth, water and plants. These gardens, dating back to different periods since the 6th century BC, also feature buildings, pavilions and walls, as well as sophisticated irrigation systems. They have influenced the art of garden design as far as India and Spain.</p>",,2011,1768,1372
Iran (Islamic Republic of),Masjed-e J?mÈ of Isfahan  ,Cultural,N,N,N,N,"<p>Located in the historic centre of Isfahan, the Masjed-e J?m&eacute; (&lsquo;Friday mosque&rsquo;) can be seen as a stunning illustration of the evolution of mosque architecture over twelve centuries, starting in ad&nbsp;841. It is the oldest preserved edifice of its type in Iran and a prototype for later mosque designs throughout Central Asia. The complex, covering more than 20,000&nbsp;m<sup>2</sup>, is also the first Islamic building that adapted the four-courtyard layout of Sassanid palaces to Islamic religious architecture. Its double-shelled ribbed domes represent an architectural innovation that inspired builders throughout the region. The site also features remarkable decorative details representative of stylistic developments over more than a thousand years of Islamic art.</p>",,2012,1821,1397
Iran (Islamic Republic of),Gonbad-e Q?bus,Cultural,N,N,N,N,"<p>The 53&nbsp;m high tomb built in ad 1006 for Q?bus Ibn Voshmgir, Ziyarid ruler and literati, near the ruins of the ancient city of Jorjan in north-east Iran, bears testimony to the cultural exchange between Central Asian nomads and the ancient civilization of Iran. The tower is the only remaining evidence of Jorjan, a former centre of arts and science that was destroyed during the Mongols&rsquo; invasion in the 14th and 15th centuries. It is an outstanding and technologically innovative example of Islamic architecture that influenced sacral building in Iran, Anatolia and Central Asia. Built of unglazed fired bricks, the monument&rsquo;s intricate geometric forms constitute a tapering cylinder with a diameter of 17&ndash;15.5&nbsp;m, topped by a conical brick roof. It illustrates the development of mathematics and science in the Muslim world at the turn of the first millennium AD.</p>",,2012,1822,1398
Iran (Islamic Republic of),Golestan Palace,Cultural,N,N,N,N,"<p>The lavish Golestan Palace is a masterpiece of the Qajar era, embodying the successful integration of earlier Persian crafts and architecture with Western influences. The walled Palace, one of the oldest groups of buildings in Teheran, became the seat of government of the Qajar family, which came into power in 1779 and made Teheran the capital of the country. Built around a garden featuring pools as well as planted areas, the Palaceís most characteristic features and rich ornaments date from the 19th century. It became a centre of Qajari arts and architecture of which it is an outstanding example and has remained a source of inspiration for Iranian artists and architects to this day. It represents a new style incorporating traditional Persian arts and crafts and elements of 18th century architecture and technology.</p>",,2013,1888,1422
Iran (Islamic Republic of),Cultural Landscape of Maymand,Cultural,N,N,N,N,"<p><span>Maymand is a self-contained,†semi-arid area at the end of a valley at the southern extremity of Iranís central mountains.†The villagers are semi-nomadic agro-pastoralists.†They raise their animals on mountain pastures, living in temporary settlements in spring and†autumn.†During the winter months†they live lower down the valley†in cave dwellings carved out of the soft rock (</span><em>kamar</em><span>),†an unusual form of housing in a dry, desert environment. †This cultural landscape is an example of a system that appears to have been more†widespread†in the past and involves the movement of people rather than animals.</span></p>",,2015,2073,1423
Iran (Islamic Republic of),Susa,Cultural,N,N,N,N,"<p>Located in the south-west of Iran, in the lower Zagros Mountains, the property encompasses a group of archaeological mounds rising on the eastern side of the Shavur River, as well as Ardeshirís palace, on the opposite bank of the river. The excavated architectural monuments include administrative, residential and palatial structures. Susa contains several layers of superimposed urban settlements in a continuous succession from the late 5<sup>th</sup> millennium BCE until the 13<sup>th</sup> century CE. The site bears exceptional testimony to the Elamite, Persian and Parthian cultural traditions, which have largely disappeared.</p>",,2015,1999,1455
Iran (Islamic Republic of),Shahr-i Sokhta,Cultural,N,N,N,N,"<p>Shahr-i Sokhta, meaning ëBurnt Cityí, is located at the junction of Bronze Age trade routes crossing the Iranian plateau. The remains of the mudbrick city represent the emergence of the first complex societies in eastern Iran. Founded around 3200†BC, it was populated during four main periods up to 1800†BC, during which time there developed several distinct areas within the city: those where monuments were built, and separate quarters for housing, burial and manufacture. Diversions in water courses and climate change led to the eventual abandonment of the city in the early second millennium. The structures, burial grounds and large number of significant artefacts unearthed there, and their well-preserved state due to the dry desert climate, make this site a rich source of information regarding the emergence of complex societies and contacts between them in the third millennium BC.</p>",,2014,2000,1456
Iran (Islamic Republic of),Lut Desert,Natural,N,N,N,N,"<p>The Lut Desert, or Dasht-e-Lut, is located in the south-east of the country. Between June and October, this arid subtropical area is swept by strong winds, which transport sediment and cause aeolian erosion on a colossal scale. Consequently, the site presents some of the most spectacular examples of†aeolian yardang†landforms (massive corrugated ridges). It also contains extensive stony deserts and dune fields. The property represents an exceptional example of ongoing geological processes.†</p>",,2016,2095,1505
Iran (Islamic Republic of),The Persian Qanat,Cultural,N,N,N,N,"<p>Throughout the arid regions of Iran, agricultural and permanent settlements are supported by the ancient qanat system of tapping alluvial aquifers at the heads of valleys and conducting the water along underground tunnels by gravity, often over many kilometres. The eleven qanats representing this system include rest areas for workers, water reservoirs and watermills. The traditional communal management system still in place allows equitable and sustainable water sharing and distribution. The qanats provide exceptional testimony to cultural traditions and civilizations in desert areas with an arid climate.</p>",,2016,2096,1506
Iran (Islamic Republic of),Historic City of Yazd,Cultural,N,N,N,N,"<p>The City of Yazd is located in the middle of the Iranian plateau, 270 kilomtres southeast of Isfahan, close to the Spice and Silk Roads. It bears living testimony to the use of limited resources for survival in the desert. Water is supplied to the city through a qanat system developed to draw underground water. The earthen architecture of Yazd has escaped the modernization that destroyed many traditional earthen towns, retaining its traditional districts, the qanat system, traditional houses, bazars, hammams, mosques, synagogues, Zoroastrian temples and the historic garden of Dolat-abad.</p>",,2017,2148,1544
Iraq,Samarra Archaeological City,Cultural,N,N,N,N,"<p>Samarra Archaeological City is the site of a powerful Islamic capital city that ruled over the provinces of the Abbasid Empire extending from Tunisia to Central Asia for a century. Located on both sides of the River Tigris 130 km north of Baghdad, the length of the site from north to south is 41.5 km; its width varying from 8 km to 4 km. It testifies to the architectural and artistic innovations that developed there and spread to the other regions of the Islamic world and beyond. The 9th-century Great Mosque and its spiral minaret are among the numerous remarkable architectural monuments of the site, 80% of which remain to be excavated.</p>",,2007,1456,276
Iraq,Hatra,Cultural,N,N,N,N,"<p>A large fortified city under the influence of the Parthian Empire and capital of the first Arab Kingdom, Hatra withstood invasions by the Romans in A.D. 116 and 198 thanks to its high, thick walls reinforced by towers. The remains of the city, especially the temples where Hellenistic and Roman architecture blend with Eastern decorative features, attest to the greatness of its civilization.</p>",,1985,309,277
Iraq,Ashur (Qal'at Sherqat),Cultural,N,N,N,N,"<p>The ancient city of Ashur is located on the Tigris River in northern Mesopotamia in a specific geo-ecological zone, at the borderline between rain-fed and irrigation agriculture. The city dates back to the 3rd millennium BC. From the 14th to the 9th centuries BC it was the first capital of the Assyrian Empire, a city-state and trading platform of international importance. It also served as the religious capital of the Assyrians, associated with the god Ashur. The city was destroyed by the Babylonians, but revived during the Parthian period in the 1st and 2nd centuries AD.</p>","<p>Criterion iii: Founded in the 3rd millennium BCE, the most important role of Ashur was from the 14th to 9th century BCE when it was the first capital of the Assyrian empire. Ashur was also the religious capital of Assyrians, and the place for crowning and burial of its kings. Criterion iv: The excavated remains of the public and residential buildings of Ashur provide an outstanding record of the evolution of building practice from the Sumerian and Akkadian period through the Assyrian empire, as well as including the short revival during the Parthian period.</p>",2003,1310,1130
Iraq,Erbil Citadel,Cultural,N,N,N,N,"<p>Erbil Citadel is a fortified settlement on top of an imposing ovoid-shaped tell (a hill created by many generations of people living and rebuilding on the same spot) in the Kurdistan region, Erbil Governorate. A continuous wall of tall 19th-century faÁades still conveys the visual impression of an impregnable fortress, dominating the city of Erbil. The citadel features a peculiar fan-like pattern dating back to Erbilís late Ottoman phase. Written and iconographic historical records document the antiquity of settlement on the site ñ Erbil corresponds to ancient Arbela, an important Assyrian political and religious centre ñ while archaeological finds and investigations suggest that the mound conceals the levels and remains of previous settlements.</p>",,2014,1980,1437
Iraq,The Ahwar of Southern Iraq: Refuge of Biodiversity and the Relict Landscape of the Mesopotamian Cities,Mixed,N,N,N,N,"<p>The Ahwar is made up of seven components: three archaeological sites and four wetland marsh areas in southern Iraq. The archaeological cities of Uruk and Ur and the Tell Eridu archaeological site form part of the remains of the Sumerian cities and settlements that developed in southern Mesopotamia between the 4th†and the 3rd†millennium BCE in the marshy delta of the Tigris and Euphrates rivers. The Ahwar of Southern Iraq ñ also known as the Iraqi Marshlands ñ are unique, as one of the worldís largest inland delta systems, in an extremely hot and arid environment.</p>",,2016,2042,1481
Ireland,Br˙ na BÛinne - Archaeological Ensemble of the Bend of the Boyne,Cultural,N,N,Y,Y,"<p>The three main prehistoric sites of the Br&uacute; na B&oacute;inne Complex, Newgrange, Knowth and Dowth, are situated on the north bank of the River Boyne 50 km north of Dublin. This is Europe's largest and most important concentration of prehistoric megalithic art. The monuments there had social, economic, religious and funerary functions.</p>","<p>The Committee inscribed the site under <em>criteria (i), (iii) and (iv)</em> and invited the Irish authorities to control carefully future developments in and around the site and to involve ICOMOS in conservation and management planning.</p>",1993,780,659
Ireland,Sceilg MhichÌl,Cultural,N,N,N,N,"<p>This monastic complex, perched since about the 7th century on the steep sides of the rocky island of Skellig Michael, some 12 km off the coast of south-west Ireland, illustrates the very spartan existence of the first Irish Christians. Since the extreme remoteness of Skellig Michael has until recently discouraged visitors, the site is exceptionally well preserved.</p>","<p>The Committee decided to inscribe the nominated property on the basis of cultural <em>criteria (iii) and (iv)</em> considering that the site is of outstanding universal value being an exceptional, and in many respects unique example of an early religious settlement deliberately sited on a pyramidal rock in the ocean, preserved because of a remarkable environment. It illustrates, as no other site can, the extremes of a Christian monasticism characterizing much of North Africa, the Near East and Europe.</p>",1996,892,757
Israel,Masada,Cultural,Y,Y,Y,N,"<p>Masada is a rugged natural fortress, of majestic beauty, in the Judaean Desert overlooking the Dead Sea. It is a symbol of the ancient kingdom of Israel, its violent destruction and the last stand of Jewish patriots in the face of the Roman army, in 73 A.D. It was built as a palace complex, in the classic style of the early Roman Empire, by Herod the Great, King of Judaea, (reigned 37 &ndash; 4 B.C.). The camps, fortifications and attack ramp that encircle the monument constitute the most complete Roman siege works surviving to the present day.</p>","<p><em>Criterion (iii):</em> Masada is a symbol of the ancient Jewish kingdom of Israel, of its violent destruction in the later 1st century CE, and of the subsequent Diaspora.</p>

<p><em>Criterion (iv):</em> The palace of Herod the Great at Masada is an outstanding example of a luxurious villa of the Early Roman Empire, whilst the camps and other fortifications that encircle the monument constitute the finest and most complete Roman siege works to have survived to the present day.</p>

<p><em>Criterion (vi):</em> The tragic events during the last days of the Jewish refugees who occupied the fortress and palace of Masada make it a symbol both of Jewish cultural identity and, more universally, of the continuing human struggle between oppression and liberty.</p>",2001,1214,1040
Israel,Old City of Acre,Cultural,N,Y,N,N,"<p>Acre is a historic walled port-city with continuous settlement from the Phoenician period. The present city is characteristic of a fortified town dating from the Ottoman 18th and 19th centuries, with typical urban components such as the citadel, mosques, khans and baths. The remains of the Crusader town, dating from 1104 to 1291, lie almost intact, both above and below today's street level, providing an exceptional picture of the layout and structures of the capital of the medieval Crusader kingdom of Jerusalem.</p>","<p><em>Criterion (ii):</em> Acre is an exceptional historic town in that preserves the substantial remains of the its medieval Crusader buildings beneath the existing Moslem fortified town dating from the 18th and 19th centuries.</p>

<p><em>Criterion (iii):</em> The remains of the Crusader town of Acre, both above and below the present-day street level, provide an exceptional picture of the layout and structures of the capital of the medieval Crusader Kingdom of Jerusalem.</p>

<p><em>Criterion (v):</em> Present-day Acre is an important example of an Ottoman walled town, with typical urban components such as the citadel, mosques, khans, and baths well preserved, partly built on top of the underlying Crusader structures.</p>",2001,1217,1042
Israel,White City of Tel-Aviv -- the Modern Movement,Cultural,N,N,N,N,"<p>Tel Aviv was founded in 1909 and developed as a metropolitan city under the British Mandate in Palestine. The White City was constructed from the early 1930s until the 1950s, based on the urban plan by Sir Patrick Geddes, reflecting modern organic planning principles. The buildings were designed by architects who were trained in Europe where they practised their profession before immigrating. They created an outstanding architectural ensemble of the Modern Movement in a new cultural context.</p>","<p><em>Criterion (ii):</em> The White City of Tel Aviv is a synthesis of outstanding significance of the various trends of the Modern Movement in architecture and town planning in the early part of the 20th century. Such influences were adapted to the cultural and climatic conditions of the place, as well as being integrated with local traditions.</p>

<p><em>Criterion (iv):</em> The new town of Tel Aviv is an outstanding example of new town planning and architecture in the early 20th century, adapted to the requirements of a particular cultural and geographic context.</p>",2003,1274,1096
Israel,Incense Route - Desert Cities in the Negev,Cultural,N,N,N,N,"<p>The four Nabatean towns of Haluza, Mamshit, Avdat and Shivta, along with associated fortresses and agricultural landscapes in the Negev Desert, are spread along routes linking them to the Mediterranean end of the incense and spice route. Together they reflect the hugely profitable trade in frankincense and myrrh from south Arabia to the Mediterranean, which flourished from the 3rd century BC until the 2nd century AD. With the vestiges of their sophisticated irrigation systems, urban constructions, forts and caravanserai, they bear witness to the way in which the harsh desert was settled for trade and agriculture.</p>","<p><em>Criterion (iii): </em> The Nabatean towns and their trade routes bear eloquent testimony to the economic, social and cultural importance of frankincense to the Hellenistic-Roman world. The routes also provided a means of passage not only for frankincense and other trade goods but also for people and ideas.</p>

<p><em>Criterion (v): </em> The almost fossilised remains of towns, forts, caravanserai and sophisticated agricultural systems strung out along the Incense route in the Negev desert, display an outstanding response to a hostile desert environment and one that flourished for five centuries.</p>",2005,1286,1107
Israel,"Biblical Tels - Megiddo, Hazor, Beer Sheba",Cultural,Y,Y,Y,N,"<p>Tels (prehistoric settlement mounds), are characteristic of the flatter lands of the eastern Mediterranean, particularly Lebanon, Syria, Israel and eastern Turkey. Of more than 200 tels in Israel, Megiddo, Hazor and Beer Sheba are representative of those that contain substantial remains of cities with biblical connections. The three tels also present some of the best examples in the Levant of elaborate Iron Age, underground water-collecting systems, created to serve dense urban communities. Their traces of construction over the millennia reflect the existence of centralized authority, prosperous agricultural activity and the control of important trade routes.</p>","<p><em>Criterion (ii): </em> The three tels represent an interchange of human values throughout the ancient near-east, forged through extensive trade routes and alliances with other states and manifest in building styles which merged Egyptian, Syrian and Aegean influences to create a distinctive local style.</p>

<p><em>Criterion (iii): </em> The three tels are a testimony to a civilisation that has disappeared &ndash;that of the Cananean cities of the Bronze Age and the biblical cities of the Iron Age-, manifest in their expressions of creativity: town planning, fortifications, palaces, and water collection technologies.</p>

<p><em>Criterion (iv): </em> The biblical cities exerted a powerful influence on later history through the biblical narrative.</p>

<p><em>Criterion (vi): </em> The three tels, through their mentions in the Bible, constitute a religious and spiritual testimony of outstanding universal value.</p>",2005,1287,1108
Israel,Bah·íi Holy Places in Haifa and the Western Galilee,Cultural,N,Y,N,N,"<p>The Bah&aacute;&rsquo;i Holy Places in Haifa and Western Galilee are inscribed for their profound spiritual meaning and the testimony they bear to the strong tradition of pilgrimage in the Bah&aacute;&rsquo;i faith. The property includes the two most holy places in the Bah&aacute;&rsquo;&iacute; religion associated with the founders, the Shrine of Bah&aacute;&rsquo;u&rsquo;ll&aacute;h in Acre and the Shrine of the B&aacute;b in Haifa, together with their surrounding gardens, associated buildings and monuments. These two shrines are part of a larger complex of buildings, monuments and sites at seven distinct locations in Haifa and Western Galilee that are visited as part of the Bah&aacute;&rsquo;i pilgrimage.</p>",,2008,1581,1220
Israel,Caves of Maresha and Bet-Guvrin in the Judean Lowlands as a Microcosm of the Land of the Caves,Cultural,N,N,N,N,"<p>The archaeological site contains some 3,500 underground chambers distributed among distinct complexes carved in the thick and homogenous soft chalk of Lower Judea under the former towns of Maresha and Bet Guvrin. Situated on the crossroads of trade routes to Mesopotamia and Egypt, the site bears witness to the region&rsquo;s tapestry of cultures and their evolution over more than 2,000 years from the 8<sup>th</sup> century BCE&mdash;when Maresha, the older of the two towns was built&mdash;to the time of the Crusaders. These quarried caves served as cisterns, oil presses, baths, columbaria (dovecotes), stables, places of religious worship, hideaways and, on the outskirts of the towns, burial areas. Some of the larger chambers feature vaulted arches and supporting pillars.</p>",,2014,1969,1370
Israel,Sites of Human Evolution at Mount Carmel: The Nahal Meíarot / Wadi el-Mughara Caves,Cultural,N,N,N,N,"<p>Situated on the western slopes of the Mount Carmel range, the site includes the caves of Tabun, Jamal, el-Wad and Skhul. Ninety years of archaeological research have revealed a cultural sequence of unparalleled duration, providing an archive of early human life in south-west Asia. This 54 ha property contains cultural deposits representing at least 500,000 years of human evolution demonstrating the unique existence of both Neanderthals andEarly Anatomically Modern Humans within the same Middle Palaeolithic cultural framework, the Mousterian. Evidence from numerous Natufian burials and early stone architecture represents the transition from a hunter-gathering lifestyle to agriculture and animal husbandry. As a result, the caves have become a key site of the chrono-stratigraphic framework for human evolution in general, and the prehistory of the Levant in particular.</p>

<p><span lang=""EN"">&nbsp;</span></p>",,2012,1818,1393
Israel,Necropolis of Bet Sheíarim: A Landmark of Jewish Renewal,Cultural,N,Y,N,N,"<p><span>Consisting of a series of catacombs, the necropolis developed from the 2</span><sup>nd</sup><span> century AD†as the primary Jewish burial place outside Jerusalem following the failure of the second Jewish revolt against Roman rule. Located southeast of the city of Haifa, these catacombs are a treasury of artworks and inscriptions in Greek, Aramaic, Hebrew and Palmyrene. Bet Sheíarim bears unique testimony to ancient Judaism under the leadership of Rabbi Judah the Patriarch, who is credited with Jewish renewal after 135 AD.</span></p>",,2015,2032,1471
Italy,Church and Dominican Convent of Santa Maria delle Grazie with ìThe Last Supperî by Leonardo da Vinci,Cultural,N,N,N,N,"<p>The refectory of the Convent of Santa Maria delle Grazie forms an integral part of this architectural complex, begun in Milan in 1463 and reworked at the end of the 15th century by Bramante. On the north wall is <em>The Last Supper</em>, the unrivalled masterpiece painted between 1495 and 1497 by Leonardo da Vinci, whose work was to herald a new era in the history of art.</p>",,1980,100,93
Italy,Rock Drawings in Valcamonica,Cultural,N,N,N,N,"<p>Valcamonica, situated in the Lombardy plain, has one of the world's greatest collections of prehistoric petroglyphs ñ more than 140,000 symbols and figures carved in the rock over a period of 8,000 years and depicting themes connected with agriculture, navigation, war and magic.</p>",,1979,101,94
Italy,Historic Centre of Florence,Cultural,Y,Y,Y,Y,"<p>Built on the site of an Etruscan settlement, Florence, the symbol of the Renaissance, rose to economic and cultural pre-eminence under the Medici in the 15th and 16th centuries. Its 600 years of extraordinary artistic activity can be seen above all in the 13th-century cathedral (Santa Maria del Fiore), the Church of Santa Croce, the Uffizi and the Pitti Palace, the work of great masters such as Giotto, Brunelleschi, Botticelli and Michelangelo.</p>",,1982,2127,174
Italy,Medici Villas and Gardens in Tuscany,Cultural,N,N,N,N,"<p>Twelve villas and two gardens spread across the Tuscan landscape make up this site which bears testimony to the influence the Medici family exerted over modern European culture through its patronage of the arts. Built between the 15th&nbsp;and 17th&nbsp;centuries, they represent an innovative system of construction in harmony with nature and dedicated to leisure, the arts and knowledge. The villas embody an innovative form and function, a new type of princely residence that differed from both the farms owned by rich Florentines of the period and from the military might of baronial castles. The Medici villas form the first example of the connection between architecture, gardens, and the environment and became an enduring reference for princely residences throughout Italy and Europe. Their gardens and integration into the natural environment helped develop the appreciation of landscape characteristic Humanism and the Renaissance.</p>",,2013,1891,175
Italy,Venice and its Lagoon,Cultural,Y,Y,Y,Y,"<p>Founded in the 5th century and spread over 118 small islands, Venice became a major maritime power in the 10th century. The whole city is an extraordinary architectural masterpiece in which even the smallest building contains works by some of the world's greatest artists such as Giorgione, Titian, Tintoretto, Veronese and others.</p>",,1987,454,394
Italy,"Piazza del Duomo, Pisa",Cultural,Y,Y,Y,Y,"Standing in a large green expanse, Piazza del Duomo houses a group of monuments known the world over. These four masterpieces of medieval architecture ñ the cathedral, the baptistry, the campanile (the 'Leaning Tower') and the cemetery ñ had a great influence on monumental art in Italy from the 11th to the 14th century.",,1987,1558,395
Italy,Castel del Monte,Cultural,N,N,N,N,"<p>When the Emperor Frederick II built this castle near Bari in the 13th century, he imbued it with symbolic significance, as reflected in the location, the mathematical and astronomical precision of the layout and the perfectly regular shape. A unique piece of medieval military architecture, Castel del Monte is a successful blend of elements from classical antiquity, the Islamic Orient and north European Cistercian Gothic.</p>","<p>The Committee decided to inscribe the nominated property on the basis of cultural criteria (i), (ii) and (iii) considering that the site is of outstanding universal value in its formal perfection and its harmonious blending of cultural elements from northern Europe, the Muslim world, and classical antiquity. Castel del Monte is a unique masterpiece of medieval military architecture, reflecting the humanism of its founder, Frederick II of Hohenstaufen.</p>",1996,459,398
Italy,"18th-Century Royal Palace at Caserta with the Park, the Aqueduct of Vanvitelli, and the San Leucio Complex",Cultural,N,N,N,N,"<p>The monumental complex at Caserta, created by the Bourbon king Charles III in the mid-18th century to rival Versailles and the Royal Palace in Madrid, is exceptional for the way in which it brings together a magnificent palace with its park and gardens, as well as natural woodland, hunting lodges and a silk factory. It is an eloquent expression of the Enlightenment in material form, integrated into, rather than imposed on, its natural setting.</p>","<p>The Committee decided to inscribe this property on the basis of criteria (i), (ii), (iii) and (iv), considering that the monumental complex at Caserta, whilst cast in the same mould as other 18th century royal establishments, is exceptional for the broad sweep of its design, incorporating not only an imposing palace and park, but also much of the surrounding natural landscape and an ambitious new town laid out according to the urban planning precepts of its time. The industrial complex of the Belvedere, designed to produce silk, is also of outstanding interest because of the idealistic principles that underlay its original conception and management.</p>",1997,646,549
Italy,Historic Centre of San Gimignano,Cultural,Y,Y,Y,Y,"<p>'San Gimignano delle belle Torri' is in Tuscany, 56 km south of Florence. It served as an important relay point for pilgrims travelling to or from Rome on the Via Francigena. The patrician families who controlled the town built around 72 tower-houses (some as high as 50 m) as symbols of their wealth and power. Although only 14 have survived, San Gimignano has retained its feudal atmosphere and appearance. The town also has several masterpieces of 14th- and 15th-century Italian art.</p>",,1990,647,550
Italy,The Sassi and the Park of the Rupestrian Churches of Matera,Cultural,N,N,N,N,"<p>This is the most outstanding, intact example of a troglodyte settlement in the Mediterranean region, perfectly adapted to its terrain and ecosystem. The first inhabited zone dates from the Palaeolithic, while later settlements illustrate a number of significant stages in human history. Matera is in the southern region of Basilicata.</p>",,1993,793,670
Italy,City of Vicenza and the Palladian Villas of the Veneto,Cultural,N,N,N,N,"<p>Founded in the 2nd century B.C. in northern Italy, Vicenza prospered under Venetian rule from the early 15th to the end of the 18th century. The work of Andrea Palladio (1508ñ80), based on a detailed study of classical Roman architecture, gives the city its unique appearance. Palladio's urban buildings, as well as his villas, scattered throughout the Veneto region, had a decisive influence on the development of architecture. His work inspired a distinct architectural style known as Palladian, which spread to England and other European countries, and also to North America.</p>",,1994,843,712
Italy,Historic Centre of Siena,Cultural,Y,Y,Y,Y,"<p>Siena is the embodiment of a medieval city. Its inhabitants pursued their rivalry with Florence right into the area of urban planning. Throughout the centuries, they preserved their city's Gothic appearance, acquired between the 12th and 15th centuries. During this period the work of Duccio, the Lorenzetti brothers and Simone Martini was to influence the course of Italian and, more broadly, European art. The whole city of Siena, built around the Piazza del Campo, was devised as a work of art that blends into the surrounding landscape.</p>",,1995,848,717
Italy,Historic Centre of Naples,Cultural,Y,Y,N,N,"<p>From the Neapolis founded by Greek settlers in 470 B.C. to the city of today, Naples has retained the imprint of the successive cultures that emerged in Europe and the Mediterranean basin. This makes it a unique site, with a wealth of outstanding monuments such as the Church of Santa Chiara and the Castel Nuovo.</p>",,1995,1867,726
Italy,Crespi d'Adda,Cultural,N,N,N,N,"<p>Crespi d'Adda in Capriate San Gervasio in Lombardy is an outstanding example of the 19th- and early 20th-century 'company towns' built in Europe and North America by enlightened industrialists to meet the workers' needs. The site is still remarkably intact and is partly used for industrial purposes, although changing economic and social conditions now threaten its survival.</p>",,1995,862,730
Italy,"Ferrara, City of the Renaissance, and its Po Delta",Cultural,N,N,N,N,"<p>Ferrara, which grew up around a ford over the River Po, became an intellectual and artistic centre that attracted the greatest minds of the Italian Renaissance in the 15th and 16th centuries. Here, Piero della Francesca, Jacopo Bellini and Andrea Mantegna decorated the palaces of the House of Este. The humanist concept of the 'ideal city' came to life here in the neighbourhoods built from 1492 onwards by Biagio Rossetti according to the new principles of perspective. The completion of this project marked the birth of modern town planning and influenced its subsequent development.</p>","<p><em>Criterion (iii):</em> The Este ducal residences in the Po Delta illustrate the influence of Renaissance culture on the natural landscape in an exceptional manner.</p>

<p><em>Criterion (v):</em> The Po Delta is an outstanding planned cultural landscape which retains its original form to a remarkable extent.</p>",1995,867,733
Italy,The Trulli of Alberobello,Cultural,Y,Y,N,N,"<p>The <em>trulli</em> , limestone dwellings found in the southern region of Puglia, are remarkable examples of drywall (mortarless) construction, a prehistoric building technique still in use in this region. The <em>trulli</em> are made of roughly worked limestone boulders collected from neighbouring fields. Characteristically, they feature pyramidal, domed or conical roofs built up of corbelled limestone slabs.</p>","<p>The Committee decided to inscribe the nominated property on the basis of cultural criteria (iii), (iv) and (v) considering that the site is of outstanding universal value being an exceptional example of a form of building construction deriving from prehistoric construction techniques that have survived intact and functioning into the modern world.</p>",1996,930,787
Italy,Early Christian Monuments of Ravenna,Cultural,N,N,N,N,"<p>Ravenna was the seat of the Roman Empire in the 5th century and then of Byzantine Italy until the 8th century. It has a unique collection of early Christian mosaics and monuments. All eight buildings ñ the Mausoleum of Galla Placidia, the Neonian Baptistery, the Basilica of Sant'Apollinare Nuovo, the Arian Baptistery, the Archiepiscopal Chapel, the Mausoleum of Theodoric, the Church of San Vitale and the Basilica of Sant'Apollinare in Classe ñ were constructed in the 5th and 6th centuries. They show great artistic skill, including a wonderful blend of Graeco-Roman tradition, Christian iconography and oriental and Western styles.</p>","<p>The Committee decided to inscribe the nominated property on the basis of cultural criteria (i), (ii), (iii) and (iv) considering that the site is of outstanding universal value being of remarkable significance by virtue of the supreme artistry of the mosaic art that the monuments contain, and also because of the crucial evidence that they provide of artistic and religious relationships and contacts at an important period of European cultural history.</p>",1996,931,788
Italy,Historic Centre of the City of Pienza,Cultural,N,N,N,N,"<p>It was in this Tuscan town that Renaissance town-planning concepts were first put into practice after Pope Pius II decided, in 1459, to transform the look of his birthplace. He chose the architect Bernardo Rossellino, who applied the principles of his mentor, Leon Battista Alberti. This new vision of urban space was realized in the superb square known as Piazza Pio II and the buildings around it: the Piccolomini Palace, the Borgia Palace and the cathedral with its pure Renaissance exterior and an interior in the late Gothic style of south German churches.</p>","<p>The Committee decided to inscribe the nominated property on the basis of cultural criteria (i), (ii) and (iv) considering that the site is of outstanding universal value as it represents the first application of the Renaissance Humanist concept of urban design, and as such occupies a seminal position in the development of the concept of the planned ""ideal town"" which was to play a significant role in subsequent urban development in Italy and beyond. The application of this principle in Pienza, and in particular in the group of buildings around the central square, resulted in a masterpiece of human creative genius.</p>",1996,932,789
Italy,City of Verona,Cultural,Y,Y,N,N,"<p>The historic city of Verona was founded in the 1st century B.C. It particularly flourished under the rule of the Scaliger family in the 13th and 14th centuries and as part of the Republic of Venice from the 15th to 18th centuries. Verona has preserved a remarkable number of monuments from antiquity, the medieval and Renaissance periods, and represents an outstanding example of a military stronghold.</p>","<p><em>Criterion (ii):</em> In its urban structure and its architecture, Verona is an outstanding example of a town that has developed progressively and uninterruptedly over two thousand years, incorporating artistic elements of the highest quality from each succeeding period.</p>

<p><em>Criterion (iv):</em> Verona represents in an exceptional way the concept of the fortified town at several seminal stages of European history.</p>",2000,942,797
Italy,Residences of the Royal House of Savoy,Cultural,N,N,N,N,"<p>When Emmanuel-Philibert, Duke of Savoy, moved his capital to Turin in 1562, he began a vast series of building projects (continued by his successors) to demonstrate the power of the ruling house. This outstanding complex of buildings, designed and embellished by the leading architects and artists of the time, radiates out into the surrounding countryside from the Royal Palace in the 'Command Area' of Turin to include many country residences and hunting lodges.</p>","<p>The Committee decided to inscribe this property on the basis of criteria (i), (ii), (iv) and (v), considering that the Residences of the Royal House of Savoy in and around Turin represent a comprehensive overview of European monumental architecture in the 17th and 18th centuries, using style, dimensions, and space to illustrate in an exceptional way the prevailing doctrine of absolute monarchy in material terms.</p>",1997,1736,823
Italy,"Botanical Garden (Orto Botanico), Padua",Cultural,N,N,N,N,"<p>The world's first botanical garden was created in Padua in 1545. It still preserves its original layout &ndash; a circular central plot, symbolizing the world, surrounded by a ring of water. Other elements were added later, some architectural (ornamental entrances and balustrades) and some practical (pumping installations and greenhouses). It continues to serve its original purpose as a centre for scientific research.</p>","<p>The Committee decided to inscribe this property on the basis of criteria (ii) and (iii), considering that the Botanical Garden of Padua is the original of all botanical gardens throughout the world, and represents the birth of science, of scientific exchanges, and understanding of the relationship between nature and culture. It has made a profound contribution to the development of many modern scientific disciplines, notably botany, medicine, chemistry, ecology, and pharmacy.</p>",1997,973,824
Italy,Archaeological Area and the Patriarchal Basilica of Aquileia,Cultural,N,N,N,N,"<p>Aquileia (in Friuli-Venezia Giulia), one of the largest and wealthiest cities of the Early Roman Empire, was destroyed by Attila in the mid-5th century. Most of it still lies unexcavated beneath the fields, and as such it constitutes the greatest archaeological reserve of its kind. The patriarchal basilica, an outstanding building with an exceptional mosaic pavement, played a key role in the evangelization of a large region of central Europe.</p>","<p>Criterion iii: Aquileia was one of the largest and most wealthy cities of the Early Roman Empire. Criterion iv: By virtue of the fact that most of ancient Aquileia survives intact and unexcavated, it is the most complete example of an Early Roman city in the Mediterranean world. Criterion vi: The Patriarchal Basilican Complex in Aquileia played a decisive role in the spread of Christianity into central Europe in the early Middle Ages.</p>",1998,2252,825
Italy,"Portovenere, Cinque Terre, and the Islands (Palmaria, Tino and Tinetto)",Cultural,Y,Y,N,N,"<p>The Ligurian coast between Cinque Terre and Portovenere is a cultural landscape of great scenic and cultural value. The layout and disposition of the small towns and the shaping of the surrounding landscape, overcoming the disadvantages of a steep, uneven terrain, encapsulate the continuous history of human settlement in this region over the past millennium.</p>","<p>The Committee decided to inscribe this site on the basis of criteria (ii), (iv) and (v), considering that the eastern Ligurian Riviera between Cinque Terre and Portovenere is a cultural site of outstanding value, representing the harmonious interaction between people and nature to produce a landscape of exceptional scenic quality that illustrates a traditional way of life that has existed for a thousand years and continues to play an important socio-economic role in the life of the community.</p>",1997,975,826
Italy,"Cathedral, Torre Civica and Piazza Grande, Modena",Cultural,N,N,N,N,"<p>The magnificent 12th-century cathedral at Modena, the work of two great artists (Lanfranco and Wiligelmus), is a supreme example of early Romanesque art. With its piazza and soaring tower, it testifies to the faith of its builders and the power of the Canossa dynasty who commissioned it.</p>","<p>The Committee decided to inscribe this property on the basis of criteria (i), (ii), (iii) and (iv), considering that the joint creation of Lanfranco and Wiligelmo is a masterpiece of human creative genius in which a new dialectical relationship between architecture and sculpture was created in Romanesque art. The Modena complex bears exceptional witness to the cultural traditions of the 12th century and is one of the best examples of an architectural complex where religious and civic values are combined in a medieval Christian town.</p>",1997,976,827
Italy,Historic Centre of Urbino,Cultural,N,N,N,N,"<p>The small hill town of Urbino, in the Marche, experienced a great cultural flowering in the 15th century, attracting artists and scholars from all over Italy and beyond, and influencing cultural developments elsewhere in Europe. Owing to its economic and cultural stagnation from the 16th century onwards, it has preserved its Renaissance appearance to a remarkable extent.</p>","<p><em>Criterion (ii):</em> During its short cultural pre-eminence, Urbino attracted some of the most outstanding humanist scholars and artists of the Renaissance, who created there an exceptional urban complex of remarkable homogeneity, the influence of which carried far into the rest of Europe.</p>

<p><em>Criterion (iv):</em> Urbino represents a pinnacle of Renaissance art and architecture, harmoniously adapted to its physical site and to its medieval precursor in an exceptional manner.</p>",1998,977,828
Italy,"Archaeological Areas of Pompei, Herculaneum and Torre Annunziata",Cultural,Y,Y,N,N,"<p>When Vesuvius erupted on 24 August AD 79, it engulfed the two flourishing Roman towns of Pompei and Herculaneum, as well as the many wealthy villas in the area. These have been progressively excavated and made accessible to the public since the mid-18th century. The vast expanse of the commercial town of Pompei contrasts with the smaller but better-preserved remains of the holiday resort of Herculaneum, while the superb wall paintings of the Villa Oplontis at Torre Annunziata give a vivid impression of the opulent lifestyle enjoyed by the wealthier citizens of the Early Roman Empire.</p>","<p>The Committee decided to inscribe this property on the basis of criteria (iii), (iv) and (v), considering that the impressive remains of the towns of Pompei and Herculaneum and their associated villas, buried by the eruption of Vesuvius in AD 79, provide a complete and vivid picture of society and daily life at a specific moment in the past that is without parallel anywhere in the world.</p>",1997,978,829
Italy,Costiera Amalfitana,Cultural,Y,Y,N,N,"<p>The Amalfi coast is an area of great physical beauty and natural diversity. It has been intensively settled by human communities since the early Middle Ages. There are a number of towns such as Amalfi and Ravello with architectural and artistic works of great significance. The rural areas show the versatility of the inhabitants in adapting their use of the land to the diverse nature of the terrain, which ranges from terraced vineyards and orchards on the lower slopes to wide upland pastures.</p>","<p>The Committee decided to inscribe this site on the basis of criteria (ii), (iv) and (v), considering that the Costiera Amalfitana is an outstanding example of a Mediterranean landscape, with exceptional cultural and natural scenic values resulting from its dramatic topography and historical evolution.</p>",1997,979,830
Italy,Archaeological Area of Agrigento,Cultural,N,N,N,N,"<p>Founded as a Greek colony in the 6th century B.C., Agrigento became one of the leading cities in the Mediterranean world. Its supremacy and pride are demonstrated by the remains of the magnificent Doric temples that dominate the ancient town, much of which still lies intact under today's fields and orchards. Selected excavated areas throw light on the later Hellenistic and Roman town and the burial practices of its early Christian inhabitants.</p>","<p>The Committee decided to inscribe this site on the basis of criteria (i), (ii), (iii) and (iv), considering that Agrigento was one of the greatest cities of the ancient Mediterranean world, and it has been preserved in an exceptionally intact condition. Its great row of Doric temples is one of the most outstanding monuments of Greek art and culture.</p>",1997,980,831
Italy,Villa Romana del Casale,Cultural,N,N,N,N,"<p>Roman exploitation of the countryside is symbolized by the Villa Romana del Casale (in Sicily), the centre of the large estate upon which the rural economy of the Western Empire was based. The villa is one of the most luxurious of its kind. It is especially noteworthy for the richness and quality of the mosaics which decorate almost every room; they are the finest mosaics <em>in situ</em> anywhere in the Roman world.</p>","<p>The Committee decided to inscribe this property on the basis of criteria (i), (ii) and (iii), considering that the Villa del Casale at Piazza Armerina is the supreme example of a luxury Roman villa, which graphically illustrates the predominant social and economic structure of its age. The mosaics that decorate it are exceptional for their artistic quality and invention as well as their extent.</p>",1997,981,832
Italy,Su Nuraxi di Barumini,Cultural,N,N,N,N,"<p>During the late 2nd millennium B.C. in the Bronze Age, a special type of defensive structure known as <em>nuraghi</em> (for which no parallel exists anywhere else in the world) developed on the island of Sardinia. The complex consists of circular defensive towers in the form of truncated cones built of dressed stone, with corbel-vaulted internal chambers. The complex at Barumini, which was extended and reinforced in the first half of the 1st millennium under Carthaginian pressure, is the finest and most complete example of this remarkable form of prehistoric architecture.</p>","<p>The Committee decided to inscribe this property on the basis of cultural criteria (i), (iii) and (iv), considering that the nuraghe of Sardinia, of which Su Nuraxi is the pre-eminent example, represent an exceptional response to political and social conditions, making an imaginative and innovative use of the materials and techniques available to a prehistoric island community.</p>",1997,982,833
Italy,"Cilento and Vallo di Diano National Park with the Archeological Sites of Paestum and Velia, and the Certosa di Padula",Cultural,N,N,N,N,"<p>The Cilento is an outstanding cultural landscape. The dramatic groups of sanctuaries and settlements along its three eastñwest mountain ridges vividly portray the area's historical evolution: it was a major route not only for trade, but also for cultural and political interaction during the prehistoric and medieval periods. The Cilento was also the boundary between the Greek colonies of Magna Graecia and the indigenous Etruscan and Lucanian peoples. The remains of two major cities from classical times, Paestum and Velia, are found there.</p>","<p><em>Criterion (iii):</em> During the prehistoric period, and again in the Middle Ages, the Cilento region served as a key route for cultural, political, and commercial communications in an exceptional manner, utilizing the crests of the mountain chains running east-west and thereby creating a cultural landscape of outstanding significance and quality.</p>

<p><em>Criterion (iv):</em> In two key episodes in the development of human societies in the Mediterranean region, the Cilento area provided the only viable means of communication between the Adriatic and the Tyrrhenian seas, in the central Mediterranean region, and this is vividly illustrated by the relict cultural landscape of today.</p>",1998,993,842
Italy,Villa Adriana (Tivoli),Cultural,N,N,N,N,"<p>The Villa Adriana (at Tivoli, near Rome) is an exceptional complex of classical buildings created in the 2nd century A.D. by the Roman emperor Hadrian. It combines the best elements of the architectural heritage of Egypt, Greece and Rome in the form of an 'ideal city'.</p>","<p><em>Criteria (i) and (iii):</em> The Villa Adriana is a masterpiece that uniquely brings together the highest expressions of the material cultures of the ancient Mediterranean world.</p>
<p><em>Criterion (ii):</em> Study of the monuments that make up the Villa Adriana played a crucial role in the rediscovery of the elements of classical architecture by the architects of the Renaissance and the Baroque period. It also profoundly influenced many 19th and 20th century architects and designers.</p>",1999,1060,907
Italy,Isole Eolie (Aeolian Islands),Natural,N,N,N,N,"<p>The Aeolian Islands provide an outstanding record of volcanic island-building and destruction, and ongoing volcanic phenomena. Studied since at least the 18th century, the islands have provided the science of vulcanology with examples of two types of eruption (Vulcanian and Strombolian) and thus have featured prominently in the education of geologists for more than 200 years. The site continues to enrich the field of vulcanology.</p>","<p><em>Criterion (viii):</em> The islands' volcanic landforms represent classic features in the continuing study of volcanology world-wide. With their scientific study from at least the 18th Century, the islands have provided two of the types of eruptions (Vulcanian and Strombolian) to vulcanology and geology textbooks and so have featured prominently in the education of all geoscientists for over 200 years. They continue to provide a rich field for volcanological studies of on-going geological processes in the development of landforms.</p>",2000,1061,908
Italy,"Assisi, the Basilica of San Francesco and Other Franciscan Sites",Cultural,Y,Y,N,N,"<p>Assisi, a medieval city built on a hill, is the birthplace of Saint Francis, closely associated with the work of the Franciscan Order. Its medieval art masterpieces, such as the Basilica of San Francesco and paintings by Cimabue, Pietro Lorenzetti, Simone Martini and Giotto, have made Assisi a fundamental reference point for the development of Italian and European art and architecture.</p>","<p><em>Criterion (i):</em> Assisi represents an ensemble of masterpieces of human creative genius, such as the Basilica of San Francesco, which have made it a fundamental reference for art history in Europe and in the world.</p>

<p><em>Criterion (ii):</em> The interchange of artistic and spiritual message of the Franciscan Order has significantly contributed to developments in art and architecture in the world.</p>

<p><em>Criterion (iii):</em> Assisi represents a unique example of continuity of a city-sanctuary within its environmental setting from its Umbrian-Roman and medieval origins to the present, represented in the cultural landscape, the religious ensembles, systems of communication, and traditional land-use.</p>

<p><em>Criterion (iv):</em> The Basilica of San Francesco is an outstanding example of a type of architectural ensemble that has significantly influenced the development of art and architecture.</p>

<p><em>Criterion (vi):</em> Being the birthplace of the Franciscan Order, Assisi has from the Middle Ages been closely associated with the cult and diffusion of the Franciscan movement in the world, focusing on the universal message of peace and tolerance even to other religions or beliefs.</p>",2000,1154,990
Italy,Late Baroque Towns of the Val di Noto (South-Eastern Sicily),Cultural,N,N,N,N,"<p>The eight towns in south-eastern Sicily: Caltagirone, Militello Val di Catania, Catania, Modica, Noto, Palazzolo, Ragusa and Scicli, were all rebuilt after 1693 on or beside towns existing at the time of the earthquake which took place in that year. They represent a considerable collective undertaking, successfully carried out at a high level of architectural and artistic achievement. Keeping within the late Baroque style of the day, they also depict distinctive innovations in town planning and urban building.</p>","<p><em>Criterion (i):</em> This group of towns in south-eastern Sicily provides outstanding testimony to the exuberant genius of late Baroque art and architecture.</p>

<p><em>Criterion (ii):</em> The towns of the Val di Noto represent the culmination and final flowering of Baroque art in Europe.</p>

<p><em>Criterion (iv):</em> The exceptional quality of the late Baroque art and architecture in the Val di Noto lies in its geographical and chronological homogeneity, as well as its quantity, the result of the 1693 earthquake in this region.</p>

<p><em>Criterion (v):</em> The eight towns of south-eastern Sicily that make up this nomination, which are characteristic of the settlement pattern and urban form of this region, are permanently at risk from earthquakes and eruptions of Mount Etna.</p>",2002,1196,1024
Italy,"Villa d'Este, Tivoli",Cultural,N,N,N,N,"<p>The Villa d'Este in Tivoli, with its palace and garden, is one of the most remarkable and comprehensive illustrations of Renaissance culture at its most refined. Its innovative design along with the architectural components in the garden (fountains, ornamental basins, etc.) make this a unique example of an Italian 16th-century garden. The Villa d'Este, one of the first <em>giardini delle meraviglie</em> , was an early model for the development of European gardens.</p>","<p><em>Criterion (i):</em> The Villa d&rsquo;Este is one of the most outstanding examples of Renaissance culture at its apogee.</p>
<p><em>Criterion (ii):</em> The gardens of the Villa d&rsquo;Este had a profound influence on the development of garden design throughout Europe.</p>
<p><em>Criterion (iii):</em> The principles of Renaissance design and aesthetics are illustrated in an exceptional manner by the gardens of the Villa d&rsquo;Este.</p>
<p><em>Criterion (iv):</em> The gardens of the Villa d&rsquo;Este are among the earliest and finest of the <em>giardini delle meraviglie</em> and symbolize the flowering of Renaissance culture.</p>",2001,1197,1025
Italy,Val d'Orcia,Cultural,N,N,N,N,"<p>The landscape of Val d&rsquo;Orcia is part of the agricultural hinterland of Siena, redrawn and developed when it was integrated in the territory of the city-state in the 14th and 15th centuries to reflect an idealized model of good governance and to create an aesthetically pleasing picture. The landscape&rsquo;s distinctive aesthetics, flat chalk plains out of which rise almost conical hills with fortified settlements on top, inspired many artists. Their images have come to exemplify the beauty of well-managed Renaissance agricultural landscapes. The inscription covers: an agrarian and pastoral landscape reflecting innovative land-management systems; towns and villages; farmhouses; and the Roman Via Francigena and its associated abbeys, inns, shrines, bridges, etc.</p>","<p><em>Criterion (iv):</em> The Val d&rsquo;Orcia is an exceptional reflection of the way the landscape was re-written in Renaissance times to reflect the ideals of good governance and to create an aesthetically pleasing pictures.</p>

<p><em>Criterion (vi):</em> The landscape of the Val d&rsquo;Orcia was celebrated by painters from the Siennese School, which flourished during the Renaissance. Images of the Val d&rsquo;Orcia, and particularly depictions of landscapes where people are depicted as living in harmony with nature, have come to be seen as icons of the Renaissance and have profoundly influenced the development of landscape thinking.</p>",2004,1199,1026
Italy,Sacri Monti of Piedmont and Lombardy,Cultural,N,N,N,N,"<p>The nine <em>Sacri Monti</em> (Sacred Mountains) of northern Italy are groups of chapels and other architectural features created in the late 16th and 17th centuries and dedicated to different aspects of the Christian faith. In addition to their symbolic spiritual meaning, they are of great beauty by virtue of the skill with which they have been integrated into the surrounding natural landscape of hills, forests and lakes. They also house much important artistic material in the form of wall paintings and statuary.</p>","<p><em>Criterion (ii):</em> The implantation of architecture and sacred art into a natural landscape for didactic and spiritual purposes achieved its most exceptional expression in the Sacri Monti (&lsquo;Sacred Mountains&rsquo;) of northern Italy and had a profound influence on subsequent developments elsewhere in Europe.</p>

<p><em>Criterion (iv):</em> The Sacri Monti (&lsquo;Sacred Mountains&rsquo;) of northern Italy represent the successful integration of architecture and fine art into a landscape of great beauty for spiritual reasons at a critical period in the history of the Roman Catholic Church.</p>",2003,1245,1068
Italy,Etruscan Necropolises of Cerveteri and Tarquinia,Cultural,N,N,N,N,"<p>These two large Etruscan cemeteries reflect different types of burial practices from the 9th to the 1st century BC, and bear witness to the achievements of Etruscan culture. Which over nine centuries developed the earliest urban civilization in the northern Mediterranean. Some of the tombs are monumental, cut in rock and topped by impressive tumuli (burial mounds). Many feature carvings on their walls, others have wall paintings of outstanding quality. The necropolis near Cerveteri, known as Banditaccia, contains thousands of tombs organized in a city-like plan, with streets, small squares and neighbourhoods. The site contains very different types of tombs: trenches cut in rock; tumuli; and some, also carved in rock, in the shape of huts or houses with a wealth of structural details. These provide the only surviving evidence of Etruscan residential architecture. The necropolis of Tarquinia, also known as Monterozzi, contains 6,000 graves cut in the rock. It is famous for its 200 painted tombs, the earliest of which date from the 7th century BC.</p>","<p><em>Criterion (i):</em> The necropolises of Tarquinia and Cerveteri are masterpieces of creative genius: Tarquinia's large-scale wall paintings are exceptional both for their formal qualities and for their content, which reveal aspects of life, death, and religious beliefs of the ancient Etruscans. Cerveteri shows in a funerary context the same town planning and architectural schemes used in an ancient city.</p>

<p><em>Criterion (iii):</em> The two necropolises constitute a unique and exceptional testimony to the ancient Etruscan civilisation, the only urban type of civilisation in pre-Roman Italy. Moreover, the depiction of daily life in the frescoed tombs, many of which are replicas of Etruscan houses, is a unique testimony to this vanished culture.</p>

<p><em>Criterion (iv):</em> Many of the tombs of Tarquinia and Cerveteri represent types of buildings which no longer exist in any other form. The cemeteries, replicas of Etruscan town planning schemes, are some of the earliest existing in the region.</p>",2004,1338,1158
Italy,Syracuse and the Rocky Necropolis of Pantalica,Cultural,N,N,N,N,"<p>The site consists of two separate elements, containing outstanding vestiges dating back to Greek and Roman times: The Necropolis of Pantalica contains over 5,000 tombs cut into the rock near open stone quarries, most of them dating from the 13th to 7th centuries BC. Vestiges of the Byzantine era also remain in the area, notably the foundations of the Anaktoron (Princeís Palace). The other part of the property, Ancient Syracuse, includes the nucleus of the cityís foundation as Ortygia by Greeks from Corinth in the 8th century BC. The site of the city, which Cicero described as ëthe greatest Greek city and the most beautiful of allí, retains vestiges such as the Temple of Athena (5th century BC, later transformed to serve as a cathedral), a Greek theatre, a Roman amphitheatre, a fort and more. Many remains bear witness to the troubled history of Sicily, from the Byzantines to the Bourbons, interspersed with the Arabo-Muslims, the Normans, Frederick II of the Hohenstaufen dynasty (1197ñ1250), the Aragons and the Kingdom of the Two Sicilies. Historic Syracuse offers a unique testimony to the development of Mediterranean civilization over three millennia.</p>","<p><em>Criterion (ii): </em>The sites and monuments which form the Syracuse/Pantalica ensemble constitute a unique accumulation, through the ages and in the same space, of remarkable testimonies to Mediterranean cultures.</p>

<p><em>Criterion (iii): </em>The Syracuse/Pantalica ensemble offers, through its remarkable cultural diversity, an exceptional testimony to the development of civilisation over some three millennia.</p>

<p><em>Criterion (iv): </em>The group of monuments and archeological sites situated in Syracuse (between the nucleus of Ortygia and the vestiges located throughout the urban area) is the finest example of outstanding architectural creation spanning several cultural aspects (Greek, Roman and Baroque).</p>

<p><em>Criterion (vi): </em>Ancient Syracuse was directly linked to events, ideas and literary works of outstanding universal significance.</p>",2005,1377,1200
Italy,Genoa: Le Strade Nuove and the system of the Palazzi dei Rolli,Cultural,Y,Y,N,N,"<p>The Strade Nuove and the system of the Palazzi dei Rolli in Genoa&rsquo;s historic centre date from the late 16th and early 17th centuries when the Republic of Genoa was at the height of its financial and seafaring power. The site represents the first example in Europe of an urban development project parcelled out by a public authority within a unitary framework and associated to a particular system of &lsquo;public lodging&rsquo; in private residences, as decreed by the Senate in 1576. The site includes an ensemble of Renaissance and Baroque palaces along the so-called &lsquo;new streets&rsquo; (Strade Nuove). The Palazzi dei Rolli offer an extraordinary variety of different solutions, achieving universal value in adapting to the particular characteristics of the site and to the requirements of a specific social and economic organization. They also offer an original example of a public network of private residences designated to host state visits.</p>",,2006,1388,1211
Italy,The Dolomites,Natural,Y,Y,N,N,"<p>The site of the Dolomites comprises a mountain range in the northern Italian Alps, numbering 18 peaks which rise to above 3,000 metres and cover 141,903 ha. It features some of the most beautiful mountain landscapes anywhere, with vertical walls, sheer cliffs and a high density of narrow, deep and long valleys. A serial property of nine areas that present a diversity of spectacular landscapes of international significance for geomorphology marked by steeples, pinnacles and rock walls, the site also contains glacial landforms and karst systems. It is characterized by dynamic processes with frequent landslides, floods and avalanches. The property also features one of the best examples of the preservation of Mesozoic carbonate platform systems, with fossil records.</p>",,2009,1609,1237
Italy,Mantua and Sabbioneta,Cultural,N,N,N,N,"<p>Mantua and Sabbioneta, in the Po valley, in the north of Italy, represent two aspects of Renaissance town planning: Mantua shows the renewal and extension of an existing city, while 30 km away, Sabbioneta represents the implementation of the period&rsquo;s theories about planning the ideal city. Typically, Mantua&rsquo;s layout is irregular with regular parts showing different stages of its growth since the Roman period and includes many medieval edifices among them an 11th century rotunda and a Baroque theatre. Sabbioneta, created in the second half of the 16th century under the rule of one person, Vespasiano Gonzaga Colonna, can be described as a single-period city and has a right angle grid layout. Both cities offer exceptional testimonies to the urban, architectural and artistic realizations of the Renaissance, linked through the visions and actions of the ruling Gonzaga family. The two towns are important for the value of their architecture and for their prominent role in the dissemination of Renaissance culture. The ideals of the Renaissance, fostered by the Gonzaga family, are present in the towns&rsquo; morphology and architecture.</p>",,2008,1518,1287
Italy,Longobards in Italy. Places of the Power (568-774 A.D.),Cultural,N,N,N,N,"<p>The Longobards in Italy, Places of Power, 568 - 774 A.D.&nbsp;comprises seven groups of important buildings (including fortresses, churches, and monasteries) throughout the Italian Peninsula. They testify to the high achievement of the Lombards, who migrated from northern Europe and developed their own specific culture in Italy where they ruled over vast territories in the 6th to 8th centuries. The Lombards synthesis of architectural styles marked the transition from Antiquity to the European Middle Ages, drawing on the heritage of Ancient Rome, Christian spirituality, Byzantine influence and Germanic northern Europe. The serial property testifies to the Lombards' major role in the spiritual and cultural development of Medieval European Christianity, notably by bolstering the monastic movement.</p>",,2011,1780,1318
Italy,Vineyard Landscape of Piedmont: Langhe-Roero and Monferrato,Cultural,N,N,N,N,"<p>This landscape covers five distinct wine-growing areas with outstanding landscapes and the Castle of Cavour, an emblematic name both in the development of vineyards and in Italian history. It is located in the southern part of Piedmont, between the Po River and the Ligurian Apennines, and encompasses the whole range of technical and economic processes relating to the winegrowing and winemaking that has characterized the region for centuries. Vine pollen has been found in the area dating from the 5th century BC, when Piedmont was a place of contact and trade between the Etruscans and the Celts; Etruscan and Celtic words, particularly wine-related ones, are still found in the local dialect. During the Roman Empire, Pliny the Elder mentions the Piedmont region as being one of the most favourable for growing vines in ancient Italy; Strabo mentions its barrels.</p>",,2014,1971,1390
Italy,Mount Etna,Natural,Y,Y,N,N,"<p>Mount Etna&nbsp;is an iconic site encompassing 19,237 uninhabited hectares on the highest part of Mount Etna, on the eastern coast of Sicily. Mount Etna is the highest Mediterranean island mountain and the most active stratovolcano in the world. The eruptive history of the volcano can be traced back 500,000 years and at least 2,700 years of this activity has been documented. The almost continuous eruptive activity of Mount Etna continues to influence volcanology, geophysics and other Earth science disciplines. The volcano also supports important terrestrial ecosystems including endemic flora and fauna and its activity makes it a natural laboratory for the study of ecological and biological processes. The diverse and accessible range of volcanic features such as summit craters, cinder cones, lava flows and the Valle de Bove depression have made the site a prime destination for research and education.</p>",,2013,1910,1427
Italy,Arab-Norman Palermo and the Cathedral Churches of Cefal˙ and Monreale,Cultural,N,N,N,N,"<p>Located on the northern coast of Sicily, Arab-Norman Palermo includes a series of nine civil and religious structures dating from the era of the Norman kingdom of Sicily (1130-1194): two palaces, three churches, a cathedral, a bridge, as well as the cathedrals of Cefal˙ and Monreale. Collectively, they are an example of a social-cultural syncretism between Western, Islamic and Byzantine cultures on the island which gave rise to new concepts of space, structure and decoration. They also bear testimony to the fruitful coexistence of people of different origins and religions (Muslim, Byzantine, Latin, Jewish, Lombard and French).</p>",,2015,2048,1487
Jamaica,Blue and John Crow Mountains ,Mixed,N,N,N,N,"<p>The site encompasses a rugged and extensively forested mountainous region in the south-east of Jamaica, which provided refuge first for the indigenous Tainos fleeing slavery and then for Maroons (former enslaved peoples). They resisted the European colonial system in this isolated region by establishing a network of trails, hiding places and settlements, which form the Nanny Town Heritage Route. The forests offered the Maroons everything they needed for their survival. They developed strong spiritual connections with the mountains, still manifest through the intangible cultural legacy of, for example, religious rites, traditional medicine and dances. The site is also a biodiversity hotspot for the Caribbean Islands with a high proportion of endemic plant species, especially lichens, mosses and certain flowering plants.</p>",,2015,2015,1356
Japan,Buddhist Monuments in the Horyu-ji Area,Cultural,N,N,N,N,"<p>There are around 48 Buddhist monuments in the Horyu-ji area, in Nara Prefecture. Several date from the late 7th or early 8th century, making them some of the oldest surviving wooden buildings in the world. These masterpieces of wooden architecture are important not only for the history of art, since they illustrate the adaptation of Chinese Buddhist architecture and layout to Japanese culture, but also for the history of religion, since their construction coincided with the introduction of Buddhism to Japan from China by way of the Korean peninsula.</p>",,1993,781,660
Japan,Himeji-jo,Cultural,Y,Y,Y,Y,"<p>Himeji-jo is the finest surviving example of early 17th-century Japanese castle architecture, comprising 83 buildings with highly developed systems of defence and ingenious protection devices dating from the beginning of the Shogun period. It is a masterpiece of construction in wood, combining function with aesthetic appeal, both in its elegant appearance unified by the white plastered earthen walls and in the subtlety of the relationships between the building masses and the multiple roof layers.</p>",,1993,782,661
Japan,Yakushima,Natural,Y,Y,Y,Y,"<p>Located in the interior of Yaku Island, at the meeting-point of the palaearctic and oriental biotic regions, Yakushima exhibits a rich flora, with some 1,900 species and subspecies, including ancient specimens of the sugi (Japanese cedar). It also contains a remnant of a warm-temperate ancient forest that is unique in this region.</p>",,1993,783,662
Japan,Shirakami-Sanchi,Natural,N,N,N,N,"<p>Situated in the mountains of northern Honshu, this trackless site includes the last virgin remains of the cool-temperate forest of Siebold's beech trees that once covered the hills and mountain slopes of northern Japan. The black bear, the serow and 87 species of birds can be found in this forest.</p>",,1993,784,663
Japan,"Historic Monuments of Ancient Kyoto (Kyoto, Uji and Otsu Cities)",Cultural,Y,Y,Y,Y,"<p>Built in A.D. 794 on the model of the capitals of ancient China, Kyoto was the imperial capital of Japan from its foundation until the middle of the 19th century. As the centre of Japanese culture for more than 1,000 years, Kyoto illustrates the development of Japanese wooden architecture, particularly religious architecture, and the art of Japanese gardens, which has influenced landscape gardening the world over.</p>",,1994,814,688
Japan,Historic Villages of Shirakawa-go and Gokayama,Cultural,N,N,Y,Y,"<p>Located in a mountainous region that was cut off from the rest of the world for a long period of time, these villages with their Gassho-style houses subsisted on the cultivation of mulberry trees and the rearing of silkworms. The large houses with their steeply pitched thatched roofs are the only examples of their kind in Japan. Despite economic upheavals, the villages of Ogimachi, Ainokura and Suganuma are outstanding examples of a traditional way of life perfectly adapted to the environment and people's social and economic circumstances.</p>",,1995,868,734
Japan,Hiroshima Peace Memorial (Genbaku Dome),Cultural,Y,Y,Y,Y,"<p>The Hiroshima Peace Memorial (Genbaku Dome) was the only structure left standing in the area where the first atomic bomb exploded on 6 August 1945. Through the efforts of many people, including those of the city of Hiroshima, it has been preserved in the same state as immediately after the bombing. Not only is it a stark and powerful symbol of the most destructive force ever created by humankind; it also expresses the hope for world peace and the ultimate elimination of all nuclear weapons.</p>","<p>The Committee decided to inscribe the Hiroshima Peace Memorial (Genbaku Dome) on the World Heritage List, exceptionally on the basis of cultural criterion (vi).</p>",1996,917,775
Japan,Itsukushima Shinto Shrine,Cultural,Y,Y,Y,Y,"<p>The island of Itsukushima, in the Seto inland sea, has been a holy place of Shintoism since the earliest times. The first shrine buildings here were probably erected in the 6th century. The present shrine dates from the 12th century and the harmoniously arranged buildings reveal great artistic and technical skill. The shrine plays on the contrasts in colour and form between mountains and sea and illustrates the Japanese concept of scenic beauty, which combines nature and human creativity.</p>","<p>The Committee decided to inscribe the nominated property on the basis of cultural criteria (i), (ii), (iv) and (vi) as the supreme example of this form of religious centre, setting traditional architecture of great artistic and technical merit against a dramatic natural background and thereby creating a work of art of incomparable physical beauty.</p>",1996,918,776
Japan,Historic Monuments of Ancient Nara,Cultural,Y,Y,Y,Y,"<p>Nara was the capital of Japan from 710 to 784. During this period the framework of national government was consolidated and Nara enjoyed great prosperity, emerging as the fountainhead of Japanese culture. The city's historic monuments &ndash; Buddhist temples, Shinto shrines and the excavated remains of the great Imperial Palace &ndash; provide a vivid picture of life in the Japanese capital in the 8th century, a period of profound political and cultural change.</p>",<p>Criterion (ii): The historic monuments of ancient Nara bear exceptional witness to the evolution of Japanese architecture and art as a result of cultural links with China and Korea which were to have a profound influence on future developments. Criterion (iii): The flowering of Japanese culture during the period when Nara was the capital is uniquely demonstrated by its architectural heritage. Criterion (iv): The layout of the Imperial Palace and the design of the surviving monuments in Nara are outstanding examples of the architecture and planning of early Asian capital cities. Criterion (vi): The Buddhist temples and Shinto shrines of Nara demonstrate the continuing spiritual power and influence of these religions in an exceptional manner.</p>,1998,1021,870
Japan,Shrines and Temples of Nikko,Cultural,N,N,Y,Y,"<p>The shrines and temples of Nikko, together with their natural surroundings, have for centuries been a sacred site known for its architectural and decorative masterpieces. They are closely associated with the history of the Tokugawa Shoguns.</p>","<p>Criterion (i): The Nikko shrines and temples are a reflection of architectural and artistic genius; this aspect is reinforced by the harmonious integration of the buildings in a forest and a natural site laid out by people.</p>

<p>Criterion (iv): Nikko is a perfect illustration of the architectural style of the Edo period as applied to Shinto shrines and Buddhist temples. The Gongen-zukuri style of the two mausoleums, the T&ocirc;sh&ocirc;gu and the Taiy&ucirc;-in Reiby&ocirc;, reached the peak of its expression in Nikko, and was later to exert a decisive influence. The ingenuity and creativity of its architects and decorators are revealed in an outstanding and distinguished manner.</p>

<p>Criterion (vi): The Nikko shrines and temples, together with their environment, are an outstanding example of a traditional Japanese religious centre, associated with the Shinto perception of the relationship of man with nature, in which mountains and forests have a sacred meaning and are objects of veneration, in a religious practice that is still very much alive today.</p>",1999,1066,913
Japan,Gusuku Sites and Related Properties of the Kingdom of Ryukyu,Cultural,N,N,N,N,"<p>Five hundred years of Ryukyuan history (12th-17th century) are represented by this group of sites and monuments. The ruins of the castles, on imposing elevated sites, are evidence for the social structure over much of that period, while the sacred sites provide mute testimony to the rare survival of an ancient form of religion into the modern age. The wide- ranging economic and cultural contacts of the Ryukyu Islands over that period gave rise to a unique culture.</p>","<p><span class=""CmCaReT"" style=""display: none;"">?</span>Criterion ii For several centuries the Ryukyu islands served as a centre of economic and cultural interchange between south-east Asia, China, Korea, and Japan, and this is vividly demonstrated by the surviving monuments. Criterion iii The culture of the Ryukyuan Kingdom evolved and flourished in a special political and economic environment, which gave its culture a unique quality. Criterion vi The Ryukyu sacred sites constitute an exceptional example of an indigenous form of nature and ancestor worship which has survived intact into the modern age alongside other established world religions.</p>",2000,1136,972
Japan,Sacred Sites and Pilgrimage Routes in the Kii Mountain Range,Cultural,Y,Y,Y,Y,"<p>Set in the dense forests of the Kii Mountains overlooking the Pacific Ocean, three sacred sites ñ Yoshino and Omine, Kumano Sanzan, Koyasan ñ linked by pilgrimage routes to the ancient capital cities of Nara and Kyoto, reflect the fusion of Shinto, rooted in the ancient tradition of nature worship in Japan, and Buddhism, which was introduced from China and the Korean Peninsula. The sites (495.3 ha) and their surrounding forest landscape reflect a persistent and extraordinarily well-documented tradition of sacred mountains over 1,200 years. The area, with its abundance of streams, rivers and waterfalls, is still part of the living culture of Japan and is much visited for ritual purposes and hiking, with up to 15 million visitors annually. Each of the three sites contains shrines, some of which were founded as early as the 9th century.</p>","<p><em>Criterion (ii):</em> The monuments and sites that form the cultural landscape of the Kii Mountains are a unique fusion between Shintoism and Buddhism that illustrates the interchange and development of religious cultures in East Asia.</p>

<p><em>Criterion (iii):</em> The Shinto shrines and Buddhist temples in the Kii Mountains, and their associated rituals, bear exceptional testimony to the development of Japanís religious culture over more than a thousand years.</p>

<p><em>Criterion (iv):</em> The Kii Mountains have become the setting for the creation of unique forms of shrine and temple buildings which have had a profound influence on the building of temples and shrines elsewhere in Japan.</p>

<p><em>Criterion (vi):</em> Together, the sites and the forest landscape of the Kii Mountains reflect a persistent and extraordinarily well-documented tradition of sacred mountains over the past 1200 years.</p>",2004,2183,1142
Japan,Shiretoko,Natural,N,N,N,N,"<p>Shiretoko Peninsula is located in the north-east of Hokkaido, the northernmost island of Japan. The site includes the land from the central part of the peninsula to its tip (Shiretoko Cape) and the surrounding marine area. It provides an outstanding example of the interaction of marine and terrestrial ecosystems as well as extraordinary ecosystem productivity, largely influenced by the formation of seasonal sea ice at the lowest latitude in the northern hemisphere. It has particular importance for a number of marine and terrestrial species, some of them endangered and endemic, such as Blackiston&rsquo;s fish owl and the Viola kitamiana plant. The site is globally important for threatened seabirds and migratory birds, a number of salmonid species, and for marine mammals including Steller&rsquo;s sea lion and some cetacean species.</p>","<p><em>Criterion (ix): </em>Shiretoko provides an outstanding example of the interaction of marine and terrestrial ecosystems as well as extraordinary ecosystem productivity, largely influenced by the formation of seasonal sea ice at the lowest latitude in the northern hemisphere.</p>

<p><em>Criterion (x): </em>Shiretoko has particular importance for a number of marine and terrestrial species. These include a number of endangered and endemic species, such as the Blackiston&rsquo;s Fish owl and the plant species Viola kitamiana. The site is globally important for a number of salmonid species and for a number of marine mammals, including the Steller&rsquo;s sea Lion and a number of cetacean species. The site has significance as a habitat for globally threatened sea birds and is a globally important area for migratory birds.</p>",2005,1370,1193
Japan,Iwami Ginzan Silver Mine and its Cultural Landscape,Cultural,N,N,N,N,"<p>The Iwami Ginzan Silver Mine in the south-west of Honshu Island is a cluster of mountains, rising to 600 m and interspersed by deep river valleys featuring the archaeological remains of large-scale mines, smelting and refining sites and mining settlements worked between the 16th and 20th centuries. The site also features routes used to transport silver ore to the coast, and port towns from where it was shipped to Korea and China. The mines contributed substantially to the overall economic development of Japan and south-east Asia in the 16th and 17th centuries, prompting the mass production of silver and gold in Japan. The mining area is now heavily wooded. Included in the site are fortresses, shrines, parts of Kaid&ocirc; transport routes to the coast, and three port towns, Tomogaura, Okidomari and Yunotsu, from where the ore was shipped.</p>",,2007,1737,1246
Japan,"Hiraizumi ñ Temples, Gardens and Archaeological Sites Representing the Buddhist Pure Land",Cultural,N,N,N,N,"<p>Hiraizumi - Temples, Gardens and Archaeological Sites Representing the Buddhist Pure Land&nbsp;comprises five sites, including the sacred Mount Kinkeisan. It features vestiges of government offices dating from the 11th and 12th centuries when Hiraizumi was the administrative centre of the northern realm of Japan and rivalled Kyoto. The realm was based on the cosmology of Pure Land Buddhism, which spread to Japan in the 8th century. It represented the pure land of Buddha that people aspire to after death, as well as peace of mind in this life. In combination with indigenous Japanese nature worship and Shintoism, Pure Land Buddhism developed a concept of planning and garden design that was unique to Japan.</p>",,2011,1771,1277
Japan,Ogasawara Islands,Natural,N,N,N,N,"<p>The property numbers more than 30 islands clustered in three groups and covers surface area of 7,939 hectares. The islands offer a variety of landscapes and are home to a wealth of fauna, including the Bonin Flying Fox, a critically endangered bat, and 195 endangered bird species. Four-hundred and forty-one native plant taxa have been documented on the islands whose waters support numerous species of fish, cetaceans and corals. Ogasawara Islands' ecosystems reflect a range of evolutionary processes illustrated through its assemblage of plant species from both southeast and northwest Asia, alongside many endemic species.</p>",,2011,1770,1362
Japan,"Fujisan, sacred place and source of artistic inspiration",Cultural,Y,Y,Y,Y,"<p>The beauty of the solitary, often snow-capped, stratovolcano, known around the world as Mount Fuji, rising above villages and tree-fringed sea and lakes has long been the object of pilgrimages and inspired artists and poets. The inscribed property consists of 25 sites which reflect the essence of Fujisanís sacred and artistic†landscape. In the 12th†century, Fujisan became the centre of training for ascetic Buddhism, which included Shinto elements. On the upper 1,500-metre tier of the 3,776m mountain, pilgrim routes and crater shrines have been inscribed alongside sites around the base of the mountain including Sengen-jinja shrines, Oshi lodging houses, and natural volcanic features such as lava tree moulds, lakes, springs and waterfalls, which are revered as sacred. Its representation in Japanese art goes back to the 11th†century, but 19th†century woodblock prints of views, including those from sand beaches with pine tree groves have made Fujisan an internationally recognized icon of Japan and have had a deep impact on the development of Western art.†</p>",,2013,1883,1418
Japan,Tomioka Silk Mill and Related Sites,Cultural,N,N,N,N,"<p>This property is a historic sericulture and silk mill complex established in the late 19th and early 20th century in the Gunma prefecture, north-west of Tokyo. It consists of four sites that correspond to the different stages in the production of raw silk: a large raw silk reeling plant whose machinery and industrial expertise were imported from France; an experimental farm for production of cocoons; a school for the dissemination of sericulture knowledge; and a cold-storage facility for silkworm eggs. The site illustrates Japanís desire to rapidly access the best mass production techniques, and became a decisive element in the renewal of sericulture and the Japanese silk industry in the last quarter of the 19th century. Tomioka Silk Mill and its related sites became the centre of innovation for the production of raw silk and marked Japanís entry into the modern, industrialized era, making it the worldís leading exporter of raw silk, notably to Europe and the United States.</p>",,2014,1992,1449
Japan,"Sites of Japanís Meiji Industrial Revolution: Iron and Steel, Shipbuilding and Coal Mining",Cultural,N,N,N,N,"<p><span>The site encompasses a series of twenty three component parts, mainly located in the southwest of Japan. It bears testimony to the rapid industrialization of the country from the middle of the 19</span><sup>th</sup><span> century to the early 20</span><sup>th</sup><span> century, through the development of the†iron and steel industry, shipbuilding and coal mining. The site illustrates the process by which feudal Japan sought technology transfer from Europe and America from the middle of the 19</span><sup>th</sup><span> century and how this technology was adapted to the countryís needs and social traditions. The site testifies to what is considered to be the first successful transfer of Western industrialization to a non-Western nation.</span></p>",,2015,2045,1484
Japan,Sacred Island of Okinoshima and Associated Sites in the Munakata Region ,Cultural,N,N,N,N,"<p>Located 60 km off the western coast of Kyushu island, the island of Okinoshima is an exceptional example of the tradition of worship of a sacred island. The archaeological sites that have been preserved on the Island are virtually intact, and provide a chronological record of how the rituals performed there changed from the 4th to the 9th centuries CE. In these rituals, votive objects were deposited as offerings at different sites on the Island. Many of them are of exquisite workmanship and had been brought from overseas, providing evidence of intense exchanges between the Japanese archipelago, the Korean Peninsula and the Asian continent. Integrated within the Grand Shrine of Munakata, the island of Okinoshima is considered sacred to this day.</p>",,2017,2149,1535
Jerusalem (Site proposed by Jordan),Old City of Jerusalem and its Walls,Cultural,Y,Y,Y,Y,"<p>As a holy city for Judaism, Christianity and Islam, Jerusalem has always been of great symbolic importance. Among its 220 historic monuments, the Dome of the Rock stands out: built in the 7th century, it is decorated with beautiful geometric and floral motifs. It is recognized by all three religions as the site of Abraham's sacrifice. The Wailing Wall delimits the quarters of the different religious communities, while the Resurrection rotunda in the Church of the Holy Sepulchre houses Christ's tomb.</p>",,1981,165,148
Jordan,Petra,Cultural,Y,Y,Y,Y,"<p>Inhabited since prehistoric times, this Nabataean caravan-city, situated between the Red Sea and the Dead Sea, was an important crossroads between Arabia, Egypt and Syria-Phoenicia. Petra is half-built, half-carved into the rock, and is surrounded by mountains riddled with passages and gorges. It is one of the world's most famous archaeological sites, where ancient Eastern traditions blend with Hellenistic architecture.</p>",,1985,370,326
Jordan,Quseir Amra,Cultural,N,N,N,N,"<p>Built in the early 8th century, this exceptionally well-preserved desert castle was both a fortress with a garrison and a residence of the Umayyad caliphs. The most outstanding features of this small pleasure palace are the reception hall and the <em>hammam</em>, both richly decorated with figurative murals that reflect the secular art of the time.</p>",,1985,372,327
Jordan,Um er-Rasas (Kastrom Mefa'a),Cultural,N,N,N,N,"<p>Most of this archaeological site, which started as a Roman military camp and grew to become a town from the 5th century, has not been excavated. It contains remains from the Roman, Byzantine and Early Muslim periods (end of 3rd to 9th centuries AD) and a fortified Roman military camp. The site also has 16 churches, some with well-preserved mosaic floors. Particularly noteworthy is the mosaic floor of the Church of Saint Stephen with its representation of towns in the region. Two square towers are probably the only remains of the practice, well known in this part of the world, of the stylites (ascetic monks who spent time in isolation atop a column or tower). Um er-Rasas is surrounded by, and dotted with, remains of ancient agricultural cultivation in an arid area.</p>","<p><em>Criterion (i):</em> Um er-Rasas is a masterpiece of human creative genius given the artistic and technical qualities of the mosaic floor of St Stephen's church.</p>

<p><em>Criterion (iv):</em> Um er-Rasas presents a unique and complete (therefore outstanding) example of stylite towers.</p>

<p><em>Criterion (vi):</em> Umm er-Rasas is strongly associated with monasticism and with the spread of monotheism in the whole region, including Islam.</p>",2004,1271,1093
Jordan,Wadi Rum Protected Area,Mixed,Y,Y,Y,Y,"<p>The 74,000-hectare property, inscribed as a mixed natural and cultural site, is situated in southern Jordan, near the border with Saudi Arabia. It features a varied desert landscape consisting of a range of narrow gorges, natural arches, towering cliffs, ramps, massive landslides and caverns. Petroglyphs, inscriptions and archaeological remains in the site testify to 12,000 years of human occupation and interaction with the natural environment. The combination of 25,000 rock carvings with 20,000 inscriptions trace the evolution of human thought and the early development of the alphabet. The site illustrates the evolution of pastoral, agricultural and urban activity in the region.</p>",,2011,1758,1377
Jordan,Baptism Site ìBethany Beyond the Jordanî (Al-Maghtas),Cultural,N,N,N,N,"<p>Situated on the eastern bank of the River Jordan, nine kilometres north of the Dead Sea, the archaeological site consists of two distinct areas: Tell Al-Kharrar, also known as Jabal Mar-Elias (Elijahís Hill) and the area of the churches of Saint John the Baptist near the river. Situated in a pristine natural environment the site is believed to be the location where Jesus of Nazareth was baptized by John the Baptist. It features Roman and Byzantine remains including churches and chapels, a monastery, caves that have been used by hermits and pools in which baptisms were celebrated, testifying to the religious character of the place. The site is a Christian place of pilgrimage.</p>",,2015,2019,1446
Kazakhstan,Saryarka ñ Steppe and Lakes of Northern Kazakhstan,Natural,N,N,N,N,"<p>Saryarka - Steppe and Lakes of Northern Kazakhstan comprises two protected areas: Naurzum State Nature Reserve and Korgalzhyn State Nature Reserve totalling 450,344 ha. It features wetlands of outstanding importance for migratory water birds, including globally threatened species, among them the extremely rare Siberian white crane, the Dalmatian pelican, Pallas&rsquo;s fish eagle, to name but a few. These wetlands are key stopover points and crossroads on the Central Asian flyway of birds from Africa, Europe and South Asia to their breeding places in Western and Eastern Siberia. The 200,000 ha Central Asian steppe areas included in the property provide a valuable refuge for over half the species of the region&rsquo;s steppe flora, a number of threatened bird species and the critically endangered Saiga antelope, formerly an abundant species much reduced by poaching. The property includes two groups of fresh and salt water lakes situated on a watershed between rivers flowing north to the Arctic and south into the Aral-Irtysh basin.</p>",,2008,1543,1102
Kazakhstan,Mausoleum of Khoja Ahmed Yasawi,Cultural,N,N,N,N,"<p>The Mausoleum of Khoja Ahmed Yasawi, in the town of Yasi, now Turkestan, was built at the time of Timur (Tamerlane), from 1389 to 1405. In this partly unfinished building, Persian master builders experimented with architectural and structural solutions later used in the construction of Samarkand, the capital of the Timurid Empire. Today, it is one of the largest and best-preserved constructions of the Timurid period.</p>","<p>Criterion i: The Mausoleum of Khoja Ahmed Yasawi is an outstanding achievement in the Timurid architecture, and it has significantly contributed to the development of Islamic religious architecture. Criterion iii: The mausoleum and its site represent an exceptional testimony to the culture of the Central Asian region, and to the development of building technology. Criterion iv: The Mausoleum of Khoja Ahmed Yasawi was a prototype for the development of a major building type in the Timurid period, becoming a significant reference in the history of Timurid architecture.</p>",2003,1281,1103
Kazakhstan,Petroglyphs within the Archaeological Landscape of Tamgaly,Cultural,N,N,N,N,"<p>Set around the lush Tamgaly Gorge, amidst the vast, arid Chu-Ili mountains, is a remarkable concentration of some 5,000 petroglyphs (rock carvings) dating from the second half of the second millennium BC to the beginning of the 20th century. Distributed among 48 complexes with associated settlements and burial grounds, they are testimonies to the husbandry, social organization and rituals of pastoral peoples. Human settlements in the site are often multilayered and show occupation through the ages. A huge number of ancient tombs are also to be found including stone enclosures with boxes and cists (middle and late Bronze Age), and mounds (kurgans) of stone and earth (early Iron Age to the present). The central canyon contains the densest concentration of engravings and what are believed to be altars, suggesting that these places were used for sacrificial offerings.</p>","<p><em>Criterion (iii):</em> The dense and coherent group of petroglyphs, with sacred images, altars and cult areas, together with their associated settlements and burial sites, provide a substantial testimony to the lives and beliefs of pastoral peoples of the central Asian steppes from the Bronze Age to the present day.</p>",2004,1326,1145
Kenya,Mount Kenya National Park/Natural Forest,Natural,N,N,N,N,"<p>At 5,199 m, Mount Kenya is the second highest peak in Africa. It is an ancient extinct volcano, which during its period of activity (3.1-2.6 million years ago) is thought to have risen to 6,500 m. There are 12 remnant glaciers on the mountain, all receding rapidly, and four secondary peaks that sit at the head of the U-shaped glacial valleys. With its rugged glacier-clad summits and forested middle slopes, Mount Kenya is one of the most impressive landscapes in East Africa. The evolution and ecology of its afro-alpine flora provide an outstanding example of ecological and biological processes. Through the Lewa Wildlife Conservancy and Ngare Ndare Forest Reserve, the property also incorporates lower lying scenic foothills and arid habitats of high biodiversity, situated in the ecological transition zone between the mountain ecosystem and the semi-arid savanna grasslands. The area also lies within the traditional migrating route of the African elephant population.</p>",,1997,1902,800
Kenya,Lake Turkana National Parks,Natural,N,N,N,N,"<p>The most saline of Africa's large lakes, Turkana is an outstanding laboratory for the study of plant and animal communities. The three National Parks serve as a stopover for migrant waterfowl and are major breeding grounds for the Nile crocodile, hippopotamus and a variety of venomous snakes. The Koobi Fora deposits, rich in mammalian, molluscan and other fossil remains, have contributed more to the understanding of paleo-environments than any other site on the continent.</p>",<p>The Committee inscribed this property on the basis of natural <em>criteria (viii)</em> and <em>(x)</em> for the discoveries of mammal fossil remains in the site which led to the scientific reconstruction of the palaeo-environment of the entire Turkana Lake basin of the Quarternary Period. The Lake Turkana ecosystem with its diverse bird life and desert environment offers an exceptional laboratory for studies of plant and animal communities.</p>,1997,947,801
Kenya,Lamu Old Town,Cultural,N,N,N,N,"<p>Lamu Old Town is the oldest and best-preserved Swahili settlement in East Africa, retaining its traditional functions. Built in coral stone and mangrove timber, the town is characterized by the simplicity of structural forms enriched by such features as inner courtyards, verandas, and elaborately carved wooden doors. Lamu has hosted major Muslim religious festivals since the 19th century, and has become a significant centre for the study of Islamic and Swahili cultures.</p>","<p>Criterion ii The architecture and urban structure Lamu graphically demonstrate the cultural influences that have come together there over several hundred years from Europe, Arabia, and India, utilizing traditional Swahili techniques to produce a distinct culture. Criterion iv The growth and decline of the seaports the East African coast and interaction between the Bantu, Arabs, Persians, Indians, and Europeans represents significant cultural and economic phase in the history the region which finds its most outstanding expression Lamu Old Town. Criterion vi Its paramount trading role and its attraction for scholars and teachers gave Lamu an important religious function in the region. It continues to be significant centre for education in Islamic and Swahili culture.</p>",2001,1229,1055
Kenya,Kenya Lake System in the Great Rift Valley,Natural,N,N,N,N,"<p>The Kenya Lake System in the Great Rift Valley , a natural property of outstanding beauty, comprises three inter-linked relatively shallow lakes (Lake Bogoria, Lake Nakuru and Lake Elementaita) in the Rift Valley Province of Kenya and covers a total area of 32,034 hectares. The property is home to 13 globally threatened bird species and some of the highest bird diversities in the world. It is the single most important foraging site for the lesser flamingo anywhere, and a major nesting and breeding ground for great white pelicans. The property features sizeable mammal populations, including black rhino, Rothschild's giraffe, greater kudu, lion, cheetah and wild dogs and is valuable for the study of ecological processes of major importance.</p>",,2011,1749,1060
Kenya,Sacred Mijikenda Kaya Forests,Cultural,N,N,N,N,"<p>The Mijikenda Kaya Forests consist of 11 separate forest sites spread over some 200 km along the coast containing the remains of numerous fortified villages, known as kayas, of the Mijikenda people. The kayas, created as of the 16th century but abandoned by the 1940s, are now regarded as the abodes of ancestors and are revered as sacred sites and, as such, are maintained as by councils of elders. The site is inscribed as bearing unique testimony to a cultural tradition and for its direct link to a living tradition.</p>",,2008,1589,1231
Kenya,"Fort Jesus, Mombasa",Cultural,N,N,N,N,"<p>The Fort, built by the Portuguese in 1593-1596 to the designs of Giovanni Battista Cairati to protect the port of Mombasa, is one of the most outstanding and well preserved examples of 16th Portuguese military fortification and a landmark in the history of this type of construction. The Fort's layout and form reflected the Renaissance ideal that perfect proportions and geometric harmony are to be found in the human body. The property covers an area of 2.36 hectares and includes the fort's moat and immediate surroundings.</p>",,2011,1847,1295
Kiribati,Phoenix Islands Protected Area,Natural,N,N,N,N,"<p>The Phoenix Island Protected Area (PIPA) is a 408,250 sq.km expanse of marine and terrestrial habitats in the Southern Pacific Ocean. The property encompasses the Phoenix Island Group, one of three island groups in Kiribati, and is the largest designated Marine Protected Area in the world. PIPA conserves one of the world's largest intact oceanic coral archipelago ecosystems, together with 14 known underwater sea mounts (presumed to be extinct volcanoes) and other deep-sea habitats. The area contains approximately 800 known species of fauna, including about 200 coral species, 500 fish species, 18 marine mammals and 44 bird species. The structure and functioning of PIPA's ecosystems illustrates its pristine nature and importance as a migration route and reservoir. This is the first site in Kiribati to be inscribed on the World Heritage List.</p>",,2010,1683,1325
Kyrgyzstan,Sulaiman-Too Sacred Mountain,Cultural,N,N,N,N,"<p>Sulaiman-Too Sacred Mountain Kyrgyzstan dominates the Fergana Valley and forms the backdrop to the city of Osh, at the crossroads of important routes on the Central Asian Silk Roads. For more than one and a half millennia, Sulaiman was a beacon for travellers revered as a sacred mountain. Its five peaks and slopes contain numerous ancient places of worship and caves with petroglyphs as well as two largely reconstructed 16th century mosques. One hundred and one sites with petroglyphs representing humans and animals as well as geometrical forms have been indexed in the property so far. The site numbers 17 places of worship, which are still in use, and many that are not. Dispersed around the mountain peaks they are connected by footpaths. The cult sites are believed to provide cures for barrenness, headaches, and back pain and give the blessing of longevity. Veneration for the mountain blends pre-Islamic and Islamic beliefs. The site is believed to represent the most complete example of a sacred mountain anywhere in Central Asia, worshipped over several millennia.</p>",,2009,1699,1230
Lao People's Democratic Republic,Town of Luang Prabang,Cultural,N,N,N,N,"<p>Luang Prabang is an outstanding example of the fusion of traditional architecture and Lao urban structures with those built by the European colonial authorities in the 19th and 20th centuries. Its unique, remarkably well-preserved townscape illustrates a key stage in the blending of these two distinct cultural traditions.</p>",,1995,1954,479
Lao People's Democratic Republic,Vat Phou and Associated Ancient Settlements within the Champasak Cultural Landscape,Cultural,N,N,N,N,"<p>The Champasak cultural landscape, including the Vat Phou Temple complex, is a remarkably well-preserved planned landscape more than 1,000 years old. It was shaped to express the Hindu vision of the relationship between nature and humanity, using an axis from mountain top to river bank to lay out a geometric pattern of temples, shrines and waterworks extending over some 10 km. Two planned cities on the banks of the Mekong River are also part of the site, as well as Phou Kao mountain. The whole represents a development ranging from the 5th to 15th centuries, mainly associated with the Khmer Empire.</p>","<p>Criterion iii The Temple Complex of Vat Phou bears exceptional testimony to the cultures of south-east Asia, and in particular to the Khmer Empire which dominated the region in the 10th&ndash;14th centuries. Criterion iv The Vat Phou complex is an outstanding example of the integration of symbolic landscape of great spiritual significance to its natural surroundings. Criterion vi Contrived to express the Hindu version of the relationship between nature and humanity, Vat Phou exhibits a remarkable complex of monuments and other structures over an extensive area between river and mountain, some of outstanding architecture, many containing great works of art, and all expressing intense religious conviction and commitment.</p>",2001,560,481
Latvia,Historic Centre of Riga,Cultural,Y,Y,Y,Y,"<p>Riga was a major centre of the Hanseatic League, deriving its prosperity in the 13thñ15th centuries from the trade with central and eastern Europe. The urban fabric of its medieval centre reflects this prosperity, though most of the earliest buildings were destroyed by fire or war. Riga became an important economic centre in the 19th century, when the suburbs surrounding the medieval town were laid out, first with imposing wooden buildings in neoclassical style and then in <em>Jugendstil</em> . It is generally recognized that Riga has the finest collection of art nouveau buildings in Europe.</p>","<p>The Committee decided to inscribe this property on the basis of <em>criteria (i) and (ii)</em>, considering that the historic centre of Riga, while retaining its medieval and later urban fabric relatively intact, is of outstanding universal value by virtue of the quality and the quantity of its Art Nouveau/Jugendstil architecture, which is unparalleled anywhere in the world, and its 19th century architecture in wood.</p>",1997,1003,852
Lebanon,Anjar,Cultural,N,N,N,N,"<p>The city of Anjar was founded by Caliph Walid I at the beginning of the 8th century. The ruins reveal a very regular layout, reminiscent of the palace-cities of ancient times, and are a unique testimony to city planning under the Umayyads.</p>",,1984,329,293
Lebanon,Baalbek,Cultural,N,N,N,N,"<p>This Phoenician city, where a triad of deities was worshipped, was known as Heliopolis during the Hellenistic period. It retained its religious function during Roman times, when the sanctuary of the Heliopolitan Jupiter attracted thousands of pilgrims. Baalbek, with its colossal structures, is one of the finest examples of Imperial Roman architecture at its apogee.</p>",,1984,330,294
Lebanon,Byblos,Cultural,N,N,N,N,"<p>The ruins of many successive civilizations are found at Byblos, one of the oldest Phoenician cities. Inhabited since Neolithic times, it has been closely linked to the legends and history of the Mediterranean region for thousands of years. Byblos is also directly associated with the history and diffusion of the Phoenician alphabet.</p>",,1984,331,295
Lebanon,Tyre,Cultural,N,N,N,N,"<p>According to legend, purple dye was invented in Tyre. This great Phoenician city ruled the seas and founded prosperous colonies such as Cadiz and Carthage, but its historical role declined at the end of the Crusades. There are important archaeological remains, mainly from Roman times.</p>",,1984,335,299
Lebanon,Ouadi Qadisha (the Holy Valley) and the Forest of the Cedars of God (Horsh Arz el-Rab),Cultural,N,N,N,N,"<p>The Qadisha valley is one of the most important early Christian monastic settlements in the world. Its monasteries, many of which are of a great age, stand in dramatic positions in a rugged landscape. Nearby are the remains of the great forest of cedars of Lebanon, highly prized in antiquity for the construction of great religious buildings.</p>",<p>Criterion iii: The Qadisha Valley has been the site of monastic communities continuously since the earliest years of Christianity. The trees in the Cedar Forest are survivors of a sacred forest and of one of the most highly prized building materials of the ancient world. Criterion iv: The monasteries of the Qadisha Valley are the most significant surviving examples of this fundamental demonstration of Christian faith.</p>,1998,1001,850
Libya,Archaeological Site of Leptis Magna,Cultural,N,N,N,N,"<p>Leptis Magna was enlarged and embellished by Septimius Severus, who was born there and later became emperor. It was one of the most beautiful cities of the Roman Empire, with its imposing public monuments, harbour, market-place, storehouses, shops and residential districts.</p>",,1982,203,183
Libya,Archaeological Site of Sabratha,Cultural,N,N,N,N,"<p>A Phoenician trading-post that served as an outlet for the products of the African hinterland, Sabratha was part of the short-lived Numidian Kingdom of Massinissa before being Romanized and rebuilt in the 2nd and 3rd centuries A.D.</p>",,1982,204,184
Libya,Archaeological Site of Cyrene,Cultural,N,N,N,N,"<p>A colony of the Greeks of Thera, Cyrene was one of the principal cities in the Hellenic world. It was Romanized and remained a great capital until the earthquake of 365. A thousand years of history is written into its ruins, which have been famous since the 18th century.</p>",,1982,211,190
Libya,Rock-Art Sites of Tadrart Acacus,Cultural,N,N,N,N,"<p>On the borders of Tassili N'Ajjer in Algeria, also a World Heritage site, this rocky massif has thousands of cave paintings in very different styles, dating from 12,000 B.C. to A.D. 100. They reflect marked changes in the fauna and flora, and also the different ways of life of the populations that succeeded one another in this region of the Sahara.</p>",,1985,321,287
Libya,Old Town of GhadamËs,Cultural,N,N,N,N,"<p>GhadamËs, known as 'the pearl of the desert', stands in an oasis. It is one of the oldest pre-Saharan cities and an outstanding example of a traditional settlement. Its domestic architecture is characterized by a vertical division of functions: the ground floor used to store supplies; then another floor for the family, overhanging covered alleys that create what is almost an underground network of passageways; and, at the top, open-air terraces reserved for the women.</p>",,1986,415,362
Lithuania,Vilnius Historic Centre,Cultural,N,N,Y,Y,"<p>Political centre of the Grand Duchy of Lithuania from the 13th to the end of the 18th century, Vilnius has had a profound influence on the cultural and architectural development of much of eastern Europe. Despite invasions and partial destruction, it has preserved an impressive complex of Gothic, Renaissance, Baroque and classical buildings as well as its medieval layout and natural setting.</p>",,1994,1929,541
Lithuania,Kernav?  Archaeological Site (Cultural Reserve of Kernav?),Cultural,N,N,N,N,"<p>The Kernav? Archaeological site, about 35 km north-west of Vilnius in eastern Lithuania, represents an exceptional testimony to some 10 millennia of human settlements in this region. Situated in the valley of the River Neris, the site is a complex ensemble of archaeological properties, encompassing the town of Kernav?, forts, some unfortified settlements, burial sites and other archaeological, historical and cultural monuments from the late Palaeolithic Period to the Middle Ages. The site of 194,4 ha has preserved the traces of ancient land-use, as well as remains of five impressive hill forts, part of an exceptionally large defence system. Kernav? was an important feudal town in the Middle Ages. The town was destroyed by the Teutonic Order in the late 14th century, however the site remained in use until modern times.</p>","<p><em>Criterion (iii):</em> The archaeological site of Kernave presents an exceptional testimony to the evolution of human settlements in the Baltic region in Europe over the period of some 10 millennia. The site has exceptional evidence of the contact of Pagan and Christian funeral traditions.</p>

<p><em>Criterion (iv):</em> The settlement patterns and the impressive hill-forts represent outstanding examples of the development of such types of structures and the history of their use in the pre-Christian era.</p>",2004,1317,1137
Luxembourg,City of Luxembourg: its Old Quarters and Fortifications,Cultural,N,N,Y,Y,"<p>Because of its strategic position, Luxembourg was, from the 16th century until 1867, when its walls were dismantled, one of Europe's greatest fortified sites. It was repeatedly reinforced as it passed from one great European power to another: the Holy Roman Emperors, the House of Burgundy, the Habsburgs, the French and Spanish kings, and finally the Prussians. Until their partial demolition, the fortifications were a fine example of military architecture spanning several centuries.</p>",,1994,827,699
Madagascar,Tsingy de Bemaraha Strict Nature Reserve,Natural,N,N,N,N,"<p>Tsingy de Bemaraha Strict Nature Reserve comprises karstic landscapes and limestone uplands cut into impressive 'tsingy' peaks and a 'forest' of limestone needles, the spectacular canyon of the Manambolo river, rolling hills and high peaks. The undisturbed forests, lakes and mangrove swamps are the habitat for rare and endangered lemurs and birds.</p>",,1990,576,494
Madagascar,Royal Hill of Ambohimanga,Cultural,N,N,N,N,"<p>The Royal Hill of Ambohimanga consists of a royal city and burial site, and an ensemble of sacred places. It is associated with strong feelings of national identity, and has maintained its spiritual and sacred character both in ritual practice and the popular imagination for the past 500 years. It remains a place of worship to which pilgrims come from Madagascar and elsewhere.</p>","<p>Criterion iii The Royal Hill of Ambohimanga is the most significant symbol of the cultural identity of the people of Madagascar. Criterion iv The traditional design, materials, and layout of the Royal Hill of Ambohimanga are representative of the social and political structure of Malagasy society from at least the 16th century. Criterion vi The Royal Hill of Ambohimanga an exceptional example of a place where, over centuries, common human experience has been focused in memory, ritual, and prayer.</p>",2001,1111,950
Madagascar,Rainforests of the Atsinanana,Natural,N,N,N,N,"<p>The Rainforests of the Atsinanana comprise six national parks distributed along the eastern part of the island. These relict forests are critically important for maintaining ongoing ecological processes necessary for the survival of Madagascar&rsquo;s unique biodiversity, which reflects the island&rsquo;s geological history. Having completed its separation from all other land masses more than 60 million years ago, Madagascar&rsquo;s plant and animal life evolved in isolation. The rainforests are inscribed for their importance to both ecological and biological processes as well as their biodiversity and the threatened species they support. Many species are rare and threatened especially primates and lemurs.</p>",,2007,1434,1257
Malawi,Lake Malawi National Park,Natural,N,N,N,N,"<p>Located at the southern end of the great expanse of Lake Malawi, with its deep, clear waters and mountain backdrop, the national park is home to many hundreds of fish species, nearly all endemic. Its importance for the study of evolution is comparable to that of the finches of the Galapagos Islands.</p>",,1984,323,289
Malawi,Chongoni Rock-Art Area,Cultural,N,N,N,N,"<p>Situated within a cluster of forested granite hills and covering an area of 126.4 km2, high up the plateau of central Malawi, the 127 sites of this area feature the richest concentration of rock art in Central Africa. They reflect the comparatively scarce tradition of farmer rock art, as well as paintings by BaTwa hunter-gatherers who inhabited the area from the late Stone Age. The Chewa agriculturalists, whose ancestors lived there from the late Iron Age, practised rock painting until well into the 20th century. The symbols in the rock art, which are strongly associated with women, still have cultural relevance amongst the Chewa, and the sites are actively associated with ceremonies and rituals.</p>",,2006,1450,476
Malaysia,Kinabalu Park,Natural,Y,Y,Y,N,"<p>Kinabalu Park, in the State of Sabah on the northern end of the island of Borneo, is dominated by Mount Kinabalu (4,095 m), the highest mountain between the Himalayas and New Guinea. It has a very wide range of habitats, from rich tropical lowland and hill rainforest to tropical mountain forest, sub-alpine forest and scrub on the higher elevations. It has been designated as a Centre of Plant Diversity for Southeast Asia and is exceptionally rich in species with examples of flora from the Himalayas, China, Australia, Malaysia, as well as pan-tropical flora.</p>","<p>Criteria (ix) and (x): The site has a diverse biota and high endemism. The altitudinal and climatic gradient from tropical forest to alpine conditions combine with precipitous topography, diverse geology and frequent climate oscillations to provide conditions ideal for the development of new species. The Park contains high biodiversity with representatives from more than half the families of all flowering plants. The majority of Borneo&rsquo;s mammals, birds, amphibians and invertebrates (many threatened and vulnerable) occur in the Park.</p>",2000,1182,1012
Malaysia,Gunung Mulu National Park,Natural,Y,Y,N,N,"<p>Important both for its high biodiversity and for its karst features, Gunung Mulu National Park, on the island of Borneo in the State of Sarawak, is the most studied tropical karst area in the world. The 52,864-ha park contains seventeen vegetation zones, exhibiting some 3,500 species of vascular plants. Its palm species are exceptionally rich, with 109 species in twenty genera noted. The park is dominated by Gunung Mulu, a 2,377 m-high sandstone pinnacle. At least 295 km of explored caves provide a spectacular sight and are home to millions of cave swiftlets and bats. The Sarawak Chamber, 600 m by 415 m and 80 m high, is the largest known cave chamber in the world.</p>","<p>Criteria (vii), (viii), (ix) and (x): The concentration of caves in Mulu's Melinau Formation with its geomorphic and structural characteristics is an outstanding feature which allows a greater understanding of Earth's history. The caves of Mulu are important for their classic features of underground geomorphology, demonstrating an evolutionary history of more than 1.5 million years. One of the world's finest examples of the collapse process in Karstic terrain can be also found. GMNP provides outstanding scientific opportunities to study theories on the origins of cave faunas. With its deeply-incised canyons, wild rivers, rainforest-covered mountains, spectacular limestone pinnacles, cave passages and decorations, Mulu has outstanding scenic values. GMNP also provides significant natural habitat for a wide range of plant and animal diversity both above and below ground. It is botanically-rich in species and high in endemism, including one of the richest sites in the world for palm species.</p>",2000,1183,1013
Malaysia,"Melaka and George Town, Historic Cities of the Straits of Malacca",Cultural,N,N,N,N,"<p>Melaka and George Town, historic cities of the Straits of Malacca have developed over 500 years of trading and cultural exchanges between East and West in the Straits of Malacca. The influences of Asia and Europe have endowed the towns with a specific multicultural heritage that is both tangible and intangible. With its government buildings, churches, squares and fortifications, Melaka demonstrates the early stages of this history originating in the 15th-century Malay sultanate and the Portuguese and Dutch periods beginning in the early 16th century. Featuring residential and commercial buildings, George Town represents the British era from the end of the 18th century. The two towns constitute a unique architectural and cultural townscape without parallel anywhere in East and Southeast Asia.</p>",,2008,1871,1223
Malaysia,Archaeological Heritage of the Lenggong Valley,Cultural,N,N,N,N,"<p>Situated in the lush Lenggong Valley, the property includes four archaeological sites in two clusters which span close to 2&nbsp;million years, one of the longest records of early man in a single locality, and the oldest outside the African continent. It features open-air and cave sites with Palaeolithic tool workshops, evidence of early technology. The number of sites found in the relatively contained area suggests the presence of a fairly large, semi-sedentary population with cultural remains from the Palaeolithic, Neolithic and Metal ages.</p>",,2012,1820,1396
Mali,Old Towns of DjennÈ,Cultural,N,N,N,N,"<p>Inhabited since 250 B.C., DjennÈ became a market centre and an important link in the trans-Saharan gold trade. In the 15th and 16th centuries, it was one of the centres for the propagation of Islam. Its traditional houses, of which nearly 2,000 have survived, are built on hillocks (<em>toguere</em>) as protection from the seasonal floods.</p>",,1988,127,116
Mali,Timbuktu,Cultural,N,N,N,N,"<p>Home of the prestigious Koranic Sankore University and other <em>madrasas</em>, Timbuktu was an intellectual and spiritual capital and a centre for the propagation of Islam throughout Africa in the 15th and 16th centuries. Its three great mosques, Djingareyber, Sankore and Sidi Yahia, recall Timbuktu's golden age. Although continuously restored, these monuments are today under threat from desertification.</p>",,1988,131,119
Mali,Cliff of Bandiagara (Land of the Dogons),Mixed,N,N,N,N,"<p>The Bandiagara site is an outstanding landscape of cliffs and sandy plateaux with some beautiful architecture (houses, granaries, altars, sanctuaries and <em>Togu Na</em>, or communal meeting-places). Several age-old social traditions live on in the region (masks, feasts, rituals, and ceremonies involving ancestor worship). The geological, archaeological and ethnological interest, together with the landscape, make the Bandiagara plateau one of West Africa's most impressive sites.</p>",,1989,602,516
Mali,Tomb of Askia,Cultural,N,N,N,N,"<p>The dramatic 17-m pyramidal structure of the Tomb of Askia was built by Askia Mohamed, the Emperor of Songhai, in 1495 in his capital Gao. It bears testimony to the power and riches of the empire that flourished in the 15th and 16th centuries through its control of the trans-Saharan trade, notably in salt and gold. It is also a fine example of the monumental mud-building traditions of the West African Sahel. The complex, including the pyramidal tomb, two flat-roofed mosque buildings, the mosque cemetery and the open-air assembly ground, was built when Gao became the capital of the Songhai Empire and after Askia Mohamed had returned from Mecca and made Islam the official religion of the empire.</p>",,2004,1320,1139
Malta,?al Saflieni Hypogeum,Cultural,N,N,Y,Y,"<p>The Hypogeum is an enormous subterranean structure excavated c. 2500 B.C., using cyclopean rigging to lift huge blocks of coralline limestone. Perhaps originally a sanctuary, it became a necropolis in prehistoric times.</p>",,1980,142,130
Malta,City of Valletta,Cultural,N,N,Y,Y,"<p>The capital of Malta is inextricably linked to the history of the military and charitable Order of St John of Jerusalem. It was ruled successively by the Phoenicians, Greeks, Carthaginians, Romans, Byzantines, Arabs and the Order of the Knights of St John. Vallettaís 320 monuments, all within an area of 55 ha, make it one of the most concentrated historic areas in the world.</p>",,1980,143,131
Malta,Megalithic Temples of Malta,Cultural,N,N,Y,Y,"<p>Seven megalithic temples are found on the islands of Malta and Gozo, each the result of an individual development. The two temples of Ggantija on the island of Gozo are notable for their gigantic Bronze Age structures. On the island of Malta, the temples of Hagar Qin, Mnajdra and Tarxien are unique architectural masterpieces, given the limited resources available to their builders. The Ta'Hagrat and Skorba complexes show how the tradition of temple-building was handed down in Malta.</p>",,1980,2121,132
Marshall Islands,Bikini Atoll Nuclear Test Site,Cultural,N,N,N,N,"<p>In the wake of World War II, in a move closely related to the beginnings of the Cold War, the United States of America decided to resume nuclear testing in the Pacific Ocean, on Bikini Atoll in the Marshall archipelago. After the displacement of the local inhabitants, 67 nuclear tests were carried out from 1946 to 1958, including the explosion of the first H-bomb (1952). Bikini Atoll has conserved direct tangible evidence that is highly significant in conveying the power of the nuclear tests, i.e. the sunken ships sent to the bottom of the lagoon by the tests in 1946 and the gigantic Bravo crater. Equivalent to 7,000 times the force of the Hiroshima bomb, the tests had major consequences on the geology and natural environment of Bikini Atoll and on the health of those who were exposed to radiation. Through its history, the atoll symbolises the dawn of the nuclear age, despite its paradoxical image of peace and of earthly paradise. This is the first site from the Marshall Islands to be inscribed on the World Heritage List.</p>",,2010,1684,1339
Mauritania,Banc d'Arguin National Park,Natural,N,N,N,N,"<p>Fringing the Atlantic coast, the park comprises sand-dunes, coastal swamps, small islands and shallow coastal waters. The contrast between the harsh desert environment and the biodiversity of the marine zone has resulted in a land- and seascape of outstanding natural significance. A wide variety of migrating birds spend the winter there. Several species of sea turtle and dolphin, used by the fishermen to attract shoals of fish, can also be found.</p>",,1989,590,506
Mauritania,"Ancient <I>Ksour</I> of Ouadane, Chinguetti, Tichitt and Oualata",Cultural,N,N,N,N,"<p>Founded in the 11th and 12th centuries to serve the caravans crossing the Sahara, these trading and religious centres became focal points of Islamic culture. They have managed to preserve an urban fabric that evolved between the 12th and 16th centuries. Typically, houses with patios crowd along narrow streets around a mosque with a square minaret. They illustrate a traditional way of life centred on the nomadic culture of the people of the western Sahara.</p>","<p>The Committee decided to inscribe the nominated property on the World Heritage List on the basis of cultural criteria (iii), (iv) and (v) considering that these four ancient cities constitute exceptional examples of settlements built to serve the important trade routes of the Sahara Desert, and which were witness to cultural, social and economic contacts for many centuries.</p>",1996,884,750
Mauritius,Aapravasi Ghat,Cultural,N,N,N,N,"<p>In the district of Port Louis, lies the 1,640 m2 site where the modern indentured labour diaspora began. In 1834, the British Government selected the island of Mauritius to be the first site for what it called &lsquo;the great experiment&rsquo; in the use of &lsquo;free&rsquo; labour to replace slaves. Between 1834 and 1920, almost half a million indentured labourers arrived from India at Aapravasi Ghat to work in the sugar plantations of Mauritius, or to be transferred to Reunion Island, Australia, southern and eastern Africa or the Caribbean. The buildings of Aapravasi Ghat are among the earliest explicit manifestations of what was to become a global economic system and one of the greatest migrations in history.</p>",,2006,1404,1227
Mauritius,Le Morne Cultural Landscape,Cultural,N,N,N,N,"<p>Le Morne Cultural Landscape, a rugged mountain that juts into the Indian Ocean in the southwest of Mauritius was used as a shelter by runaway slaves, maroons, through the 18th and early years of the 19th centuries. Protected by the mountainís isolated, wooded and almost inaccessible cliffs, the escaped slaves formed small settlements in the caves and on the summit of Le Morne. The oral traditions associated with the maroons, have made Le Morne a symbol of the slavesí fight for freedom, their suffering, and their sacrifice, all of which have relevance to the countries from which the slaves came - the African mainland, Madagascar, India, and South-east Asia. Indeed, Mauritius, an important stopover in the eastern slave trade, also came to be known as the ìMaroon republicî because of the large number of escaped slaves who lived on Le Morne Mountain.</p>",,2008,1860,1259
Mexico,Sian Ka'an,Natural,N,N,Y,Y,"<p>In the language of the Mayan peoples who once inhabited this region, Sian Ka'an means 'Origin of the Sky'. Located on the east coast of the Yucat&aacute;n peninsula, this biosphere reserve contains tropical forests, mangroves and marshes, as well as a large marine section intersected by a barrier reef. It provides a habitat for a remarkably rich flora and a fauna comprising more than 300 species of birds, as well as a large number of the region's characteristic terrestrial vertebrates, which cohabit in the diverse environment formed by its complex hydrological system.</p>",,1987,473,410
Mexico,Pre-Hispanic City and National Park of Palenque,Cultural,N,N,N,N,"<p>A prime example of a Mayan sanctuary of the classical period, Palenque was at its height between AD 500 and 700, when its influence extended throughout the basin of the Usumacinta River. The elegance and craftsmanship of the buildings, as well as the lightness of the sculpted reliefs with their Mayan mythological themes, attest to the creative genius of this civilization.</p>",,1987,474,411
Mexico,Historic Centre of Mexico City and Xochimilco,Cultural,N,N,N,N,"<p>Built in the 16th century by the Spanish on the ruins of Tenochtitlan, the old Aztec capital, Mexico City is now one of the world's largest and most densely populated cities. It has five Aztec temples, the ruins of which have been identified, a cathedral (the largest on the continent) and some fine 19th- and 20th-century public buildings such as the Palacio de las Bellas Artes. Xochimilco lies 28 km south of Mexico City. With its network of canals and artificial islands, it testifies to the efforts of the Aztec people to build a habitat in the midst of an unfavourable environment. Its characteristic urban and rural structures, built since the 16th century and during the colonial period; have been preserved in an exceptional manner.</p>",,1987,475,412
Mexico,Pre-Hispanic City of Teotihuacan,Cultural,N,N,N,N,"<p>The holy city of Teotihuacan ('the place where the gods were created') is situated some 50 km north-east of Mexico City. Built between the 1st and 7th centuries A.D., it is characterized by the vast size of its monuments ñ in particular, the Temple of Quetzalcoatl and the Pyramids of the Sun and the Moon, laid out on geometric and symbolic principles. As one of the most powerful cultural centres in Mesoamerica, Teotihuacan extended its cultural and artistic influence throughout the region, and even beyond.</p>",,1987,477,414
Mexico,Historic Centre of Oaxaca and Archaeological Site of Monte Alb·n,Cultural,N,N,N,N,"<p>Inhabited over a period of 1,500 years by a succession of peoples &ndash; Olmecs, Zapotecs and Mixtecs &ndash; the terraces, dams, canals, pyramids and artificial mounds of Monte Alb&aacute;n were literally carved out of the mountain and are the symbols of a sacred topography. The nearby city of Oaxaca, which is built on a grid pattern, is a good example of Spanish colonial town planning. The solidity and volume of the city's buildings show that they were adapted to the earthquake-prone region in which these architectural gems were constructed.</p>",,1987,478,415
Mexico,Historic Centre of Puebla,Cultural,N,N,N,N,"<p>Puebla, which was founded <em>ex nihilo</em> in 1531, is situated about 100 km east of Mexico City, at the foot of the Popocatepetl volcano. It has preserved its great religious structures such as the 16th&ndash;17th-century cathedral and fine buildings like the old archbishop's palace, as well as a host of houses with walls covered in tiles (<em>azulejos</em>). The new aesthetic concepts resulting from the fusion of European and American styles were adopted locally and are peculiar to the Baroque district of Puebla.</p>",,1987,479,416
Mexico,Historic Town of Guanajuato and Adjacent Mines,Cultural,N,N,N,N,"<p>Founded by the Spanish in the early 16th century, Guanajuato became the world's leading silver-extraction centre in the 18th century. This past can be seen in its 'subterranean streets' and the 'Boca del Inferno', a mineshaft that plunges a breathtaking 600 m. The town's fine Baroque and neoclassical buildings, resulting from the prosperity of the mines, have influenced buildings throughout central Mexico. The churches of La CompaÒÌa and La Valenciana are considered to be among the most beautiful examples of Baroque architecture in Central and South America. Guanajuato was also witness to events which changed the history of the country.</p>",,1988,561,482
Mexico,Pre-Hispanic City of Chichen-Itza,Cultural,N,N,Y,Y,"<p>This sacred site was one of the greatest Mayan centres of the Yucat&aacute;n peninsula. Throughout its nearly 1,000-year history, different peoples have left their mark on the city. The Maya and Toltec vision of the world and the universe is revealed in their stone monuments and artistic works. The fusion of Mayan construction techniques with new elements from central Mexico make Chichen-Itza one of the most important examples of the Mayan-Toltec civilization in Yucat&aacute;n. Several buildings have survived, such as the Warriors&rsquo; Temple, El Castillo and the circular observatory known as El Caracol.</p>",,1988,562,483
Mexico,Whale Sanctuary of El Vizcaino,Natural,N,N,N,N,"<p>Located in the central part of the peninsula of Baja California, the sanctuary contains some exceptionally interesting ecosystems. The coastal lagoons of Ojo de Liebre and San Ignacio are important reproduction and wintering sites for the grey whale, harbour seal, California sea lion, northern elephant-seal and blue whale. The lagoons are also home to four species of the endangered marine turtle.</p>",,1993,652,554
Mexico,"Archaeological Zone of PaquimÈ, Casas Grandes",Cultural,N,N,N,N,"<p>Paquim&eacute;, Casas Grandes, which reached its apogee in the 14th and 15th centuries, played a key role in trade and cultural contacts between the Pueblo culture of the south-western United States and northern Mexico and the more advanced civilizations of Mesoamerica. The extensive remains, only part of which have been excavated, are clear evidence of the vitality of a culture which was perfectly adapted to its physical and economic environment, but which suddenly vanished at the time of the Spanish Conquest.</p>","<p>Criterion iii: Paquim&eacute; Casas Grandes bears eloquent and abundant testimony to an important element in the cultural evolution of North America, and in particular to prehispanic commercial and cultural links. Criterion iv: The extensive remains of the archaeological site of Paquim&eacute; Casas Grandes provide exceptional evidence of the development of adobe architecture in North America, and in particular of the blending of this with the more advanced techniques of Mesoamerica.</p>",1998,662,560
Mexico,Historic Centre of Morelia,Cultural,N,N,N,N,"<p>Built in the 16th century, Morelia is an outstanding example of urban planning which combines the ideas of the Spanish Renaissance with the Mesoamerican experience. Well-adapted to the slopes of the hill site, its streets still follow the original layout. More than 200 historic buildings, all in the region's characteristic pink stone, reflect the town's architectural history, revealing a masterly and eclectic blend of the medieval spirit with Renaissance, Baroque and neoclassical elements. Morelia was the birthplace of several important personalities of independent Mexico and has played a major role in the country's history.</p>",,1991,692,585
Mexico,"El Tajin, Pre-Hispanic City",Cultural,N,N,N,N,"<p>Located in the state of Veracruz, El Tajin was at its height from the early 9th to the early 13th century. It became the most important centre in north-east Mesoamerica after the fall of the Teotihuacan Empire. Its cultural influence extended all along the Gulf and penetrated into the Maya region and the high plateaux of central Mexico. Its architecture, which is unique in Mesoamerica, is characterized by elaborate carved reliefs on the columns and frieze. The 'Pyramid of the Niches', a masterpiece of ancient Mexican and American architecture, reveals the astronomical and symbolic significance of the buildings. El Tajin has survived as an outstanding example of the grandeur and importance of the pre-Hispanic cultures of Mexico.</p>",,1992,749,631
Mexico,Historic Centre of Zacatecas,Cultural,N,N,N,N,"<p>Founded in 1546 after the discovery of a rich silver lode, Zacatecas reached the height of its prosperity in the 16th and 17th centuries. Built on the steep slopes of a narrow valley, the town has breathtaking views and there are many old buildings, both religious and civil. The cathedral, built between 1730 and 1760, dominates the centre of the town. It is notable for its harmonious design and the Baroque profusion of its fa&ccedil;ades, where European and indigenous decorative elements are found side by side.</p>",,1993,800,676
Mexico,Earliest 16th-Century Monasteries on the Slopes of Popocatepetl,Cultural,N,N,N,N,"<p>These 14 monasteries stand on the slopes of Popocatepetl, to the south-east of Mexico City. They are in an excellent state of conservation and are good examples of the architectural style adopted by the first missionaries &ndash; Franciscans, Dominicans and Augustinians &ndash; who converted the indigenous populations to Christianity in the early 16th century. They also represent an example of a new architectural concept in which open spaces are of renewed importance. The influence of this style is felt throughout the Mexican territory and even beyond its borders.</p>",,1994,830,702
Mexico,Rock Paintings of the Sierra de San Francisco,Cultural,N,N,N,N,"<p>From c. 100 B.C. to A.D. 1300, the Sierra de San Francisco (in the El Vizcaino reserve, in Baja California) was home to a people who have now disappeared but who left one of the most outstanding collections of rock paintings in the world. They are remarkably well-preserved because of the dry climate and the inaccessibility of the site. Showing human figures and many animal species and illustrating the relationship between humans and their environment, the paintings reveal a highly sophisticated culture. Their composition and size, as well as the precision of the outlines and the variety of colours, but especially the number of sites, make this an impressive testimony to a unique artistic tradition.</p>",,1993,845,714
Mexico,Pre-Hispanic Town of Uxmal,Cultural,N,N,N,N,"<p>The Mayan town of Uxmal, in Yucat&aacute;n, was founded c. A.D. 700 and had some 25,000 inhabitants. The layout of the buildings, which date from between 700 and 1000, reveals a knowledge of astronomy. The Pyramid of the Soothsayer, as the Spaniards called it, dominates the ceremonial centre, which has well-designed buildings decorated with a profusion of symbolic motifs and sculptures depicting Chaac, the god of rain. The ceremonial sites of Uxmal, Kabah, Labna and Sayil are considered the high points of Mayan art and architecture.</p>","<p>The Committee decided to inscribe the nominated property on the basis of cultural criteria (i), (ii) and (iii) considering that the site is of outstanding universal value. The ruins of the ceremonial structures at Uxmal represent the pinnacle of late Mayan art and architecture in their design, layout and ornamentation, and the complex of Uxmal and its three related towns of Kab&aacute;h, Labn&aacute; and Sayil admirably demonstrate the social and economic structure of late Mayan society.</p>",1996,935,791
Mexico,Historic Monuments Zone of QuerÈtaro,Cultural,N,N,N,N,"<p>The old colonial town of Quer&eacute;taro is unusual in having retained the geometric street plan of the Spanish conquerors side by side with the twisting alleys of the Indian quarters. The Otomi, the Tarasco, the Chichimeca and the Spanish lived together peacefully in the town, which is notable for the many ornate civil and religious Baroque monuments from its golden age in the 17th and 18th centuries.</p>","<p>The Committee decided to inscribe the nominated property on the basis of cultural criteria (ii) and (iv) considering that the site is of outstanding universal value and an exceptional example of a colonial town whose layout symbolizes its multi- ethnic population. It is also endowed with a wealth of outstanding buildings, notably from the 17th and 18th centuries.</p>",1996,936,792
Mexico,"Hospicio CabaÒas, Guadalajara",Cultural,N,N,N,N,"<p>The Hospicio Caba&ntilde;as was built at the beginning of the 19th century to provide care and shelter for the disadvantaged &ndash; orphans, old people, the handicapped and chronic invalids. This remarkable complex, which incorporates several unusual features designed specifically to meet the needs of its occupants, was unique for its time. It is also notable for the harmonious relationship between the open and built spaces, the simplicity of its design, and its size. In the early 20th century, the chapel was decorated with a superb series of murals, now considered some of the masterpieces of Mexican art. They are the work of Jos&eacute; Clemente Orozco, one of the greatest Mexican muralists of the period.</p>","<p>The Committee decided to inscribe this property on the basis of criteria (i), (ii), (iii) and (iv), considering that the Hospicio Caba&ntilde;as is a unique architectural complex, designed to respond to social and economic requirements for housing the sick, the aged, the young, and the needy, which provides an outstanding solution of great subtlety and humanity. It also houses one of the acknowledged masterpieces of mural art.</p>",1997,963,815
Mexico,Historic Monuments Zone of Tlacotalpan,Cultural,N,N,N,N,"<p>Tlacotalpan, a Spanish colonial river port on the Gulf coast of Mexico, was founded in the mid-16th century. It has preserved its original urban fabric to a remarkable degree, with wide streets, colonnaded houses in a profusion of styles and colours, and many mature trees in the public open spaces and private gardens.</p>","<p>Criterion ii: The urban layout and architecture of Tlacotalpan represent a fusion of Spanish and Caribbean traditions of exceptional importance and quality. Criterion iv: Tlacotalpan is a Spanish colonial river port on the Gulf coast of Mexico which has preserved its original urban fabric to an exceptional degree. Its outstanding character lies in its townscape of wide streets, modest houses in an exuberant variety of styles and colours, and many mature trees in public and private open spaces.</p>",1998,1013,862
Mexico,Historic Fortified Town of Campeche,Cultural,N,N,N,N,"<p>Campeche is a typical example of a harbour town from the Spanish colonial period in the New World. The historic centre has kept its outer walls and system of fortifications, designed to defend this Caribbean port against attacks from the sea.</p>","<p>Criterion (ii): The harbour town of Campeche is an urbanization model of a Baroque colonial town, with its checkerboard street plan; the defensive walls surrounding its historic centre reflect the influence of the military architecture in the Caribbean. Criterion (iv): The fortifications system of Campeche, an eminent example of the military architecture of the 17th and 18th centuries, is part of an overall defensive system set up by the Spanish to protect the ports on the Caribbean Sea from pirate attacks.</p>",1999,1046,895
Mexico,Archaeological Monuments Zone of Xochicalco,Cultural,N,N,N,N,"<p>Xochicalco is an exceptionally well-preserved example of a fortified political, religious and commercial centre from the troubled period of 650&ndash;900 that followed the break-up of the great Mesoamerican states such as Teotihuacan, Monte Alb&aacute;n, Palenque and Tikal.</p>","<p>Criterion (iii): Xochicalco is an exceptionally well preserved and complete example of a fortified settlement from the Epiclassic Period of Mesoamerica. Criterion (iv): The architecture and art of Xochicalco represent the fusion of cultural elements from different parts of Mesoamerica, at a period when the breakdown of earlier political structures resulted in intensive cultural regroup-ing.</p>",1999,1094,939
Mexico,"Ancient Maya City and Protected Tropical Forests of Calakmul, Campeche",Mixed,N,N,N,N,"<p>The site is located in the central/southern portion of the Yucat·n Peninsula, in southern Mexico and includes the remains of the important Maya city Calakmul,†set deep in the tropical forest of the Tierras Bajas. The city played a key role in the history of this region for more than twelve centuries and is characterized by well-preserved structures providing a vivid picture of life in an ancient Maya capital. The property also falls within the Mesoamerica biodiversity hotspot, the third largest in the world, encompassing all subtropical and tropical ecosystems from central Mexico to the Panama Canal.</p>",,2002,1963,1061
Mexico,Franciscan Missions in the Sierra Gorda of QuerÈtaro,Cultural,N,N,N,N,"<p>The five Franciscan missions of Sierra Gorda were built during the last phase of the conversion to Christianity of the interior of Mexico in the mid-18th century and became an important reference for the continuation of the evangelization of California, Arizona and Texas. The richly decorated church fa&ccedil;ades are of special interest as they represent an example of the joint creative efforts of the missionaries and the Indios. The rural settlements that grew around the missions have retained their vernacular character.</p>","<p>Criterion ii: The Sierra Gorda Missions exhibit an important interchange of values in the process of evangelisation of central and northern Mexico, and the western United States. Criterion iii: The five Sierra Gorda missions bear witness to the cultural encounter of the European missions with the nomadic populations of central Mexico, remaining a significant testimony to this second phase of evangelisation in North America.</p>",2003,1256,1079
Mexico,Luis Barrag·n House and Studio,Cultural,N,N,N,N,"<p>Built in 1948, the House and Studio of architect Luis Barrag&aacute;n in the suburbs of Mexico City represents an outstanding example of the architect&rsquo;s creative work in the post-Second World War period. The concrete building, totalling 1,161 m2, consists of a ground floor and two upper storeys, as well as a small private garden. Barrag&aacute;n&rsquo;s work integrated modern and traditional artistic and vernacular currents and elements into a new synthesis, which has been greatly influential, especially in the contemporary design of gardens, plazas and landscapes.</p>","<p><em>Criterion (i):</em> The House and Studio of Luis Barrag&aacute;n represents a masterpiece of the new developments in the Modern Movement, integrating traditional, philosophical and artistic currents into a new synthesis.</p>

<p><em>Criterion (ii):</em> The work of Luis Barrag&aacute;n exhibits the integration of modern and traditional influences, which in turn have had an important impact especially on the design of garden and urban landscape design.</p>",2004,1316,1136
Mexico,Islands and Protected Areas of the Gulf of California,Natural,N,N,N,N,"<p>The site comprises 244 islands, islets and coastal areas that are located in the Gulf of California in north-eastern Mexico. The Sea of Cortez and its islands have been called a natural laboratory for the investigation of speciation. Moreover, almost all major oceanographic processes occurring in the planet&rsquo;s oceans are present in the property, giving it extraordinary importance for study. The site is one of striking natural beauty in a dramatic setting formed by rugged islands with high cliffs and sandy beaches, which contrast with the brilliant reflection from the desert and the surrounding turquoise waters. It is home to 695 vascular plant species, more than in any marine and insular property on the World Heritage List. Equally exceptional is the number of fish species: 891, 90 of them endemic. The site, moreover, contains 39% of the world&rsquo;s total number of species of marine mammals and a third of the world&rsquo;s marine cetacean species.</p>","<p><em>Criterion (ix): </em>The property ranks higher than other marine and insular World Heritage properties as it represents a unique example in which, in a very short distance, there are simultaneously &ldquo;bridge islands&rdquo; (populated by land in ocean level decline during glaciations) and oceanic islands (populated by sea and air). Moreover, almost all major oceanographic processes occurring in the planet&rsquo;s oceans are present in the property, giving it extraordinary importance for the study of marine and coastal processes. These processes are indeed supporting the high marine productivity and biodiversity richness that characterize the Gulf of California.</p>

<p><em>Criterion (vii): </em>The serial property is of striking natural beauty and provides a dramatic setting due to the rugged forms of the islands, with high cliffs and sandy beaches contrasting with the brilliant reflection from the desert and the surrounding turquoise waters. The diversity of forms and colours is complemented by a wealth of birds and marine life. The diversity and abundance of marine life associated to spectacular submarine forms and high water transparency makes the property a diver&rsquo;s paradise.</p>

<p><em>Criterion (x): </em>The diversity of terrestrial and marine life is extraordinary and constitutes a unique ecoregion of high priority for biodiversity conservation. The number of species of vascular plants (695) present in this serial property is higher than that reported in other marine and insular properties included in the WH List. The number of species of fish (891) is also highest when compared to a number of marine and insular properties. In addition the marine endemism is important, with 90 endemic fishes. The serial property contains 39% of the world&rsquo;s total number of marine mammal&rsquo;s species and a third of the world&rsquo;s total number of marine cetacean&rsquo;s species. In addition the serial property includes a good sample of the Sonora desert ecosystems, considered one of the richest deserts in the world from the desert biodiversity point of view.</p>",2005,1873,1182
Mexico,Agave Landscape and Ancient Industrial Facilities of Tequila,Cultural,N,N,N,N,"<p>The 34,658 ha site, between the foothills of the Tequila Volcano and the deep valley of the Rio Grande River, is part of an expansive landscape of blue agave, shaped by the culture of the plant used since the 16th century to produce tequila spirit and for at least 2,000 years to make fermented drinks and cloth. Within the landscape are working distilleries reflecting the growth in the international consumption of tequila in the 19th and 20th centuries. Today, the agave culture is seen as part of national identity. The area encloses a living, working landscape of blue agave fields and the urban settlements of Tequila, Arenal, and Amatitan with large distilleries where the agave &lsquo;pineapple' is fermented and distilled. The property is also a testimony to the Teuchitlan cultures which shaped the Tequila area from AD 200-900, notably through the creation of terraces for agriculture, housing, temples, ceremonial mounds and ball courts.</p>",,2006,1386,1209
Mexico,Central University City Campus of the <i>Universidad Nacional AutÛnoma de MÈxico</i> (UNAM),Cultural,N,N,N,N,"<p>The ensemble of buildings, sports facilities and open spaces of the Central University City Campus of the Universidad Nacional Aut&oacute;noma de M&eacute;xico (UNAM), was built from 1949 to 1952 by more than 60 architects, engineers and artists who were involved in the project. As a result, the campus constitutes a unique example of 20th-century modernism integrating urbanism, architecture, engineering, landscape design and fine arts with references to local traditions, especially to Mexico&rsquo;s pre-Hispanic past. The ensemble embodies social and cultural values of universal significance and is one of the most significant icons of modernity in Latin America.</p>",,2007,1427,1250
Mexico,Protective town of San Miguel and the Sanctuary of Jes˙s Nazareno de Atotonilco,Cultural,N,N,N,N,"<p>The fortified town, first established in the 16th century to protect the Royal Route inland, reached its apogee in the 18th century when many of its outstanding religious and civic buildings were built in the style of the Mexican Baroque. Some of these buildings are masterpieces of the style that evolved in the transition from Baroque to neoclassical. Situated 14 km from the town, the Jesuit sanctuary, also dating from the 18th century, is one of the finest examples of Baroque art and architecture in the New Spain. It consists of a large church, and several smaller chapels, all decorated with oil paintings by Rodriguez Ju&aacute;rez and mural paintings by Miguel Antonio Mart&iacute;nez de Pocasangre. Because of its location, San Miguel de Allende acted as a melting pot where Spaniards, Creoles and Amerindians exchanged cultural influences while the Sanctuary of Jes&uacute;s Nazareno de Atotonilco constitutes an exceptional example of the exchange between European and Latin American cultures. Its architecture and interior decoration testify to the influence of Saint Ignacio de Loyola&rsquo;s doctrine.</p>",,2008,1493,1274
Mexico,Monarch Butterfly Biosphere Reserve,Natural,N,N,N,N,"<p>The 56,259 ha biosphere lies within rugged forested mountains about 100 km northwest of Mexico City. Every autumn, millions, perhaps a billion, butterflies from wide areas of North America return to the site and cluster on small areas of the forest reserve, colouring its trees orange and literally bending their branches under their collective weight. In the spring, these butterflies begin an 8 month migration that takes them all the way to Eastern Canada and back, during which time four successive generations are born and die. How they find their way back to their overwintering site remains a mystery.</p>",,2008,1521,1290
Mexico,Camino Real de Tierra Adentro,Cultural,N,N,N,N,"<p>Camino Real de Tierra Adentro was the Royal Inland Road, also known as the Silver Route. The inscribed property consists of 55 sites and five existing World Heritage sites lying along a 1400 km section of this 2600 km route, that extends north from Mexico City to Texas and New Mexico, United States of America. The route was actively used as a trade route for 300 years, from the mid-16th to the 19th centuries, mainly for transporting silver extracted from the mines of Zacatecas, Guanajuato and San Luis Potos&iacute;, and mercury imported from Europe. Although it is a route that was motivated and consolidated by the mining industry, it also fostered the creation of social, cultural and religious links in particular between Spanish and Amerindian cultures.</p>",,2010,1691,1351
Mexico,Prehistoric Caves of Yagul and Mitla in the Central Valley of Oaxaca,Cultural,N,N,N,N,"<p>This property lies on the northern slopes of the Tlacolula valley in subtropical central Oaxaca and consists of two pre-Hispanic archaeological complexes and a series of pre-historic caves and rock shelters. Some of these shelters provide archaeological and rock-art evidence for the progress of nomadic hunter-gathers to incipient farmers. Ten thousand-year-old Cucurbitaceae seeds in one cave, Guil&aacute; Naquitz, are considered to be the earliest known evidence of domesticated plants in the continent, while corn cob fragments from the same cave are said to be the earliest documented evidence for the domestication of maize. The cultural landscape of the Prehistoric Caves of Yagul and Mitla demonstrates the link between man and nature that gave origin to the domestication of plants in North America, thus allowing the rise of Mesoamerican civilizations.</p>",,2010,1693,1352
Mexico,El Pinacate and Gran Desierto de Altar Biosphere Reserve,Natural,N,N,N,N,"<p>The 714,566 hectare site comprises two distinct parts: the dormant volcanic Pinacate Shield of black and red lava flows and desert pavements to the east, and, in the west, the Gran Altar Desert with its ever changing and varied sand dunes that can reach a height of 200 metres. This landscape of dramatic contrast notably features linear, star and dome dunes as well as several arid granite massifs, some as high as 650 metres. The dunes emerge like islands from the sea of sand and harbour distinct and highly diverse plant and wildlife communities, including endemic freshwater fish species and the endemic Sonoran Pronghorn, which is only to be found in northwestern Sonora and in southwestern Arizona (USA). Ten enormous, deep and almost perfectly circular craters, believed to have been formed by a combination of eruptions and collapses, also contribute to the dramatic beauty of the site whose exceptional combination of features are of great scientific interest. The site is also a <a href=""http://www.unesco.org/new/en/natural-sciences/environment/ecological-sciences/man-and-biosphere-programme/"">UNESCO Biosphere Reserve</a>.</p>",,2013,1858,1410
Mexico,Aqueduct of Padre Tembleque Hydraulic System,Cultural,N,N,N,N,"<p>This 16<sup>th</sup> century aqueduct is located between the states of Mexico and Hidalgo, on the Central Mexican Plateau. This heritage canal system encompasses a water catchment area, springs, canals, distribution tanks and arcaded aqueduct bridges. The site incorporates the highest single-level arcade ever built in an aqueduct. Initiated by the Franciscan friar, Padre Tembleque, and built with support from the local indigenous communities, this hydraulic system is an example of the exchange of influences between the European tradition of Roman hydraulics and traditional Mesoamerican construction techniques, including the use of adobe.</p>",,2015,2024,1463
Mexico,ArchipiÈlago de Revillagigedo,Natural,N,N,N,N,"<p>Located in the eastern Pacific Ocean, this archipelago is made up of four remote islands and their surrounding waters: San Benedicto, Socorro, Roca Partida and ClariÛn. This archipelago is part of a submerged mountain range, with the four islands representing the peaks of volcanoes emerging above sea level. The islands provide critical habitat for a range of wildlife and are of particular importance for seabirds. The surrounding waters have a remarkable abundance of large pelagic species, such as manta rays, whales, dolphins and sharks.†</p>",,2016,2102,1510
Micronesia (Federated States of),Nan Madol: Ceremonial Centre of Eastern Micronesia,Cultural,N,N,N,N,"<p>Nan Madol is a series of more than 100 islets off the south-east coast of Pohnpei that were constructed with walls of basalt and coral boulders. These islets harbour the remains of stone palaces, temples, tombs and residential domains built between 1200 and 1500 CE. These ruins represent the ceremonial centre of the Saudeleur dynasty, a vibrant period in Pacific Island culture. The huge scale of the edifices, their technical sophistication and the concentration of megalithic structures bear testimony to complex social and religious practices of the island societies of the period. The site was also inscribed on the List of World Heritage in Danger due to threats, notably the siltation of waterways that is contributing to the unchecked growth of mangroves and undermining existing edifices.</p>",,2016,2093,1503
Mongolia,Orkhon Valley Cultural Landscape,Cultural,N,N,N,N,"<p>The 121,967-ha Orkhon Valley Cultural Landscape encompasses an extensive area of pastureland on both banks of the Orkhon River and includes numerous archaeological remains dating back to the 6th century. The site also includes Kharkhorum, the 13th- and 14th-century capital of Chingis (Genghis) Khan&rsquo;s vast Empire. Collectively the remains in the site reflect the symbiotic links between nomadic, pastoral societies and their administrative and religious centres, and the importance of the Orkhon valley in the history of central Asia. The grassland is still grazed by Mongolian nomadic pastoralists.</p>","<p><em>Criterion (ii):</em> The Orkhon valley clearly demonstrates how a strong and persistent nomadic culture, led to the development of extensive trade networks and the creation of large administrative, commercial, military and religious centres. The empires that these urban centres supported undoubtedly influenced societies across Asia and into Europe and in turn absorbed influence from both east and west in a true interchange of human values.</p>

<p><em>Criterion (iii):</em> Underpinning all the development within the Orkhon valley for the past two millennia has been a strong culture of nomadic pastoralism. This culture is still a revered and indeed central part of Mongolian society and is highly respected as a &lsquo;noble&rsquo; way to live in harmony with the landscape.</p>

<p><em>Criterion (iv):</em> The Orkhon valley is an outstanding example of a valley that illustrates several significant stages in human history. First and foremost it was the centre of the Mongolian Empire; secondly it reflects a particular Mongolian variation of Turkish power; thirdly, the Tuvkhun hermitage monastery was the setting for the development of a Mongolian form of Buddhism; and fourthly, Khar Balgas, reflects the Uighur urban culture in the capital of the Uighur Empire.</p>",2004,1259,1081
Mongolia,Petroglyphic Complexes of the Mongolian Altai,Cultural,N,N,N,N,"<p>The numerous rock carvings and funerary monuments found in these three sites illustrate the development of culture in Mongolia over a period of 12,000 years. The earliest images reflect a time (11,000 - 6,000 BC) when the area was partly forested and the valley provided a habitat for hunters of large game. Later images show the transition to herding as the dominant way of life. The most recent images show the transition to a horse-dependent nomadic lifestyle during the early 1st millennium BC, the Scythian period and the later Turkic period (7th and 8th centuries AD). The carvings contribute valuably to our understanding of pre-historic communities in northern Asia.</p>",,2011,1773,1382
Mongolia,Great Burkhan Khaldun Mountain and its surrounding sacred landscape,Cultural,N,N,N,N,"<p>The site is situated in the north-east of the country in the central part of the Khentii mountain chain where the vast Central Asian steppe meets the coniferous forests of the Siberian taiga. Burkhan Khaldun is associated with the worship of sacred mountains, rivers and </span><em>ovoo-s</em><span> (shamanic rock cairns), in which ceremonies have been shaped by a fusion of ancient shamanic and Buddhist practices. The site is also believed to be the place of Genghis Khanís birth and burial. It testifies to his efforts to establish mountain worship as an important part of the unification of the Mongol people.</p>",,2015,2018,1440
Montenegro,Durmitor National Park,Natural,N,N,N,N,"<p>This breathtaking national park was formed by glaciers and is traversed by rivers and underground streams. Along the Tara river canyon, which has the deepest gorges in Europe, the dense pine forests are interspersed with clear lakes and harbour a wide range of endemic flora.</p>",,1980,109,100
Montenegro,Natural and Culturo-Historical Region of Kotor,Cultural,Y,Y,Y,Y,"<p>In the Middle Ages, this natural harbour on the Adriatic coast in Montenegro was an important artistic and commercial centre with its own famous schools of masonry and iconography. A large number of the monuments (including four Romanesque churches and the town walls) were seriously damaged by the 1979 earthquake but the town has been restored, largely with UNESCOís help.</p>",,1979,2122,125
Morocco,Medina of Fez,Cultural,Y,Y,Y,Y,"<p>Founded in the 9th century and home to the oldest university in the world, Fez reached its height in the 13th&ndash;14th centuries under the Marinids, when it replaced Marrakesh as the capital of the kingdom. The urban fabric and the principal monuments in the medina &ndash; <em>madrasas, fondouks</em>, palaces, residences, mosques and fountains - date from this period. Although the political capital of Morocco was transferred to Rabat in 1912, Fez has retained its status as the country's cultural and spiritual centre.</p>",,1981,188,170
Morocco,Medina of Marrakesh,Cultural,Y,Y,Y,Y,"<p>Founded in 1070&ndash;72 by the Almoravids, Marrakesh remained a political, economic and cultural centre for a long period. Its influence was felt throughout the western Muslim world, from North Africa to Andalusia. It has several impressive monuments dating from that period: the Koutoubiya Mosque, the Kasbah, the battlements, monumental doors, gardens, etc. Later architectural jewels include the Bandi&acirc; Palace, the Ben Youssef <em>Madrasa</em>, the Saadian Tombs, several great residences and Place Jama&acirc; El Fna, a veritable open-air theatre.</p>",,1985,376,331
Morocco,Ksar of Ait-Ben-Haddou,Cultural,N,N,Y,Y,"<p>The <em>ksar</em>, a group of earthen buildings surrounded by high walls, is a traditional pre-Saharan habitat. The houses crowd together within the defensive walls, which are reinforced by corner towers. Ait-Ben-Haddou, in Ouarzazate province, is a striking example of the architecture of southern Morocco.</p>",,1987,515,444
Morocco,Medina of Essaouira (formerly Mogador),Cultural,Y,Y,N,N,"<p>Essaouira is an exceptional example of a late-18th-century fortified town, built according to the principles of contemporary European military architecture in a North African context. Since its foundation, it has been a major international trading seaport, linking Morocco and its Saharan hinterland with Europe and the rest of the world.</p>",<p>Criterion ii Essaouira is an outstanding and well preserved example of a late 18th century European fortified seaport town translated to a North African context. Criterion iv With the opening up of Morocco to the rest of the world in the later 17th century Essaouira was laid out by a French architect who had been profoundly influenced by the work of Vauban at Saint-Malo. It has retained its European appearance to a substantial extent.</p>,2001,888,753
Morocco,Historic City of Meknes,Cultural,N,N,N,N,"<p>Founded in the 11th century by the Almoravids as a military settlement, Meknes became a capital under Sultan Moulay Isma&iuml;l (1672&ndash;1727), the founder of the Alawite dynasty. The sultan turned it into a impressive city in Spanish-Moorish style, surrounded by high walls with great doors, where the harmonious blending of the Islamic and European styles of the 17th century Maghreb are still evident today.</p>",<p>The Committee decided to inscribe the Historic City of Meknes under cultural criterion (iv) because it represents in an exceptionally complete and well preserved way the urban fabric and monumental buildings of a 17th century Maghreb capital city which combines elements of Islamic and European design and planning in a harmonious fashion.</p>,1996,937,793
Morocco,Archaeological Site of Volubilis,Cultural,Y,Y,N,N,"<p>The Mauritanian capital, founded in the 3rd century B.C., became an important outpost of the Roman Empire and was graced with many fine buildings. Extensive remains of these survive in the archaeological site, located in a fertile agricultural area. Volubilis was later briefly to become the capital of Idris I, founder of the Idrisid dynasty, who is buried at nearby Moulay Idris.</p>","<p>The Committee decided to inscribe the Archaeological Site of Volubilis on the basis of criteria (ii), (iii), (iv) and (vi), considering that this site is an exceptionally well preserved example of a large Roman colonial town on the fringes of the Empire.</p>",1997,1625,836
Morocco,Medina of TÈtouan (formerly known as Titawin),Cultural,N,N,N,N,"<p>T&eacute;touan was of particular importance in the Islamic period, from the 8th century onwards, since it served as the main point of contact between Morocco and Andalusia. After the Reconquest, the town was rebuilt by Andalusian refugees who had been expelled by the Spanish. This is well illustrated by its art and architecture, which reveal clear Andalusian influence. Although one of the smallest of the Moroccan medinas, T&eacute;touan is unquestionably the most complete and it has been largely untouched by subsequent outside influences.</p>","<p>The Committee decided to inscribe the Medina of T&eacute;touan (formerly known as Titawin) on the basis of criteria (ii), (iv) and (v), considering that it is an exceptionally well preserved and complete example of this type of historic town, displaying all the features of the high Andalusian culture.</p>",1997,986,837
Morocco,Portuguese City of Mazagan (El Jadida),Cultural,N,N,N,N,"<p>The Portuguese fortification of Mazagan, now part of the city of El Jadida, 90-km southwest of Casablanca, was built as a fortified colony on the Atlantic coast in the early 16th century. It was taken over by the Moroccans in 1769. The fortification with its bastions and ramparts is an early example of Renaissance military design. The surviving Portuguese buildings include the cistern and the Church of the Assumption, built in the Manueline style of late Gothic architecture. The Portuguese City of Mazagan - one of the early settlements of the Portuguese explorers in West Africa on the route to India - is an outstanding example of the interchange of influences between European and Moroccan cultures, well reflected in architecture, technology, and town planning.</p>","<p><em>Criterion (ii):</em> The Portuguese city of Mazagan is an outstanding example of the interchange of influences between European and Moroccan cultures, and one of the early settlements of the Portuguese explorers in West Africa, on the route to India. These influences are well reflected in architecture, technology, and town planning.</p>

<p><em>Criterion (iv):</em> The Portuguese fortified city of Mazagan is an outstanding and early example of the realisation of the Renaissance ideals integrated with Portuguese construction technology. Notable buildings from the Portuguese period include: the cistern, and the church of the Assumption, built in the Manueline style of the early 16th century.</p>",2004,1234,1058
Morocco,"Rabat, Modern Capital and Historic City: a Shared Heritage",Cultural,Y,Y,N,N,"<p>Located on the Atlantic coast in the north-west of Morocco, the site is the product of a fertile exchange between the Arabo-Muslim past and Western modernism. The inscribed city encompasses the new town conceived and built under the French Protectorate from 1912 to the 1930s, including royal and administrative areas, residential and commercial developments and the <em>Jardins d&rsquo;Essais </em>botanical and pleasure gardens. It also encompasses older parts of the city dating back to the 12<sup>th</sup>century. The new town is one of the largest and most ambitious modern urban projects built in Africa in the 20th century and probably the most complete. The older parts include Hassan Mosque (begun in 1184) and the Almohad ramparts and gates, the only surviving parts of the project for a great capital city of the Almohad caliphate as well as remains from the Moorish, or Andalusian, principality of the 17<sup>th</sup>century.</p>",,2012,1825,1401
Mozambique,Island of Mozambique,Cultural,N,N,N,N,"<p>The fortified city of Mozambique is located on this island, a former Portuguese trading-post on the route to India. Its remarkable architectural unity is due to the consistent use, since the 16th century, of the same building techniques, building materials (stone or <em>macuti</em>) and decorative principles.</p>",,1991,709,599
Myanmar,Pyu Ancient Cities,Cultural,N,N,N,N,"<p>Pyu Ancient Cities includes the remains of three brick, walled and moated cities of Halin, Beikthano and Sri Ksetra located in vast irrigated landscapes in the dry zone of the Ayeyarwady (Irrawaddy) River basin. They reflect the Pyu Kingdoms that flourished for over 1,000 years between 200†BC and AD†900. The three cities are partly excavated archaeological sites. Remains include excavated palace citadels, burial grounds and manufacture sites, as well as monumental brick Buddhist stupas, partly standing walls and water management features ñ some still in use ñ that underpinned the organized intensive agriculture.</p>",,2014,1987,1444
Namibia,Twyfelfontein or /Ui-//aes,Cultural,N,N,Y,Y,"<p>Twyfelfontein or /Ui-//aes has one of the largest concentrations of [...] petroglyphs, i.e. rock engravings in Africa. Most of these well-preserved engravings represent rhinoceros, . The site also includes six painteelephant, ostrich and giraffe, as well as drawings of human and animal footprintsd rock shelters with motifs of human figures in red ochre. The objects excavated from two sections, date from the Late Stone Age. The site forms a coherent, extensive and high-quality record of ritual practices relating to hunter-gatherer communities in this part of southern Africa over at least 2,000 years, and eloquently illustrates the links between the ritual and economic practices of hunter-gatherers.</p>",,2007,1432,1255
Namibia,Namib Sand Sea,Natural,N,N,Y,Y,"<p>Namib Sand Sea&nbsp;is the only coastal desert in the world that includes extensive dune fields influenced by fog. Covering an area of over three million hectares and a buffer zone of 899,500 hectares, the site is composed of two dune systems, an ancient semi-consolidated one overlain by a younger active one. The desert dunes are formed by the transportation of materials thousands of kilometres from the hinterland, that are carried by river, ocean current and wind. It features gravel plains, coastal flats, rocky hills, inselbergs within the sand sea, a coastal lagoon and ephemeral rivers, resulting in a landscape of exceptional beauty. Fog is the primary source of water in the site, accounting for a unique environment in which&nbsp; endemic invertebrates, reptiles and mammals adapt to an ever-changing variety of microhabitats and ecological niches.</p>",,2013,1915,1430
Nepal,Sagarmatha National Park,Natural,N,N,N,N,"<p>Sagarmatha is an exceptional area with dramatic mountains, glaciers and deep valleys, dominated by Mount Everest, the highest peak in the world (8,848 m). Several rare species, such as the snow leopard and the lesser panda, are found in the park. The presence of the Sherpas, with their unique culture, adds further interest to this site.</p>",,1979,132,120
Nepal,Kathmandu Valley ,Cultural,Y,Y,N,N,"<p>The cultural heritage of the Kathmandu Valley is illustrated by seven groups of monuments and buildings which display the full range of historic and artistic achievements for which the Kathmandu Valley is world famous. The seven include the Durbar Squares of Hanuman Dhoka (Kathmandu), Patan and Bhaktapur, the Buddhist stupas of Swayambhu and Bauddhanath and the Hindu temples of Pashupati and Changu Narayan.</p>",,1979,1448,121
Nepal,Chitwan National Park,Natural,Y,Y,N,N,"<p>At the foot of the Himalayas, Chitwan is one of the few remaining undisturbed vestiges of the 'Terai' region, which formerly extended over the foothills of India and Nepal. It has a particularly rich flora and fauna. One of the last populations of single-horned Asiatic rhinoceros lives in the park, which is also one of the last refuges of the Bengal tiger.</p>",,1984,318,284
Nepal,"Lumbini, the Birthplace of the Lord Buddha",Cultural,N,N,N,N,"<p>Siddhartha Gautama, the Lord Buddha, was born in 623 B.C. in the famous gardens of Lumbini, which soon became a place of pilgrimage. Among the pilgrims was the Indian emperor Ashoka, who erected one of his commemorative pillars there. The site is now being developed as a Buddhist pilgrimage centre, where the archaeological remains associated with the birth of the Lord Buddha form a central feature.</p>","<p>The Committee decided to inscribe this site on the basis of criteria (iii) and (vi). As the birthplace of the Lord Buddha, the sacred area of Lumbini is one of the holiest places of one of the world's great religions, and its remains contain important evidence about the nature of Buddhist pilgrimage centres from a very early period.</p>",1997,788,666
Netherlands,Schokland and Surroundings,Cultural,N,N,N,N,"<p>Schokland was a peninsula that by the 15th century had become an island. Occupied and then abandoned as the sea encroached, it had to be evacuated in 1859. But following the draining of the Zuider Zee, it has, since the 1940s, formed part of the land reclaimed from the sea. Schokland has vestiges of human habitation going back to prehistoric times. It symbolizes the heroic, age-old struggle of the people of the Netherlands against the encroachment of the waters.</p>",,1995,872,739
Netherlands,Defence Line of Amsterdam,Cultural,Y,Y,N,N,"<p>Extending 135 km around the city of Amsterdam, this defence line (built between 1883 and 1920) is the only example of a fortification based on the principle of controlling the waters. Since the 16th century, the people of the Netherlands have used their expert knowledge of hydraulic engineering for defence purposes. The centre of the country was protected by a network of 45 armed forts, acting in concert with temporary flooding from polders and an intricate system of canals and locks.</p>","<p>The Committee decided to inscribe the nominated property on the basis of cultural <em>criteria (ii), (iv) and (v)</em> considering that the site is of outstanding universal value as it is an exceptional example of an extensive integrated defence system of the modern period which has survived intact and well conserved since it was created in the later 19th century. It is also notable for the unique way in which the Dutch genius for hydraulic engineering has been incorporated into the defences of the nation's capital city.</p>",1996,894,759
Netherlands,Mill Network at Kinderdijk-Elshout,Cultural,N,N,N,N,"<p>The outstanding contribution made by the people of the Netherlands to the technology of handling water is admirably demonstrated by the installations in the Kinderdijk-Elshout area. Construction of hydraulic works for the drainage of land for agriculture and settlement began in the Middle Ages and have continued uninterruptedly to the present day. The site illustrates all the typical features associated with this technology ñ dykes, reservoirs, pumping stations, administrative buildings and a series of beautifully preserved windmills.</p>","<p>The Committee decided to inscribe this site on the basis of <em>criteria (i), (ii) and (iv)</em> considering that the Kinderdijk-Elshout mill network is an outstanding man-made landscape that bears powerful testimony to human ingenuity and fortitude over nearly a millennium in draining and protecting an area by the development and application of hydraulic technology.</p>",1997,966,818
Netherlands,"Historic Area of Willemstad, Inner City and Harbour, CuraÁao",Cultural,N,N,N,N,<p>The people of the Netherlands established a trading settlement at a fine natural harbour on the Caribbean island of CuraÁao in 1634. The town developed continuously over the following centuries. The modern town consists of several distinct historic districts whose architecture reflects not only European urban-planning concepts but also styles from the Netherlands and from the Spanish and Portuguese colonial towns with which Willemstad engaged in trade.</p>,"<p>The Committee decided to inscribe this site on the basis of cultural <em>criteria (ii), (iv) and (v)</em>, considering that the Historic Area of Willemstad is a European colonial ensemble in the Caribbean of outstanding value and integrity, which illustrates the organic growth of a multicultural community over three centuries and preserves to a high degree significant elements of the many strands that came together to create it.</p>",1997,967,819
Netherlands,Ir.D.F. Woudagemaal (D.F. Wouda Steam Pumping Station),Cultural,N,N,N,N,<p>The Wouda Pumping Station at Lemmer in the province of Friesland opened in 1920. It is the largest steam-pumping station ever built and is still in operation. It represents the high point of the contribution made by Netherlands engineers and architects in protecting their people and land against the natural forces of water.</p>,"<p><em>Criterion (i):</em> The advent of steam as a source of energy provided the Dutch engineers with a powerful tool in their millennial task of water management, and the Wouda installation is the largest of its type ever built.</p>
<p><em>Criterion (ii):</em> The Wouda Pumping Station represents the apogee of Dutch hydraulic engineering, which has provided the models and set the standards for the whole world for centuries.</p>
<p><em>Criterion (iv):</em> The Wouda pumping installations bear exceptional witness to the power of steam in controlling the forces of nature, especially as applied to water handling by Dutch engineers.</p>",1998,1018,867
Netherlands,Droogmakerij de Beemster (Beemster Polder),Cultural,N,N,N,N,"<p>The Beemster Polder, dating from the early 17th century, is is an exceptional example of reclaimed land in the Netherlands. It has preserved intact its well-ordered landscape of fields, roads, canals, dykes and settlements, laid out in accordance with classical and Renaissance planning principles.</p>","<p><em>Criterion (i):</em> The Beemster Polder is a masterpiece of creative planning, in which the ideals of antiquity and the Renaissance were applied to the design of a reclaimed landscape.</p>

<p><em>Criterion (ii):</em> The innovative and intellectually imaginative landscape of the Beemster Polder had a profound and lasting impact on reclamation projects in Europe and beyond. Criterion iv The creation of the Beemster Polder marks a major step forward in the interrelationship between humankind and water at a crucial period of social and economic expansion.</p>",1999,1051,899
Netherlands,Rietveld Schrˆderhuis (Rietveld Schrˆder House),Cultural,N,N,N,N,"<p>The Rietveld Schr&ouml;der House in Utrecht was commissioned by Ms Truus Schr&ouml;der-Schr&auml;der, designed by the architect Gerrit Thomas Rietveld, and built in 1924. This small family house, with its interior, the flexible spatial arrangement, and the visual and formal qualities, was a manifesto of the ideals of the De Stijl group of artists and architects in the Netherlands in the 1920s, and has since been considered one of the icons of the Modern Movement in architecture.</p>","<p><em>Criterion (i):</em> The Rietveld Schr&ouml;derhuis in Utrecht is an icon of the Modern Movement in architecture and an outstanding expression of human creative genius in its purity of ideas and concepts as developed by the De Stijl movement.</p>

<p><em>Criterion (ii):</em> With its radical approach to design and the use of space, the Rietveld Schr&ouml;derhuis occupies a seminal position in the development of architecture in the modern age.</p>",2000,1129,965
Netherlands,Seventeenth-Century Canal Ring Area of Amsterdam inside the Singelgracht,Cultural,Y,Y,Y,Y,"<p>The historic urban ensemble of the canal district of Amsterdam was a project for a new ëport cityí built at the end of the 16th and beginning of the 17th centuries. It comprises a network of canals to the west and south of the historic old town and the medieval port that encircled the old town and was accompanied by the repositioning inland of the cityís fortified boundaries, the Singelgracht. This was a long-term programme that involved extending the city by draining the swampland, using a system of canals in concentric arcs and filling in the intermediate spaces. These spaces allowed the development of a homogeneous urban ensemble including gabled houses and numerous monuments. This urban extension was the largest and most homogeneous of its time. It was a model of large-scale town planning, and served as a reference throughout the world until the 19th century.</p>",,2010,1666,1349
Netherlands,Van Nellefabriek,Cultural,N,N,N,N,"<p>Van Nellefabriek was designed and built in the 1920s on the banks of a canal in the Spaanse Polder industrial zone north-west of Rotterdam. The site is one of the icons of 20th-century industrial architecture, comprising a complex of factories, with fa&ccedil;ades consisting essentially of steel and glass, making large-scale use of the curtain wall principle. It was conceived as an &lsquo;ideal factory&rsquo;, open to the outside world, whose interior working spaces evolved according to need, and in which daylight was used to provide pleasant working conditions. It embodies the new kind of factory that became a symbol of the modernist and functionalist culture of the inter-war period and bears witness to the long commercial and industrial history of the Netherlands in the field of importation and processing of food products from tropical countries, and their industrial processing for marketing in Europe.</p>",,2014,1984,1441
New Zealand,Tongariro National Park,Mixed,N,N,N,N,"<p>In 1993 Tongariro became the first property to be inscribed on the World Heritage List under the revised criteria describing cultural landscapes. The mountains at the heart of the park have cultural and religious significance for the Maori people and symbolize the spiritual links between this community and its environment. The park has active and extinct volcanoes, a diverse range of ecosystems and some spectacular landscapes.</p>",,1990,487,421
New Zealand,Te Wahipounamu ñ South West New Zealand,Natural,Y,Y,Y,Y,"<p>The landscape in this park, situated in south-west New Zealand, has been shaped by successive glaciations into fjords, rocky coasts, towering cliffs, lakes and waterfalls. Two-thirds of the park is covered with southern beech and podocarps, some of which are over 800 years old. The kea, the only alpine parrot in the world, lives in the park, as does the rare and endangered takahe, a large flightless bird.</p>",,1990,648,551
New Zealand,New Zealand Sub-Antarctic Islands,Natural,N,N,N,N,"<p>The New Zealand Sub-Antarctic Islands consist of five island groups (the Snares, Bounty Islands, Antipodes Islands, Auckland Islands and Campbell Island) in the Southern Ocean south-east of New Zealand. The islands, lying between the Antarctic and Subtropical Convergences and the seas, have a high level of productivity, biodiversity, wildlife population densities and endemism among birds, plants and invertebrates. They are particularly notable for the large number and diversity of pelagic seabirds and penguins that nest there. There are 126 bird species in total, including 40 seabirds of which five breed nowhere else in the world.</p>","<p><em>Criterion (ix):</em> The New Zealand Sub-Antarctic Islands display a pattern of immigration of species, diversifications and emergent endemism, offering particularly good opportunities for research into the dynamics of island ecology.</p>

<p><em>Criterion (x):</em> The New Zealand Sub-Antarctic Islands are remarkable for their high level of biodiversity, population densities,and for endemism in birds, plants and invertebrates. The bird and plant life, especially the endemic albatrosses, cormorants, landbirds and &ldquo;megaherbs&rdquo; are unique to the islands.</p>",1998,1029,877
Nicaragua,Ruins of LeÛn Viejo,Cultural,N,N,N,N,"<p>Le&oacute;n Viejo is one of the oldest Spanish colonial settlements in the Americas. It did not develop and so its ruins are outstanding testimony to the social and economic structures of the Spanish Empire in the 16th century. Moreover, the site has immense archaeological potential.</p>","<p>Criterion iii The ruined town of Le&oacute;n Viejo provides exceptional testimony to the material culture of one of the earliest Spanish colonial settlements. Criterion iv The form and nature of early Spanish settlement in the New World, adapting European architectural and planning concepts to the material potential of another region, are uniquely preserved in the archaeological site of Le&oacute;n Viejo.</p>",2000,728,613
Nicaragua,LeÛn Cathedral,Cultural,N,N,Y,Y,"<p>Built between 1747 and the early 19th century to the design of Guatemalan architect Diego Jos&eacute; de Porres Esquivel, the monument expresses the transition from Baroque to Neoclassical architecture and its style can be considered to be eclectic. The Cathedral is characterized by the sobriety of its interior decoration and the abundance of natural light. The vault of the Sanctuary, however, presents rich ornamentation. The Cathedral houses important works of art including a wooden Flemish altarpiece, and paintings of the 14 stations of the Way of the Cross by Nicaraguan artist Antonio Sarria (late 19th and early 20th centuries).</p>",,2011,1789,1236
Niger,Air and TÈnÈrÈ Natural Reserves,Natural,N,N,N,N,"<p>This is the largest protected area in Africa, covering some 7.7 million ha, though the area considered a protected sanctuary constitutes only one-sixth of the total area. It includes the volcanic rock mass of the A&iuml;r, a small Sahelian pocket, isolated as regards its climate and flora and fauna, and situated in the Saharan desert of T&eacute;n&eacute;r&eacute;. The reserves boast an outstanding variety of landscapes, plant species and wild animals.</p>",,1991,678,573
Niger,Historic Centre of Agadez,Cultural,N,N,N,N,"<p>Known as the gateway to the desert, Agadez, on the southern edge of the Sahara desert, developed in the 15<span>th</span>&nbsp;and 16<span>th</span>&nbsp;centuries when the Sultanate of A&iuml;r was established&nbsp; and Touareg tribes were sedentarized in the city, respecting the boundaries of old encampments, which gave rise to a street pattern still in place today. The historic centre of the city, an important crossroads of the caravan trade, is divided into 11 quarters with irregular shapes. They contain numerous earthen dwellings and a well-preserved group of palatial and religious buildings including a 27m high&nbsp; minaret made entirely of mud brick, the highest such structure in the world.&nbsp; The site is marked by ancestral cultural, commercial and handicraft traditions still practiced today and presents exceptional and sophisticated examples of earthen architecture.</p>",,2013,1905,1268
Nigeria,Sukur Cultural Landscape,Cultural,N,N,N,N,"<p>The Sukur Cultural Landscape, with the Palace of the Hidi (Chief) on a hill dominating the villages below, the terraced fields and their sacred symbols, and the extensive remains of a former flourishing iron industry, is a remarkably intact physical expression of a society and its spiritual and material culture.</p>","<p>Criterion (iii): Sukur is an exceptional landscape which graphically illustrates a form of land-use that marks a critical stage in human settlement and its relationship with its environment. Criterion (v): The cultural landscape of Sukur has survived unchanged for many centuries, and continues to do so at a period when this form of traditional human settlement is under threat in many parts of the world. Criterion vi The cultural landscape of Sukur is eloquent testimony to a strong and continuing cultural tradition that has endured for many centuries.</p>",1999,1093,938
Nigeria,Osun-Osogbo Sacred Grove,Cultural,N,N,N,N,"<p>The dense forest of the Osun Sacred Grove, on the outskirts of the city of Osogbo, is one of the last remnants of primary high forest in southern Nigeria. Regarded as the abode of the goddess of fertility Osun, one of the pantheon of Yoruba gods, the landscape of the grove and its meandering river is dotted with sanctuaries and shrines, sculptures and art works in honour of Osun and other deities. The sacred grove, which is now seen as a symbol of identity for all Yoruba people, is probably the last in Yoruba culture. It testifies to the once widespread practice of establishing sacred groves outside all settlements.</p>","<p><em>Criterion (ii): </em>The development of the movement of New Sacred Artists and the absorption of Suzanne Wenger, an Austrian artist, into the Yoruba community have proved to be a fertile exchange of ideas that revived the sacred Osun Grove ;</p>

<p><em>Criterion (iii): </em>The Osun Sacred Grove is the largest and perhaps the only remaining example of a once widespread phenomenon that used to characterise every Yoruba settlement. It now represents Yoruba sacred groves and their reflection of Yoruba cosmology.</p>

<p><em>Criterion (vi): </em>The Osun Grove is a tangible expression of Yoruba divinatory and cosmological systems; its annual festival is a living thriving and evolving response to Yoruba beliefs in the bond between people, their ruler and the Osun goddess.</p>",2005,1298,1118
Norway,R¯ros Mining Town and the Circumference,Cultural,N,N,N,N,"<p>R¯ros Mining Town and the Circumference is linked to the copper mines, established in the 17th century and exploited for 333 years until 1977. The site comprises the Town and its industrial-rural cultural landscapes; Femundshytta, a smelter with its associated area; and the Winter Transport Route. Completely rebuilt after its destruction by Swedish troops in 1679, R¯ros contains about 2000 wooden one- and two-storey houses and a smelting house. Many of these buildings have preserved their blackened wooden faÁades, giving the town a medieval appearance. Surrounded by a buffer zone, coincident with the area of privileges (the Circumference) granted to the mining enterprise by the Danish-Norwegian Crown (1646), the property illustrates the establishment and flourishing of a lasting culture based on copper mining in a remote region with a harsh climate.</p>",,1980,1667,55
Norway,Urnes Stave Church,Cultural,N,N,N,N,"<p>The wooden church of Urnes (the <em>stavkirke</em>) stands in the natural setting of Sogn og Fjordane. It was built in the 12th and 13th centuries and is an outstanding example of traditional Scandinavian wooden architecture. It brings together traces of Celtic art, Viking traditions and Romanesque spatial structures.</p>",,1979,62,58
Norway,Bryggen,Cultural,Y,Y,N,N,"<p>Bryggen, the old wharf of Bergen, is a reminder of the town&rsquo;s importance as part of the Hanseatic League&rsquo;s trading empire from the 14th to the mid-16th century. Many fires, the last in 1955, have ravaged the characteristic  wooden houses of Bryggen. Its rebuilding has traditionally followed old patterns and methods, thus leaving its main structure preserved, which is a relic of an ancient wooden urban structure once common in Northern Europe. Today, some 62 buildings remain of this former townscape.</p>",,1979,63,59
Norway,Rock Art of Alta,Cultural,N,N,N,N,"<p>This group of petroglyphs in the Alta Fjord, near the Arctic Circle, bears the traces of a settlement dating from c. 4200 to 500 B.C. The thousands of paintings and engravings add to our understanding of the environment and human activities on the fringes of the Far North in prehistoric times.</p>",,1985,403,352
Norway,Vega¯yan ñ The Vega Archipelago,Cultural,N,N,N,N,"<p>A cluster of dozens of islands centred on Vega, just south of the Arctic Circle, forms a cultural landscape of 103,710 ha, of which 6,930 ha is land. The islands bear testimony to a distinctive frugal way of life based on fishing and the harvesting of the down of eider ducks, in an inhospitable environment. There are fishing villages, quays, warehouses, eider houses (built for eider ducks to nest in), farming landscapes, lighthouses and beacons. There is evidence of human settlement from the Stone Age onwards. By the 9th century, the islands had become an important centre for the supply of down, which appears to have accounted for around a third of the islandersí income. The Vega Archipelago reflects the way fishermen/farmers have, over the past 1,500 years, maintained a sustainable living and the contribution of women to eiderdown harvesting.</p>","<p><em>Criterion (v):</em> The Vega archipelago reflects the way generations of fishermen/farmers have, over the past 1500 years, maintained a sustainable living in an inhospitable seascape near the Arctic Circle, based on the now unique practice of eider down harvesting, and it also celebrate the contribution made by women to the eider down process.</p>",2004,2254,1143
Norway,West Norwegian Fjords ñ Geirangerfjord and NÊr¯yfjord,Natural,Y,Y,N,N,"<p>Situated in south-western Norway, north-east of Bergen, Geirangerfjord and N&aelig;r&oslash;yfjord, set 120 km from one another, are part of the west Norwegian fjord landscape, which stretches from Stavanger in the south to Andalsnes, 500 km to the north-east. The two fjords, among the world&rsquo;s longest and deepest, are considered as archetypical fjord landscapes and among the most scenically outstanding anywhere. Their exceptional natural beauty is derived from their narrow and steep-sided crystalline rock walls that rise up to 1,400 m from the Norwegian Sea and extend 500 m below sea level. The sheer walls of the fjords have numerous waterfalls while free-flowing rivers cross their deciduous and coniferous forests to glacial lakes, glaciers and rugged mountains. The landscape features a range of supporting natural phenomena, both terrestrial and marine, such as submarine moraines and marine mammals.</p>","<p><em>Criterion (viii): </em>The West Norwegian Fjords are classic, superbly developed fjords, considered as the type locality for fjord landscapes in the world. They are comparable in scale and quality to other existing fjords on the World Heritage List and are distinguished by the climate and geological setting. The property displays a full range of the inner segments of two of the world&rsquo;s longest and deepest fjords.</p>

<p><em>Criterion (vii): </em>The N&aelig;r&oslash;yfjord and Geirangerfjord areas are considered to be among the most scenically outstanding fjord areas on the planet. Their outstanding natural beauty is derived from their narrow and steep-sided crystalline rock walls that rise up to 1400 m direct from the Norwegian Sea and extend 500 m below sea level. Along the sheer walls of the fjords are numerous waterfalls while free-flowing rivers rise up through deciduous and coniferous forest to glacial lakes, glaciers and rugged mountains. There is a great range of supporting natural phenomena, both terrestrial and marine such as submarine moraines and marine mammals. Remnants of old and now mostly abandoned transhumant farms add a cultural aspect to the dramatic natural landscape that complements and adds human interest to the area.</p>",2005,1372,1195
Norway,Rjukan-Notodden Industrial Heritage Site,Cultural,N,N,N,N,"<p><span>Located in a dramatic landscape of mountains, waterfalls and river valleys, the site comprises hydroelectric power plants, transmission lines, factories, transport systems and towns. The complex was established by the Norsk-Hydro Company to manufacture artificial fertilizer from nitrogen in the air. It was built to meet the Western worldís growing demand for agricultural production in the early 20</span><sup>th</sup><span> century. The company towns of Rjukan and Notodden show workersí accommodation and social institutions linked by rail and ferry to ports where the fertilizer was loaded. The Rjukan-Notodden site manifests an exceptional combination of industrial assets and themes associated to the natural landscape. It stands out as an example of a new global industry in the early 20</span><sup>th</sup><span> century.</span></p>",,2015,2047,1486
Oman,Bahla Fort,Cultural,N,N,Y,Y,"<p>The oasis of Bahla owes its prosperity to the Banu Nebhan, the dominant tribe in the area from the 12th to the end of the 15th century. The ruins of the immense fort, with its walls and towers of unbaked brick and its stone foundations, is a remarkable example of this type of fortification and attests to the power of the Banu Nebhan.</p>",,1987,502,433
Oman,"Archaeological Sites of Bat, Al-Khutm and Al-Ayn",Cultural,N,N,N,N,"<p>The protohistoric site of Bat lies near a palm grove in the interior of the Sultanate of Oman. Together with the neighbouring sites, it forms the most complete collection of settlements and necropolises from the 3rd millennium B.C. in the world.</p>",,1988,503,434
Oman,Land of Frankincense,Cultural,N,N,N,N,"<p>The frankincense trees of Wadi Dawkah and the remains of the caravan oasis of Shisr/Wubar and the affiliated ports of Khor Rori and Al-Baleed vividly illustrate the trade in frankincense that flourished in this region for many centuries, as one of the most important trading activities of the ancient and medieval world.</p>","<p>Criterion iii The group of archaeological sites in Oman represent the production and distribution of frankincense, one of the most important luxury items of trade in the Old World in antiquity. Criterion iv The Oasis of Shishr and the entrepots of Khor Rori and Al-Balid are outstanding examples of medieval fortified settlements in the Persian Gulf region.</p>",2000,1180,1010
Oman,<i>Aflaj</i> Irrigation Systems of Oman,Cultural,N,N,Y,Y,"<p>The property includes five <em>aflaj</em> irrigation systems and is representative of some 3,000 such systems still in use in Oman. The origins of this system of irrigation may date back to AD 500, but archaeological evidence suggests that irrigation systems existed in this extremely arid area as early as 2500 BC. Using gravity, water is channelled from underground sources or springs to support agriculture and domestic use. The fair and effective management and sharing of water in villages and towns is still underpinned by mutual dependence and communal values and guided by astronomical observations. Numerous watchtowers built to defend the water systems form part of the site reflecting the historic dependence of communities on the <em>aflaj</em> system. Threatened by falling level of the underground water table, the <em>aflaj</em> represent an exceptionally well-preserved form of land use.</p>",,2006,1384,1207
Pakistan,Archaeological Ruins at Moenjodaro,Cultural,N,N,N,N,"<p>The ruins of the huge city of Moenjodaro &ndash; built entirely of unbaked brick in the 3rd millennium B.C. &ndash; lie in the Indus valley. The acropolis, set on high embankments, the ramparts, and the lower town, which is laid out according to strict rules, provide evidence of an early system of town planning.</p>",,1980,151,138
Pakistan,Taxila,Cultural,N,N,N,N,"<p>From the ancient Neolithic tumulus of Saraikala to the ramparts of Sirkap (2nd century B.C.) and the city of Sirsukh (1st century A.D.), Taxila illustrates the different stages in the development of a city on the Indus that was alternately influenced by Persia, Greece and Central Asia and which, from the 5th century B.C. to the 2nd century A.D., was an important Buddhist centre of learning.</p>",,1980,153,139
Pakistan,Buddhist Ruins of Takht-i-Bahi and Neighbouring City Remains at Sahr-i-Bahlol,Cultural,N,N,N,N,"<p>The Buddhist monastic complex of Takht-i-Bahi (Throne of Origins) was founded in the early 1st century. Owing to its location on the crest of a high hill, it escaped successive invasions and is still exceptionally well preserved. Nearby are the ruins of Sahr-i-Bahlol, a small fortified city dating from the same period.</p>",,1980,154,140
Pakistan,"Historical Monuments at Makli, Thatta",Cultural,N,N,N,N,"<p>The capital of three successive dynasties and later ruled by the Mughal emperors of Delhi, Thatta was constantly embellished from the 14th to the 18th century. The remains of the city and its necropolis provide a unique view of civilization in Sind.</p>",,1981,158,143
Pakistan,Fort and Shalamar Gardens in Lahore,Cultural,N,N,Y,Y,"<p>These are two masterpieces from the time of the brilliant Mughal civilization, which reached its height during the reign of the Emperor Shah Jahan. The fort contains marble palaces and mosques decorated with mosaics and gilt. The elegance of these splendid gardens, built near the city of Lahore on three terraces with lodges, waterfalls and large ornamental ponds, is unequalled.</p>",,1981,189,171
Pakistan,Rohtas Fort,Cultural,N,N,N,N,"<p>Following his defeat of the Mughal emperor Humayun in 1541, Sher Shah Suri built a strong fortified complex at Rohtas, a strategic site in the north of what is now Pakistan. It was never taken by storm and has survived intact to the present day. The main fortifications consist of the massive walls, which extend for more than 4 km; they are lined with bastions and pierced by monumental gateways. Rohtas Fort, also called Qila Rohtas, is an exceptional example of early Muslim military architecture in Central and South Asia.</p>","<p>The Committee decided to inscribe this property on the basis of criteria (ii) and (iv), considering that the Rohtas Fort is an exceptional example of the Muslim military architecture of central and south Asia, which blends architectural and artistic traditions from Turkey and the Indian sub-continent to create the model for Mughal architecture and its subsequent refinements and adaptations.</p>",1997,693,586
Palau,Rock Islands Southern Lagoon,Mixed,N,N,N,N,"<p>Rock Islands Southern Lagoon covers 100,200&nbsp;ha and includes 445 uninhabited limestone islands of volcanic origin. Many of them display unique mushroom-like shapes in turquoise lagoons surrounded by coral reefs. The aesthetic beauty of the site is heightened by a complex reef system featuring over 385 coral species and different types of habitat. They sustain a large diversity of plants, birds and marine life including dugong and at least thirteen shark species. The site harbours the highest concentration of marine lakes anywhere, isolated bodies of seawater separated from the ocean by land barriers. They are among the islands&rsquo; distinctive features and sustain high endemism of populations which continue to yield new species discoveries. The remains of stonework villages, as well as burial sites and rock art, bear testimony to the organization of small island communities over some three millennia. The abandonment of the villages in the 17th and 18th centuries illustrates the consequences of climate change, population growth and subsistence behaviour on a society living in a marginal marine environment.</p>",,2012,1801,1386
Palestine,"Birthplace of Jesus: Church of the Nativity and the Pilgrimage Route, Bethlehem",Cultural,Y,Y,Y,Y,"<p>The inscribed property is situated 10&nbsp;km south of Jerusalem on the site identified by Christian tradition as the birthplace of Jesus since the 2nd century. A church was first completed there in ad&nbsp;339 and the edifice that replaced it after a fire in the 6th century retains elaborate floor mosaics from the original building. The site also includes Latin, Greek Orthodox, Franciscan and Armenian convents and churches, as well as bell towers, terraced gardens and a pilgrimage route.</p>",,2012,1922,1433
Palestine,"Palestine: Land of Olives and Vines ñ Cultural Landscape of Southern Jerusalem, Battir",Cultural,Y,Y,N,N,"<p>This site is located a few kilometres south-west of Jerusalem, in the Central Highlands between Nablus and Hebron. The Battir hill landscape comprises a series of farmed valleys, known as <em>widian</em>, with characteristic stone terraces, some of which are irrigated for market garden production, while others are dry and planted with grapevines and olive trees. The development of terrace farming in such a mountainous region is supported by a network of irrigation channels fed by underground sources. A traditional system of distribution is then used to share the water collected through this network between families from the nearby village of Battir.</p>",,2014,2012,1492
Palestine,Hebron/Al-Khalil Old Town,Cultural,Y,Y,Y,Y,"<p>The use of a local limestone shaped the construction of the old town of Hebron / Al-Khalil during the Mamluk period between 1250 and 1517. The centre of interest of the town was the site of Al mosque -Ibrahim / the tomb of the Patriarchs whose buildings are in a compound built in the 1st century CE to protect the tombs of the patriarch Abraham / Ibrahim and his family. This place became a site of pilgrimage for the three monotheistic religions: Judaism, Christianity and Islam. The town was sited at the crossroads of trade routes for caravans travelling between southern Palestine, Sinai, Eastern Jordan, and the north of the Arabian Peninsula. Although the subsequent Ottoman Period (1517-1917) heralded an extension of the town to the surrounding areas and brought numerous architectural additions, particularly the raising of the roof level of houses to provide more upper stories, the overall Mamluk morphology of the town is seen to have persisted with its hierarchy of areas, quarters based on ethnic, religious or professional groupings, and houses with groups of rooms organized according to a tree-shaped system.</p>",,2017,2230,1565
Panama,Fortifications on the Caribbean Side of Panama: Portobelo-San Lorenzo,Cultural,N,N,N,N,"<p>Magnificent examples of 17th- and 18th-century military architecture, these Panamanian forts on the Caribbean coast form part of the defence system built by the Spanish Crown to protect transatlantic trade.</p>",,1980,148,135
Panama,Darien National Park,Natural,N,N,N,N,"<p>Forming a bridge between the two continents of the New World, Darien National Park contains an exceptional variety of habitats ñ sandy beaches, rocky coasts, mangroves, swamps, and lowland and upland tropical forests containing remarkable wildlife. Two Indian tribes live in the park.</p>",,1981,177,159
Panama,Archaeological Site of Panam· Viejo and Historic District of Panam·,Cultural,N,N,N,N,"<p>Founded in 1519 by the conquistador PedrarÌas D·vila, Panam· Viejo is the oldest European settlement on the Pacific coast of the Americas. It was laid out on a rectilinear grid and marks the transference from Europe of the idea of a planned town. Abandoned in the mid-17th century, it was replaced by a ënew towní (the ëHistoric Districtí), which has also preserved its original street plan, its architecture and an unusual mixture of Spanish, French and early American styles. The SalÛn BolÌvar was the venue for the unsuccessful attempt made by <em>El Libertador</em> in 1826 to establish a multinational continental congress.</p>","<p>The Committee decided to inscribe this property on the basis of cultural criteria (ii), (iv) and (vi), considering that Panam· was the first European settlement on the Pacific coast of the Americas, in 1519, and the Historic District preserves intact a street pattern, together with a substantial number of early domestic buildings, which are exceptional testimony to the nature of this early settlement. The SalÛn Bolivar is of outstanding historical importance, as the venue for SimÛn Bolivar's visionary attempt in 1826 to create a Pan-American congress, more than a century before such institutions became a reality.</p>",1997,934,790
Panama,Coiba National Park and its Special Zone of Marine Protection,Natural,N,N,N,N,"<p>Coiba National Park, off the southwest coast of Panama, protects Coiba Island, 38 smaller islands and the surrounding marine areas within the Gulf of Chiriqui. Protected from the cold winds and effects of El Ni&ntilde;o, Coiba&rsquo;s Pacific tropical moist forest maintains exceptionally high levels of endemism of mammals, birds and plants due to the ongoing evolution of new species. It is also the last refuge for a number of threatened animals such as the crested eagle. The property is an outstanding natural laboratory for scientific research and provides a key ecological link to the Tropical Eastern Pacific for the transit and survival of pelagic fish and marine mammals.</p>","<p><em>Criterion (ix): </em>Despite the short time of isolation of the islands of the Gulf of Chiriqu&iacute; on an evolutionary timeframe, new species are being formed, which is evident from the levels of endemism reported for many groups (mammals, birds, plants), making the property an outstanding natural laboratory for scientific research. Furthermore the Eastern Pacific reefs, such as those within the property, are characterized by complex biological interactions of their inhabitants and provide a key ecological link in the Tropical Eastern Pacific for the transit and survival of numerous pelagic fish as well as marine mammals.</p>

<p><em>Criterion (x): </em>The forests of Coiba Island possess a high variety of endemic birds, mammals and plants. Coiba Island also serves as the last refuge for a number of threatened species that have largely disappeared from the rest of Panama, such as the Crested Eagle and the Scarlet Macaw. Furthermore the marine ecosystems within the property are repositories of extraordinary biodiversity conditioned to the ability of the Gulf of Chiriqu&iacute; to buffer against temperature extremes associated to El Ni&ntilde;o/Southern Oscilation phenomenon. The property includes 760 species of marine fishes, 33 species of sharks and 20 species of cetaceans. The islands within the property are the only group of inshore islands in the tropical eastern Pacific that have significant populations of trans-Pacific fishes, namely, Indo-Pacific species that have established themselves in the eastern Pacific.</p>",2005,1319,1138
Papua New Guinea,Kuk Early Agricultural Site,Cultural,N,N,N,N,"<p>Kuk Early Agricultural Site consists of 116 ha of swamps in the western highlands of New Guinea 1,500 metres above sea-level. Archaeological excavation has revealed the landscape to be one of wetland reclamation worked almost continuously for 7,000, and possibly for 10,000 years. It contains well-preserved archaeological remains demonstrating the technological leap which transformed plant exploitation to agriculture around 6,500 years ago. It is an excellent example of transformation of agricultural practices over time, from cultivation mounds to draining the wetlands through the digging of ditches with wooden tools. Kuk is one of the few places in the world where archaeological evidence suggests independent agricultural development and changes in agricultural practice over such a long period of time.</p>",,2008,1546,887
Paraguay,Jesuit Missions of La SantÌsima Trinidad de Paran· and Jes˙s de Tavarangue,Cultural,N,N,Y,Y,"<p>In addition to their artistic interest, these missions are a reminder of the Jesuits' Christianization of the R&iacute;o de la Plata basin in the 17th and 18th centuries, with the accompanying social and economic initiatives.</p>",,1993,768,648
Peru,City of Cuzco,Cultural,Y,Y,Y,Y,"<p>Situated in the Peruvian Andes, Cuzco developed, under the Inca ruler Pachacutec, into a complex urban centre with distinct religious and administrative functions. It was surrounded by clearly delineated areas for agricultural, artisan and industrial production. When the Spaniards conquered it in the 16th century, they preserved the basic structure but built Baroque churches and palaces over the ruins of the Inca city.</p>",,1983,304,273
Peru,Historic Sanctuary of Machu Picchu,Mixed,Y,Y,Y,Y,"<p>Machu Picchu stands 2,430 m above sea-level, in the middle of a tropical mountain forest, in an extraordinarily beautiful setting. It was probably the most amazing urban creation of the Inca Empire at its height; its giant walls, terraces and ramps seem as if they have been cut naturally in the continuous rock escarpments. The natural setting, on the eastern slopes of the Andes, encompasses the upper Amazon basin with its rich diversity of flora and fauna.</p>",,1983,305,274
Peru,Chavin (Archaeological Site),Cultural,N,N,N,N,"<p>The archaeological site of Chavin gave its name to the culture that developed between 1500 and 300 B.C. in this high valley of the Peruvian Andes. This former place of worship is one of the earliest and best-known pre-Columbian sites. Its appearance is striking, with the complex of terraces and squares, surrounded by structures of dressed stone, and the mainly zoomorphic ornamentation.</p>",,1985,375,330
Peru,Huascar·n National Park,Natural,N,N,N,N,"<p>Situated in the Cordillera Blanca, the world's highest tropical mountain range, Mount Huascar&aacute;n rises to 6,768 m above sea-level. The deep ravines watered by numerous torrents, the glacial lakes and the variety of the vegetation make it a site of spectacular beauty. It is the home of such species as the spectacled bear and the Andean condor.</p>",,1985,379,333
Peru,Chan Chan Archaeological Zone,Cultural,N,N,N,N,"<p>The Chimu Kingdom, with Chan Chan as its capital, reached its apogee in the 15th century, not long before falling to the Incas. The planning of this huge city, the largest in pre-Columbian America, reflects a strict political and social strategy, marked by the city's division into nine 'citadels' or 'palaces' forming autonomous units.</p>",,1986,419,366
Peru,Man˙ National Park,Natural,N,N,N,N,"<p>This huge 1.5 million-ha park has successive tiers of vegetation rising from 150 to 4,200 m above sea-level. The tropical forest in the lower tiers is home to an unrivalled variety of animal and plant species. Some 850 species of birds have been identified and rare species such as the giant otter and the giant armadillo also find refuge there. Jaguars are often sighted in the park.</p>",,1987,1705,402
Peru,Historic Centre of Lima,Cultural,Y,Y,N,N,"<p>Although severely damaged by earthquakes, this 'City of the Kings' was, until the middle of the 18th century, the capital and most important city of the Spanish dominions in South America. Many of its buildings, such as the Convent of San Francisco (the largest of its type in this part of the world), are the result of collaboration between local craftspeople and others from the Old World.</p>",,1988,583,500
Peru,RÌo Abiseo National Park,Mixed,N,N,N,N,"<p>The park was created in 1983 to protect the fauna and flora of the rainforests that are characteristic of this region of the Andes. There is a high level of endemism among the fauna and flora found in the park. The yellow-tailed woolly monkey, previously thought extinct, is found only in this area. Research undertaken since 1985 has already uncovered 36 previously unknown archaeological sites at altitudes of between 2,500 and 4,000 m, which give a good picture of pre-Inca society.</p>",,1990,644,548
Peru,Lines and Geoglyphs of Nasca and Palpa,Cultural,N,N,N,N,"<p>Located in the arid Peruvian coastal plain, some 400 km south of Lima, the geoglyphs of Nasca and the pampas of Jumana cover about 450 km<sup>2</sup> . These lines, which were scratched on the surface of the ground between 500 B.C. and A.D. 500, are among archaeology's greatest enigmas because of their quantity, nature, size and continuity. The geoglyphs depict living creatures, stylized plants and imaginary beings, as well as geometric figures several kilometres long. They are believed to have had ritual astronomical functions.</p>",,1994,828,700
Peru,Historical Centre of the City of Arequipa,Cultural,N,N,Y,Y,"<p>The historic centre of Arequipa, built in volcanic sillar rock, represents an integration of European and native building techniques and characteristics, expressed in the admirable work of colonial masters and Criollo and Indian masons. This combination of influences is illustrated by the city's robust walls, archways and vaults, courtyards and open spaces, and the intricate Baroque decoration of its facades.</p>","<p>Criterion i The ornamented architecture in the historic centre of Arequipa represents a masterpiece of the creative integration of European and native characteristics, crucial for the cultural expression of the entire region. Criterion iv The historic centre of Arequipa is an outstanding example of a colonial settlement, challenged by the natural conditions, the indigenous influences, the process of conquest and evangelization, as well as the spectacular nature of its setting.</p>",2000,1186,1016
Peru,Sacred City of Caral-Supe,Cultural,N,N,N,N,"<p>The 5000-year-old 626-hectare archaeological site of The Sacred City of Caral-Supe is situated on a dry desert terrace overlooking the green valley of the Supe river. It dates back to the Late Archaic Period of the Central Andes and is the oldest centre of civilization in the Americas. Exceptionally well-preserved, the site is impressive in terms of its design and the complexity of its architectural, especially its monumental stone and earthen platform mounts and sunken circular courts. One of 18 urban settlements situated in the same area, Caral features complex and monumental architecture, including six large pyramidal structures. A quipu (the knot system used in Andean civilizations to record information) found on the site testifies to the development and complexity of Caral society. The city&rsquo;s plan and some of its components, including pyramidal structures and residence of the elite, show clear evidence of ceremonial functions, signifying a powerful religious ideology.</p>",,2009,1615,1269
Philippines,Historic City of Vigan,Cultural,N,N,N,N,"<p>Established in the 16th century, Vigan is the best-preserved example of a planned Spanish colonial town in Asia. Its architecture reflects the coming together of cultural elements from elsewhere in the Philippines, from China and from Europe, resulting in a culture and townscape that have no parallel anywhere in East and South-East Asia.</p>",,1999,586,502
Philippines,Puerto-Princesa Subterranean River National Park,Natural,N,N,N,N,"<p>This park features a spectacular limestone karst landscape with an underground river. One of the river's distinguishing features is that it emerges directly into the sea, and its lower portion is subject to tidal influences. The area also represents a significant habitat for biodiversity conservation. The site contains a full 'mountain-to-sea' ecosystem and has some of the most important forests in Asia.</p>","<p>The Puerto Princesa Subterranean River National Park features a spectacular limestone karst landscape with its underground river. A distinguishing feature of the river is that it flows directly into the sea, and the lower portion of the river is subject to tidal influences. The area also represents a significant habitat for biodiversity conservation. The site contains a full mountain to the sea ecosystem and protects forests, which are among the most significant in Asia.</p>",1999,773,652
Philippines,Tubbataha Reefs Natural Park,Natural,N,N,N,N,"<p>The Tubbataha Reef Marine Park covers 130,028 ha, including the North and South Reefs. It is a unique example of an atoll reef with a very high density of marine species; the North Islet serving as a nesting site for birds and marine turtles. The site is an excellent example of a pristine coral reef with a spectacular 100-m perpendicular wall, extensive lagoons and two coral islands.</p>",,1993,1554,653
Philippines,Baroque Churches of the Philippines,Cultural,N,N,Y,Y,"<p>These four churches, the first of which was built by the Spanish in the late 16th century, are located in Manila, Santa Maria, Paoay and Miag-ao. Their unique architectural style is a reinterpretation of European Baroque by Chinese and Philippine craftsmen.</p>",,1993,1955,677
Philippines,Rice Terraces of the Philippine Cordilleras,Cultural,N,N,Y,Y,"<p>For 2,000 years, the high rice fields of the Ifugao have followed the contours of the mountains. The fruit of knowledge handed down from one generation to the next, and the expression of sacred traditions and a delicate social balance, they have helped to create a landscape of great beauty that expresses the harmony between humankind and the environment.</p>",,1995,853,722
Philippines,Mount Hamiguitan Range Wildlife Sanctuary,Natural,N,N,N,N,"<p>Forming a mountain ridge running north-south along the Pujada Peninsula in the south-eastern part of the Eastern Mindanao Biodiversity Corridor, the Mount Hamiguitan Range Wildlife Sanctuary has an elevation range of 75&ndash;1,637&nbsp;m above sea level and provides critical habitat for a range of plant and animal species. The property showcases terrestrial and aquatic habitats at different elevations, and includes threatened and endemic flora and fauna species, eight of which are found only at Mount Hamiguitan. These include critically endangered trees, plants and the iconic Philippine eagle and Philippine cockatoo.</p>",,2014,2010,1403
Poland,Historic Centre of KrakÛw,Cultural,Y,Y,Y,Y,"<p>The Historic Centre of KrakÛw, the former capital of Poland, is situated at the foot of the Royal Wawel Castle. The 13th-century merchants' town has Europe's largest market square and numerous historical houses, palaces and churches with their magnificent interiors. Further evidence of the town's fascinating history is provided by the remnants of the 14th-century fortifications and the medieval site of Kazimierz with its ancient synagogues in the southern part of town, Jagellonian University and the Gothic cathedral where the kings of Poland were buried.</p>",,1978,1739,29
Poland,Historic Centre of Warsaw,Cultural,N,N,Y,Y,"<p>During the Warsaw Uprising in August 1944, more than 85% of Warsaw's historic centre was destroyed by Nazi troops. After the war, a five-year reconstruction campaign by its citizens resulted in today's meticulous restoration of the Old Town, with its churches, palaces and market-place. It is an outstanding example of a near-total reconstruction of a span of history covering the 13th to the 20th century.</p>",,1980,2068,30
Poland,Auschwitz Birkenau <br /><small>German Nazi Concentration and Extermination Camp (1940-1945)</small>,Cultural,Y,Y,Y,Y,"<p>The fortified walls, barbed wire, platforms, barracks, gallows, gas chambers and cremation ovens show the conditions within which the Nazi genocide took place in the former concentration and extermination camp of Auschwitz-Birkenau, the largest in the Third Reich. According to historical investigations, 1.5 million people, among them a great number of Jews, were systematically starved, tortured and murdered in this camp, the symbol of humanity's cruelty to its fellow human beings in the 20th century.</p>",,1979,34,31
Poland,Wieliczka and Bochnia Royal Salt Mines,Cultural,Y,Y,Y,Y,"<p>The deposit of rock salt in Wieliczka and Bochnia has been mined since the 13th†century. This major industrial undertaking has royal status and is the oldest of its type in Europe. The site is a serial property consisting of Wieliczka and Bochnia salt mines and Wieliczka Saltworks Castle. The Wieliczka and Bochnia Royal Salt Mines illustrate the historic stages of the development of mining techniques in Europe from the 13th†to the 20th†centuries: both mines have hundreds of kilometers of galleries with works of art, underground chapels and statues sculpted in the salt, making a fascinating pilgrimage into the past. The mines were administratively and technically run by Wieliczka Saltworks Castle, which dates from the medieval period and has been rebuilt several times in the course of its history.</p>",,1978,1854,32
Poland,Old City of Zamo??,Cultural,N,N,N,N,"<p>Zamosc was founded in the 16th century by the chancellor Jan Zamoysky on the trade route linking western and northern Europe with the Black Sea. Modelled on Italian theories of the 'ideal city' and built by the architect Bernando Morando, a native of Padua, Zamosc is a perfect example of a late-16th-century Renaissance town. It has retained its original layout and fortifications and a large number of buildings that combine Italian and central European architectural traditions.</p>",,1992,666,564
Poland,Medieval Town of Toru?,Cultural,N,N,N,N,"<p>Torun owes its origins to the Teutonic Order, which built a castle there in the mid-13th century as a base for the conquest and evangelization of Prussia. It soon developed a commercial role as part of the Hanseatic League. In the Old and New Town, the many imposing public and private buildings from the 14th and 15th centuries (among them the house of Copernicus) are striking evidence of Torun's importance.</p>","<p>The Committee decided to inscribe this property on the basis of criteria (ii) and (iv), considering that Torun is a small historic trading city that preserves to a remarkable extent its original street pattern and outstanding early buildings, and which provides an exceptionally complete picture of the medieval way of life.</p>",1997,984,835
Poland,Castle of the Teutonic Order in Malbork,Cultural,N,N,N,N,"<p>This 13th-century fortified monastery belonging to the Teutonic Order was substantially enlarged and embellished after 1309, when the seat of the Grand Master moved here from Venice. A particularly fine example of a medieval brick castle, it later fell into decay, but was meticulously restored in the 19th and early 20th centuries. Many of the conservation techniques now accepted as standard were evolved here. Following severe damage in the Second World War it was once again restored, using the detailed documentation prepared by earlier conservators.</p>","<p>The Committee decided to inscribe this property on the basis of criteria (ii), (iii) and (iv), considering that Malbork Castle is the supreme example of the medieval brick castle that characterizes the unique architecture of the Crusading Teutonic Order in eastern Europe. It is also of considerable historical significance for the evidence that it provides of the evolution of the modern philosophy and practice of restoration and conservation.</p>",1997,998,847
Poland,Kalwaria Zebrzydowska: the Mannerist Architectural and Park Landscape Complex and Pilgrimage Park,Cultural,N,N,N,N,<p>Kalwaria Zebrzydowska is a breathtaking cultural landscape of great spiritual significance. Its natural setting ñ in which a series of symbolic places of worship relating to the Passion of Jesus Christ and the life of the Virgin Mary was laid out at the beginning of the 17th century ñ has remained virtually unchanged. It is still today a place of pilgrimage.</p>,"<p><em>Criterion (ii):</em> Kalwaria Zebrzydowska is an exceptional cultural monument in which the natural landscape was used as the setting for a symbolic representation in the form of chapels and avenues of the events of the Passion of Christ. The result is a cultural landscape of great beauty and spiritual quality in which natural and man-made elements combine in a harmonious manner.</p>

<p><em>Criterion (iv):</em> The Counter Reformation in the late 16th century led to a flowering in the creation of Calvaries in Europe. Kalwaria Zebrzydowska is an outstanding example of this type of large-scale landscape design, which incorporates natural beauty with spiritual objectives and the principles of Baroque park design.</p>",1999,1058,905
Poland,Wooden Churches of Southern Ma?opolska,Cultural,N,N,N,N,"<p>The wooden churches of southern Little Poland represent outstanding examples of the different aspects of medieval church-building traditions in Roman Catholic culture. Built using the horizontal log technique, common in eastern and northern Europe since the Middle Ages, these churches were sponsored by noble families and became status symbols. They offered an alternative to the stone structures erected in urban centres.</p>","<p><em>Criterion (iii):</em> The wooden churches of Little Poland bear important testimony to medieval church building traditions, as these related to the liturgical and cult functions of the Roman Catholic Church in a relatively closed region in central Europe.</p>

<p><em>Criterion (iv): </em>The churches are the most representative examples of surviving Gothic churches built in horizontal log technique, particularly impressive in their artistic and technical execution, and sponsored by noble families and rulers as symbols of social and political prestige.</p>",2003,1489,1053
Poland,Churches of Peace in Jawor and ?widnica,Cultural,N,N,N,N,"<p>The Churches of Peace in Jawor and ?widnica<span style=""font-size: 8pt; font-family: Arial; mso-fareast-font-family: SimSun; mso-ansi-language: EN-US; mso-fareast-language: ZH-CN; mso-bidi-language: AR-SA;""></span>, the largest timber-framed religious buildings in Europe, were built in the former Silesia in the mid-17th century, amid the religious strife that followed the Peace of Westphalia. Constrained by the physical and political conditions, the Churches of Peace bear testimony to the quest for religious freedom and are a rare expression of Lutheran ideology in an idiom generally associated with the Catholic Church.</p>","<p><em>Criterion (iii):</em> The Churches of Peace are outstanding testimony to an exceptional act of tolerance on the part of the Catholic Habsburg Emperor towards Protestant communities in Silesia in the period following the Thirty Yearsí War in Europe.</p>

<p><em>Criterion (iv):</em> As a result of conditions imposed by the Emperor the Churches of Peace required the builders, to implement pioneering constructional and architectural solutions of a scale and complexity unknown ever before or since in wooden architecture. The success may be judged by their survival to the present day.</p>

<p><em>Criterion (vi):</em> The Churches of Peace bear exceptional witness to a particular political development in Europe in the 17th century of great spiritual power and commitment.</p>",2001,1228,1054
Poland,Centennial Hall in Wroc?aw,Cultural,N,N,N,N,"<p>The Centennial Hall, a landmark in the history of reinforced concrete architecture, was erected in 1911-1913 by the architect Max Berg as a multi-purpose recreational building, situated in the Exhibition Grounds. In form it is a symmetrical quatrefoil with a vast circular central space that can seat some 6,000 persons. The 23m-high dome is topped with a lantern in steel and glass. The Centennial Hall is a pioneering work of modern engineering and architecture, which exhibits an important interchange of influences in the early 20th century, becoming a key reference in the later development of reinforced concrete structures.</p>","<p><em>Criterion (i): </em>The Centennial Hall of Wroc<span style=""font-size: 8pt; font-family: Arial; mso-fareast-font-family: SimSun; mso-ansi-language: EN-US; mso-fareast-language: ZH-CN; mso-bidi-language: AR-SA;"">?</span> aw is a creative and innovative example in the development of construction technology in large reinforced concrete structures. The Centennial Hall occupies a key position in the evolution of methods of reinforcement in architecture, and one of the climax points in the history of the use of metal in structural consolidation.</p>

<p><em>Criterion (ii): </em>The Centennial Hall is a pioneering work of modern engineering and architecture, which exhibits an important interchange of influences in the early 20th century, becoming a key reference in the later development of reinforced concrete structures.</p>

<p><em>Criterion (iv):</em> As part of the exhibition grounds of Wroc<span style=""font-size: 8pt; font-family: Arial; mso-fareast-font-family: SimSun; mso-ansi-language: EN-US; mso-fareast-language: ZH-CN; mso-bidi-language: AR-SA;"">?</span> aw, the Centennial Hall is an outstanding example of modern recreational architecture that served a variety of purposes, ranging from conferences and exhibitions to concerts, theatre and opera.</p>",2006,1343,1165
Poland,Tarnowskie GÛry Lead-Silver-Zinc Mine and its Underground Water Management System,Cultural,N,N,N,N,"<p>Located in Upper Silesia, in southern Poland, one of the main mining areas of central Europe, the site includes the entire underground mine with adits, shafts, galleries and water management system. Most of the site is situated underground while the surface mining topography features the remains of the 19<sup>th</sup><span>†</span>century steam water pumping station, which testifies to continuous efforts over three centuries to drain the underground extraction zone. It has made it possible to use undesirable water from the mines to supply towns and industry. Tarnowskie GÛry represents a significant contribution to the global production of lead and zinc.</p>",,2017,2165,1539
Portugal,Central Zone of the Town of Angra do Heroismo in the Azores,Cultural,N,N,N,N,"<p>Situated on one of the islands in the Azores archipelago, this was an obligatory port of call from the 15th century until the advent of the steamship in the 19th century. The 400-year-old San Sebasti„o and San Jo„o Baptista fortifications are unique examples of military architecture. Damaged by an earthquake in 1980, Angra is now being restored.</p>",,1983,227,206
Portugal,Monastery of the Hieronymites and Tower of BelÈm in Lisbon,Cultural,N,N,N,Y,"<p>Standing at the entrance to Lisbon harbour, the Monastery of the Hieronymites &ndash; construction of which began in 1502 &ndash; exemplifies Portuguese art at its best. The nearby Tower of Bel&eacute;m, built to commemorate Vasco da Gama's expedition, is a reminder of the great maritime discoveries that laid the foundations of the modern world.</p>",,1983,1630,263
Portugal,Monastery of Batalha,Cultural,N,N,N,N,"<p>The Monastery of the Dominicans of Batalha was built to commemorate the victory of the Portuguese over the Castilians at the battle of Aljubarrota in 1385. It was to be the Portuguese monarchy's main building project for the next two centuries. Here a highly original, national Gothic style evolved, profoundly influenced by Manueline art, as demonstrated by its masterpiece, the Royal Cloister.</p>",,1983,294,264
Portugal,Convent of Christ in Tomar,Cultural,N,N,N,N,"<p>Originally designed as a monument symbolizing the Reconquest, the Convent of the Knights Templar of Tomar (transferred in 1344 to the Knights of the Order of Christ) came to symbolize just the opposite during the Manueline period ñ the opening up of Portugal to other civilizations.</p>",,1983,295,265
Portugal,Historic Centre of …vora,Cultural,N,N,N,N,"<p>This museum-city, whose roots go back to Roman times, reached its golden age in the 15th century, when it became the residence of the Portuguese kings. Its unique quality stems from the whitewashed houses decorated with <em>azulejos</em> and wrought-iron balconies dating from the 16th to the 18th century. Its monuments had a profound influence on Portuguese architecture in Brazil.</p>",,1986,414,361
Portugal,Monastery of AlcobaÁa,Cultural,N,N,N,N,"<p>The Monastery of Santa Maria d'Alcoba&ccedil;a, north of Lisbon, was founded in the 12th century by King Alfonso I. Its size, the purity of its architectural style, the beauty of the materials and the care with which it was built make this a masterpiece of Cistercian Gothic art.</p>",,1989,589,505
Portugal,Cultural Landscape of Sintra,Cultural,N,N,N,Y,"<p>In the 19th century Sintra became the first centre of European Romantic architecture. Ferdinand II turned a ruined monastery into a castle where this new sensitivity was displayed in the use of Gothic, Egyptian, Moorish and Renaissance elements and in the creation of a park blending local and exotic species of trees. Other fine dwellings, built along the same lines in the surrounding <em>serra</em> , created a unique combination of parks and gardens which influenced the development of landscape architecture throughout Europe.</p>",,1995,854,723
Portugal,"Historic Centre of Oporto, Luiz I Bridge and Monastery of Serra do Pilar ",Cultural,N,N,N,N,"<p>The city of Oporto, built along the hillsides overlooking the mouth of the Douro river, is an outstanding urban landscape with a 2,000-year history. Its continuous growth, linked to the sea (the Romans gave it the name Portus, or port), can be seen in the many and varied monuments, from the cathedral with its Romanesque choir, to the neoclassical Stock Exchange and the typically Portuguese Manueline-style Church of Santa Clara.</p>",<p>The Committee decided to inscribe the nominated property on the basis of cultural criterion (iv) considering that the site is of outstanding universal value as the urban fabric and its many historic buildings bear remarkable testimony to the development over the past thousand years of a European city that looks outward to the west for its cultural and commercial links.</p>,1996,890,755
Portugal,Laurisilva of Madeira,Natural,Y,Y,N,N,"<p>The Laurisilva of Madeira is an outstanding relict of a previously widespread laurel forest type. It is the largest surviving area of laurel forest and is believed to be 90% primary forest. It contains a unique suite of plants and animals, including many endemic species such as the Madeiran long-toed pigeon.</p>","<p>The site contains the largest surviving relict of the virtually extinct laurisilva forest type that was once widespread in Europe. This forest type is considered to be a centre of plant diversity containing numerous rare, relict and endemic species, especially of bryophytes, ferns and flowering plants. It also has a very rich invertebrate fauna. Endemic species include the Madeiran long-toed pigeon and some 66 species of vascular plants.</p>",1999,1090,934
Portugal,Historic Centre of Guimar„es,Cultural,N,N,N,N,"<p>The historic town of Guimar„es is associated with the emergence of the Portuguese national identity in the 12th century. An exceptionally well-preserved and authentic example of the evolution of a medieval settlement into a modern town, its rich building typology exemplifies the specific development of Portuguese architecture from the 15th to 19th century through the consistent use of traditional building materials and techniques.</p>","<p><em>Criterion (ii):</em> Guimar„es is of considerable universal significance by virtue of the fact that specialized building techniques developed there in the Middle Ages were transmitted to Portuguese colonies in Africa and the New World, becoming their characteristic feature.</p>

<p><em>Criterion (iii):</em> The early history of Guimar„es is closely associated with the establishment of Portuguese national identity and the Portuguese language in the 12th century.</p>

<p><em>Criterion (iv):</em> An exceptionally well preserved town, Guimar„es illustrates the evolution of particular building types from the medieval settlement to the present-day city, and particularly in the 15thñ19th centuries.</p>",2001,1204,1031
Portugal,Alto Douro Wine Region,Cultural,N,N,N,N,"<p>Wine has been produced by traditional landholders in the Alto Douro region for some 2,000 years. Since the 18th century, its main product, port wine, has been world famous for its quality. This long tradition of viticulture has produced a cultural landscape of outstanding beauty that reflects its technological, social and economic evolution.</p>","<p><em>Criterion (iii):</em> The Alto Douro Region has been producing wine for nearly two thousand years and its landscape has been moulded by human activities.</p>

<p><em>Criterion (iv):</em> The components of the Alto Douro landscape are representative of the full range of activities association with winemaking ñ terraces, quintas (wine-producing farm complexes), villages, chapels, and roads.</p>

<p><em>Criterion (v):</em> The cultural landscape of the Alto Douro is an outstanding example of a traditional European wine-producing region, reflecting the evolution of this human activity over time.</p>",2001,1220,1046
Portugal,Landscape of the Pico Island Vineyard Culture,Cultural,N,N,N,N,"<p>The 987-ha site on the volcanic island of Pico, the second largest in the Azores archipelago, consists of a remarkable pattern of spaced-out, long linear walls running inland from, and parallel to, the rocky shore. The walls were built to protect the thousands of small, contiguous, rectangular plots (currais) from wind and seawater. Evidence of this viniculture, whose origins date back to the 15th century, is manifest in the extraordinary assembly of the fields, in houses and early 19th-century manor houses, in wine-cellars, churches and ports. The extraordinarily beautiful man-made landscape of the site is the best remaining area of a once much more widespread practice.</p>","<p><em>Criteria (iii) and (v):</em> The Pico Island landscape reflects a unique response to viniculture on a small volcanic island and one that has been evolving since the arrival of the first settlers in the 15th century. The extraordinarily beautiful man-made landscape of small, stone walled fields is testimony to generations of small-scale farmers who, in a hostile environment, created a sustainable living and much-prized wine.</p>",2004,1297,1117
Portugal,Garrison Border Town of Elvas and its Fortifications,Cultural,N,N,N,N,"<p>The site, extensively fortified from the 17<sup>th</sup> to 19<sup>th</sup> centuries, represents the largest bulwarked dry-ditch system in the world. Within its walls, the town contains barracks and other military buildings as well as churches and monasteries. While Elvas contains remains dating back to the 10th century ad, its fortification began when Portugal regained independence in 1640. The fortifications designed by Dutch Jesuit padre Cosmander represent the best surviving example of the Dutch school of fortifications anywhere. The site also contains the Amoreira aqueduct, built to enable the stronghold to withstand lengthy sieges.</p>","<p align=""left""><em>Criterion (iv):</em>&nbsp;Elvas is the largest complex of dry-ditched bulwarked land fortifications in the world surviving to the present day.The bulwarked fortifications of the Historic Centre are the best extant evidence of the Old Dutch Method of fortification in the world.&nbsp;Fort of Santa Luzia is paradigmatic of the highly functional character of bulwarked military architecture, in sacrificing a perfect - and redundant -geometric regularity in order to maximize the military effectiveness of the territorial defensive system to which it belongs.&nbsp;The excellence of design and construction of the Fort of Gra&ccedil;a, in a situation also conditioned strongly by its location and available space. At the end of the 18th <span>century, </span>experienced European military men already thought so, among them Christian, Prince of Waldeck (Principality of Germany), engaged with the post of Marshal, on 10 March 1797 to assist the Commander-in-Chief of the Portuguese army. From his journey of inspection made in 1798, the following reference to the fort remains: &ldquo;The fort continues to be a masterpiece of fortification, incorporating all the skill and art available at the time (&hellip;)&rdquo;.</p>",2012,1956,1367
Portugal,University of Coimbra ñ Alta and Sofia,Cultural,N,N,N,N,"<p>Situated on a hill overlooking the city, the University of Coimbra with its colleges grew and evolved over more than seven centuries within the old town. Notable university buildings include the 12<span>th</span>&nbsp;century Cathedral of Santa Cruz and a number of 16<span>th</span>&nbsp;century colleges,&nbsp; the Royal Palace of Alc&aacute;&ccedil;ova, which has housed the University since 1537, the Joanine Library with its rich baroque decor, the 18<span>th</span>&nbsp;century Botanical Garden and University Press, as well as the large &ldquo;University City&rdquo; created during the 1940s. The University&rsquo;s edifices became a reference in the development of other institutions of higher education in the Portuguese-speaking world where it also exerted a major influence on learning and literature. Coimbra offers an outstanding example of an integrated university city with a specific urban typology as well as its own ceremonial and cultural traditions that have been kept alive through the ages.</p>",,2013,1899,1387
Qatar,Al Zubarah Archaeological Site,Cultural,N,N,N,N,"<p>The walled coastal town of Al Zubarah in the <span>Persian </span>Gulf flourished as a pearling and trading centre in the late 18<span>th</span>†century and early 19<span>th†</span>centuries, before it was destroyed in 1811 and abandoned in the early 1900s. Founded by merchants from Kuwait, Al Zubarah had trading links across the Indian Ocean, Arabia and Western Asia. A layer of sand blown from the desert has protected the remains of the siteís palaces, mosques, streets, courtyard houses, and fishermenís huts; its harbour and double defensive walls, a canal, walls, and cemeteries. Excavation has only taken place over a small part of the site, which offers an outstanding testimony to an urban trading and pearl-diving tradition which sustained the regionís major coastal towns and led to the development of small independent states that flourished outside the control of the Ottoman, European, and Persian empires and eventually led to the emergence of modern day Gulf States.</p>",,2013,1948,1402
Republic of Korea,Seokguram Grotto and Bulguksa Temple,Cultural,N,N,Y,Y,"<p>Established in the 8th century on the slopes of Mount Toham, the Seokguram Grotto contains a monumental statue of the Buddha looking at the sea in the <em>bhumisparsha mudra</em> position. With the surrounding portrayals of gods, Bodhisattvas and disciples, all realistically and delicately sculpted in high and low relief, it is considered a masterpiece of Buddhist art in the Far East. The Temple of Bulguksa (built in 774) and the Seokguram Grotto form a religious architectural complex of exceptional significance.</p>",,1995,869,736
Republic of Korea,"Haeinsa Temple Janggyeong Panjeon, the Depositories for the <I>Tripitaka Koreana</I> Woodblocks",Cultural,N,N,N,N,"<p>The Temple of Haeinsa, on Mount Gaya, is home to the <em>Tripitaka Koreana</em> , the most complete collection of Buddhist texts, engraved on 80,000 woodblocks between 1237 and 1248. The buildings of Janggyeong Panjeon, which date from the 15th century, were constructed to house the woodblocks, which are also revered as exceptional works of art. As the oldest depository of the <em>Tripitaka</em> , they reveal an astonishing mastery of the invention and implementation of the conservation techniques used to preserve these woodblocks.</p>",,1995,870,737
Republic of Korea,Jongmyo Shrine,Cultural,N,N,N,N,"<p>Jongmyo is the oldest and most authentic of the Confucian royal shrines to have been preserved. Dedicated to the forefathers of the Joseon dynasty (1392ñ1910), the shrine has existed in its present form since the 16th century and houses tablets bearing the teachings of members of the former royal family. Ritual ceremonies linking music, song and dance still take place there, perpetuating a tradition that goes back to the 14th century.</p>",,1995,871,738
Republic of Korea,Changdeokgung Palace Complex,Cultural,N,N,Y,Y,"<p>In the early 15th century, the King Taejong ordered the construction of a new palace at an auspicious site. A Bureau of Palace Construction was set up to create the complex, consisting of a number of official and residential buildings set in a garden that was cleverly adapted to the uneven topography of the 58-ha site. The result is an exceptional example of Far Eastern palace architecture and design, blending harmoniously with the surrounding landscape.</p>","<p>The Committee decided to inscribe this property on the basis of criteria (ii), (iii) and (iv), considering that the Changdeogung Palace Complex is an outstanding example of Far Eastern palace architecture and garden design, exceptional for the way in which the buildings are integrated into and harmonized with the natural setting, adapting to the topography and retaining indigenous tree cover.</p>",1997,964,816
Republic of Korea,Hwaseong Fortress,Cultural,N,N,Y,Y,"<p>When the Joseon King Jeongjo moved his father's tomb to Suwon at the end of the 18th century, he surrounded it with strong defensive works, laid out according to the precepts of an influential military architect of the period, who brought together the latest developments in the field from both East and West. The massive walls, extending for nearly 6 km, still survive; they are pierced by four gates and equipped with bastions, artillery towers and other features.</p>","<p>The Committee decided to inscribe this property on the basis of criteria (ii) and (iii), considering that the Hwaseong Fortress is an outstanding example of early modern military architecture, incorporating the most highly developed features of that science from both east and west.</p>",1997,965,817
Republic of Korea,Gyeongju Historic Areas,Cultural,N,N,Y,Y,"<p>The Gyeongju Historic Areas contain a remarkable concentration of outstanding examples of Korean Buddhist art, in the form of sculptures, reliefs, pagodas, and the remains of temples and palaces from the flowering, in particular between the 7th and 10th centuries, of this form of unique artistic expression.</p>","<p>Criterion (ii) The Gyeongju Historic Areas contain a number of sites and monuments of exceptional significance in the development of Buddhist and secular architecture in Korea. Criterion (iii) The Korean peninsula was ruled for nearly a thousand years by the Silla dynasty, and the sites and monuments in and around Gyeongju (including the holy mountain of Namsan) bear outstanding testimony to its cultural achievements.</p>",2000,1140,976
Republic of Korea,"Gochang, Hwasun and Ganghwa Dolmen Sites",Cultural,N,N,N,N,"<p>The prehistoric cemeteries at Gochang, Hwasun, and Ganghwa contain many hundreds of examples of dolmens - tombs from the 1st millennium BC constructed of large stone slabs. They form part of the Megalithic culture, found in many parts of the world, but nowhere in such a concentrated form.</p>","<p>Criterion (iii) The global prehistoric technological and social phenomenon that resulted in the appearance in the 2nd and 3rd millennia BCE of funerary and ritual monuments constructed of large stones (the ""Megalithic Culture"") is nowhere more vividly illustrated than in the dolmen cemeteries of Gochang, Hwasun, and Ganghwa.</p>",2000,1141,977
Republic of Korea,Jeju Volcanic Island and Lava Tubes,Natural,N,N,Y,Y,"<p>Jeju Volcanic Island and Lava Tubes together comprise three sites that make up 18,846 ha. It includes Geomunoreum, regarded as the finest lava tube system of caves anywhere, with its multicoloured carbonate roofs and floors, and dark-coloured lava walls; the fortress-like Seongsan Ilchulbong tuff cone, rising out of the ocean, a dramatic landscape; and Mount Halla, the highest in Korea, with its waterfalls, multi-shaped rock formations, and lake-filled crater. The site, of outstanding aesthetic beauty, also bears testimony to the history of the planet, its features and processes.</p>",,2007,1441,1264
Republic of Korea,Royal Tombs of the Joseon Dynasty,Cultural,N,N,N,N,"<p>The Royal Tombs of the Joseon Dynasty form a collection of 40 tombs scattered over 18 locations. Built over five centuries, from 1408 to 1966, the tombs honoured the memory of ancestors, showed respect for their achievements, asserted royal authority, protected ancestral spirits from evil and provided protection from vandalism. Spots of outstanding natural beauty were chosen for the tombs which typically have their back protected by a hill as they face south toward water and, ideally, layers of mountain ridges in the distance. Alongside the burial area, the royal tombs feature a ceremonial area and an entrance. In addition to the burial mounds, associated buildings that are an integral part of the tombs include a T-shaped wooden shrine, a shed for stele, a royal kitchen and a guards&rsquo; house, a red-spiked gate and the tomb keeper&rsquo;s house. The grounds are adorned on the outside with a range of stone objects including figures of people and animals. The Joseon Tombs completes the 5,000 year history of royal tombs architecture in the Korean peninsula.</p>",,2009,1957,1319
Republic of Korea,Historic Villages of Korea: Hahoe and Yangdong,Cultural,N,N,Y,Y,"<p>Founded in the 14th-15th centuries, Hahoe and Yangdong are seen as the two most representative historic clan villages in the Republic of Korea. Their layout and location - sheltered by forested mountains and facing out onto a river and open agricultural fields &ndash; reflect the distinctive aristocratic Confucian culture of the early part of the Joseon Dynasty (1392-1910). The villages were located to provide both physical and spiritual nourishment from their surrounding landscapes. They include residences of the head families, together with substantial timber framed houses of other clan members, also pavilions, study halls, Confucian academies for learning, and clusters of one story mud-walled, thatched-roofed houses, formerly for commoners. The landscapes of mountains, trees and water around the village, framed in views from pavilions and retreats, were celebrated for their beauty by 17th and 18th century poets.</p>",,2010,1688,1324
Republic of Korea,Namhansanseong,Cultural,N,N,N,N,"<p>Namhansanseong was designed as an emergency capital for the Joseon dynasty (1392ñ1910), in a mountainous site 25†km south-east of Seoul. Built and defended by Buddhist monk-soldiers, it could accommodate 4,000 people and fulfilled important administrative and military functions. Its earliest remains date from the 7th century, but it was rebuilt several times, notably in the early 17th century in anticipation of an attack from the Sino-Manchu Qing dynasty. The city embodies a synthesis of the defensive military engineering concepts of the period, based on Chinese and Japanese influences, and changes in the art of fortification following the introduction from the West of weapons using gunpowder. A city that has always been inhabited, and which was the provincial capital over a long period, it contains evidence of a variety of military, civil and religious buildings and has become a symbol of Korean sovereignty.</p>",,2014,1982,1439
Republic of Korea,Baekje Historic Areas,Cultural,N,N,N,N,"<p>Located in the mountainous mid-western region of the Republic of Korea, this property comprises eight archaeological sites dating from 475 to 660 CE, including the Gongsanseong fortress and royal tombs at Songsan-ri related to the capital, Ungjin (present day Gongju), the Busosanseong Fortress and Gwanbuk-ri administrative buildings, the Jeongnimsa Temple, the royal tombs in Neungsan-ri and the Naseong city wall related to the capital, Sabi (now Buyeo), the royal palace at Wanggung-ri and the Mireuksa Temple in Iksan related to the secondary Sabi capital. Together, these sites represent the later period of the Baekje Kingdom ñ one of the three earliest kingdoms on the Korean peninsula (18 BCE to 660 CE) - during which time they were at the crossroads of considerable technological, religious (Buddhist), cultural and artistic exchanges between the ancient East Asian kingdoms in Korea, China and Japan.</p>",,2015,2038,1477
Romania,Danube Delta,Natural,N,N,N,N,"<p>The waters of the Danube, which flow into the Black Sea, form the largest and best preserved of Europe's deltas. The Danube delta hosts over 300 species of birds as well as 45 freshwater fish species in its numerous lakes and marshes.</p>",,1991,695,588
Romania,Villages with Fortified Churches in Transylvania,Cultural,N,N,N,N,"<p>These Transylvanian villages with their fortified churches provide a vivid picture of the cultural landscape of southern Transylvania. The seven villages inscribed, founded by the Transylvanian Saxons, are characterized by a specific land-use system, settlement pattern and organization of the family farmstead that have been preserved since the late Middle Ages. They are dominated by their fortified churches, which illustrate building styles from the 13th to the 16th century.</p>",,1993,705,596
Romania,Monastery of Horezu,Cultural,N,N,N,N,"<p>Founded in 1690 by Prince Constantine Brancovan, the monastery of Horezu, in Walachia, is a masterpiece of the 'Brancovan' style. It is known for its architectural purity and balance, the richness of its sculptural detail, the treatment of its religious compositions, its votive portraits and its painted decorative works. The school of mural and icon painting established at the monastery in the 18th century was famous throughout the Balkan region.</p>",,1993,706,597
Romania,Churches of Moldavia,Cultural,N,N,N,N,"<p>These eight churches of northern Moldavia, built from the late 15th century to the late 16th century, their external walls covered in fresco paintings, are masterpieces inspired by Byzantine art. They are authentic and particularly well preserved. Far from being mere wall decorations, the paintings form a systematic covering on all the facades and represent complete cycles of religious themes.Their exceptional composition, the elegance of the characters, and the harmony of the colors blend perfectly with the surrounding countryside. The interior and exterior walls of the Church of the Sucevi?a Monastery are entirely decorated with mural paintings of the 16th century, and this church is the only one to show a representation of the ladder of St John Climacus.</p>",,1993,1728,598
Romania,Historic Centre of Sighi?oara,Cultural,N,N,N,N,"<p>Founded by German craftsmen and merchants known as the Saxons of Transylvania, Sighi?oara is a fine example of a small, fortified medieval town which played an important strategic and commercial role on the fringes of central Europe for several centuries.</p>","<p><em>Criterion (iii):</em> Sighisoara is an outstanding testimony to the culture of the Transylvanian Saxons, a culture that is coming to a close after 850 years and will continue to exist only through its architectural and urban monuments.</p>

<p><em>Criterion (v):</em> Sighisoara is an outstanding example of a small fortified city in the border region between the Latin-oriented culture of central Europe and the Byzantine-Orthodox culture of south-eastern Europe. The apparently unstoppable process of emigration by the Saxons, the social stratum which had formed and upheld the cultural traditions of the region, threatens the survival of their architectural heritage as well.</p>",1999,1055,902
Romania,Wooden Churches of Maramure?,Cultural,N,N,N,N,"<p>These eight churches are outstanding examples of a range of architectural solutions from different periods and areas. They show the variety of designs and craftsmanship adopted in these narrow, high, timber constructions with their characteristic tall, slim clock towers at the western end of the building, either single- or double-roofed and covered by shingles. As such, they are a particular vernacular expression of the cultural landscape of this mountainous area of northern Romania.</p>","<p><em>Criterion (iv):</em> The Maramures wooden churches are outstanding examples of vernacular religious wooden architecture resulting from the interchange of Orthodox religious traditions with Gothic influences in a specific vernacular interpretation of timber construction traditions, showing a high level of artistic maturity and craft skills.</p>",1999,1057,904
Romania,Dacian Fortresses of the Orastie Mountains,Cultural,N,N,N,N,"<p>Built in the 1st centuries B.C. and A.D. under Dacian rule, these fortresses show an unusual fusion of military and religious architectural techniques and concepts from the classical world and the late European Iron Age. The six defensive works, the nucleus of the Dacian Kingdom, were conquered by the Romans at the beginning of the 2nd century A.D.; their extensive and well-preserved remains stand in spectacular natural surroundings and give a dramatic picture of a vigorous and innovative civilization.</p>","<p><em>Criterion (ii):</em> The Dacian fortresses represent the fusion of techniques and concepts of military architecture from inside and outside the classical world to create a unique style.</p>

<p><em>Criterion (iii):</em> The Geto-Dacian kingdoms of the late 1st millennium BC attained an exceptionally high cultural and socio-economic level, and this is symbolized by this group of fortresses.</p>

<p><em>Criterion (iv):</em> The hill-fort and its evolved successor, the oppidum, were characteristic of the Late Iron Age in Europe, and the Dacian fortresses are outstanding examples of this type of defended site.</p>",1999,1059,906
Russian Federation,Historic Centre of Saint Petersburg and Related Groups of Monuments,Cultural,N,N,N,N,"<p>The 'Venice of the North', with its numerous canals and more than 400 bridges, is the result of a vast urban project begun in 1703 under Peter the Great. Later known as Leningrad (in the former USSR), the city is closely associated with the October Revolution. Its architectural heritage reconciles the very different Baroque and pure neoclassical styles, as can be seen in the Admiralty, the Winter Palace, the Marble Palace and the Hermitage.</p>",,1990,1958,540
Russian Federation,Kizhi Pogost,Cultural,N,N,N,N,"<p>The <em>pogost</em> of Kizhi (i.e. the Kizhi enclosure) is located on one of the many islands in Lake Onega, in Karelia. Two 18th-century wooden churches, and an octagonal clock tower, also in wood and built in 1862, can be seen there. These unusual constructions, in which carpenters created a bold visionary architecture, perpetuate an ancient model of parish space and are in harmony with the surrounding landscape.</p>",,1990,639,544
Russian Federation,"Kremlin and Red Square, Moscow",Cultural,N,N,Y,Y,"<p>Inextricably linked to all the most important historical and political events in Russia since the 13th century, the Kremlin (built between the 14th and 17th centuries by outstanding Russian and foreign architects) was the residence of the Great Prince and also a religious centre. At the foot of its ramparts, on Red Square, St Basil's Basilica is one of the most beautiful Russian Orthodox monuments.</p>",,1990,640,545
Russian Federation,Historic Monuments of Novgorod and Surroundings,Cultural,N,N,N,N,"<p>Situated on the ancient trade route between Central Asia and northern Europe, Novgorod was Russia's first capital in the 9th century. Surrounded by churches and monasteries, it was a centre for Orthodox spirituality as well as Russian architecture. Its medieval monuments and the 14th-century frescoes of Theophanes the Greek (Andrei Rublev's teacher) illustrate the development of its remarkable architecture and cultural creativity.</p>",,1992,716,604
Russian Federation,Cultural and Historic Ensemble of the Solovetsky Islands,Cultural,N,N,N,N,"<p>The Solovetsky archipelago comprises six islands in the western part of the White Sea, covering 300 km<sup>2</sup> . They have been inhabited since the 5th century B.C. and important traces of a human presence from as far back as the 5th millennium B.C. can be found there. The archipelago has been the site of fervent monastic activity since the 15th century, and there are several churches dating from the 16th to the 19th century.</p>",,1992,750,632
Russian Federation,White Monuments of Vladimir and Suzdal,Cultural,N,N,N,N,"<p>These two artistic centres in central Russia hold an important place in the country's architectural history. There are a number of magnificent 12th- and 13th-century public and religious buildings, above all the masterpieces of the Collegiate Church of St Demetrios and the Cathedral of the Assumption of the Virgin.</p>",,1992,752,633
Russian Federation,"Church of the Ascension, Kolomenskoye",Cultural,N,N,N,N,"<p>The Church of the Ascension was built in 1532 on the imperial estate of Kolomenskoye, near Moscow, to celebrate the birth of the prince who was to become Tsar Ivan IV ('the Terrible'). One of the earliest examples of a traditional wooden tent-roofed church on a stone and brick substructure, it had a great influence on the development of Russian ecclesiastical architecture.</p>",,1994,754,634
Russian Federation,Architectural Ensemble of the Trinity Sergius Lavra in Sergiev Posad,Cultural,N,N,N,N,"<p>This is a fine example of a working Orthodox monastery, with military features that are typical of the 15th to the 18th century, the period during which it developed. The main church of the Lavra, the Cathedral of the Assumption (echoing the Kremlin Cathedral of the same name), contains the tomb of Boris Godunov. Among the treasures of the Lavra is the famous icon, <em>The Trinity</em> , by Andrei Rublev.</p>",,1993,778,657
Russian Federation,Virgin Komi Forests,Natural,N,N,N,N,"<p>The Virgin Komi Forests cover 3.28 million ha of tundra and mountain tundra in the Urals, as well as one of the most extensive areas of virgin boreal forest remaining in Europe. This vast area of conifers, aspens, birches, peat bogs, rivers and natural lakes has been monitored and studied for over 50 years. It provides valuable evidence of the natural processes affecting biodiversity in the taiga.</p>",,1995,850,719
Russian Federation,Lake Baikal,Natural,N,N,N,N,"<p>Situated in south-east Siberia, the 3.15-million-ha Lake Baikal is the oldest (25 million years) and deepest (1,700 m) lake in the world. It contains 20% of the world's total unfrozen freshwater reserve. Known as the 'Galapagos of Russia', its age and isolation have produced one of the world's richest and most unusual freshwater faunas, which is of exceptional value to evolutionary science.</p>","<p>The Committee inscribed Lake Baikal as the most outstanding example of a freshwater ecosystem on the basis of natrual criteria (vii), (viii), (ix) and (x). It is the oldest and deepest of the world&acute;s lakes containing nearly 20% of the world&acute;s unfrozen freshwater reserve. The lake contains an outstanding variety of endemic flora and fauna, which is of exceptional value to evolutionary science. It is also surrounded by a system of protected areas that have high scenic and other natural values. The Committee took note of the confirmation of the revised boundaries of the site, which correspond to the core areas defined in the Baikal Law (excluding the five urban developed areas). It also noted that the special Lake Baikal Law is now in its second reading in the Duma. Finally, it noted concern over a number of integrity issues including pollution, which should be brought to the attention of the Russian authorities.</p>",1996,889,754
Russian Federation,Volcanoes of Kamchatka,Natural,N,N,N,N,"<p>This is one of the most outstanding volcanic regions in the world, with a high density of active volcanoes, a variety of types, and a wide range of related features. The six sites included in the serial designation group together the majority of volcanic features of the Kamchatka peninsula. The interplay of active volcanoes and glaciers forms a dynamic landscape of great beauty. The sites contain great species diversity, including the world's largest known variety of salmonoid fish and exceptional concentrations of sea otter, brown bear and Stellar's sea eagle.</p>","<p>The Committee inscribed the Volcanoes of Kamchatka as one of the most outstanding examples of the volcanic regions in the world on the basis of natural criteria (vii), (viii) and (ix). The site contains a high density of active volcanoes, a variety of different types and a wide range of volcanic features. The Peninsula location between a large continental landmass and the Pacific Ocean also exhibits unique characteristics with major concentrations of wildlife.</p>

<p><em>Criterion (viii)</em>: The addition of Kluchevskoy Nature Park as the sixth component of the site further adds to the overall coverage of the range of Kamchatka's natural features. The addition to the site clearly meets criterion (viii) in its own right as an outstanding example of geological processes and landforms and therefore contributes in a very significant way to the expanded site as a whole meeting criterion (viii).</p>

<p><em>Criterion (ix) :</em> The expanded site is also biologically analogous to six islands and its geographic location between a large continental landmass and the Pacific Ocean has given it unique characteristics. Natural processes continue with on-going volcanic activity and colonisation. Kluchevskoy Nature Park contributes significantly to the expanded site as a whole meeting criterion (ix).</p>

<p><em>Criterion (vii):</em> The Kamchatka Volcanoes is a landscape of exceptional natural beauty with its large symmetrical volcanoes, lakes, wild rivers and spectacular coastline. It also contains superlative natural phenomena in the form of salmon spawning areas and major concentrations of wildlife (e.g. seabird colonies) along the coastal zone of the Bering Sea. Kluchevskoy Nature Park contributes very significantly to the site as a whole meeting criterion (vii).</p>

<p><em>Criterion (x):</em> The Kamchatka Volcanoes contain an especially diverse range of palearctic flora (including a number of nationally threatened species and at least 16 endemics), and bird species such as the Stellarís Sea Eagle (50% of world population), white tailed eagle, gyr falcon and peregrine falcon, which are attracted to the availability of spawning salmon. The rivers inside and adjacent to the site contain the worldís greatest known diversity of salmonid fish. All 11 species coexist in several of Kamchatkaís rivers.</p>",1996,902,765
Russian Federation,Central Sikhote-Alin,Natural,N,N,N,N,"<p>The Sikhote-Alin mountain range contains one the richest and most unusual temperate forests of the world. In this mixed zone between taiga and subtropics, southern species such as the tiger and Himalayan bear cohabit with northern species such as the brown bear and lynx. The site stretches from the peaks of Sikhote-Alin to the Sea of Japan and is important for the survival of many endangered species such as the Amur tiger.</p>","<p><em>Criterion (x):</em> The nominated area is representative of one of the world&rsquo;s most distinctive natural regions. The combination of glacial history, climate and relief has allowed the development of the richest and most unusual temperate forests in the world. Compared to other temperate ecosystems, the level of endemic plants and invertebrates present in the region is extraordinarily high which has resulted in unusual assemblages of plants and animals. For example, subtropical species such as tiger and Himalayan bear share the same habitat with species typical of northern taiga such as brown bear and reindeer. The site is also important for the survival of endangered species such as the scaly-sided (Chinese) merganser, Blakiston&rsquo;s fish-owl and the Amur tiger.</p>",2001,904,766
Russian Federation,Golden Mountains of Altai,Natural,N,N,N,N,"<p>The Altai mountains in southern Siberia form the major mountain range in the western Siberia biogeographic region and provide the source of its greatest rivers ñ the Ob and the Irtysh. Three separate areas are inscribed: Altaisky Zapovednik and a buffer zone around Lake Teletskoye; Katunsky Zapovednik and a buffer zone around Mount Belukha; and the Ukok Quiet Zone on the Ukok plateau. The total area covers 1,611,457 ha. The region represents the most complete sequence of altitudinal vegetation zones in central Siberia, from steppe, forest-steppe, mixed forest, subalpine vegetation to alpine vegetation. The site is also an important habitat for endangered animal species such as the snow leopard.</p>","<p><em>Criteria (x)</em>: The Altai region represents an important and original centre of biodiversity of montane plant and animal species in northern Asia, a number of which are rare and endemic.</p>",1998,907,768
Russian Federation,Western Caucasus,Natural,N,N,N,N,"<p>The Western Caucasus, extending over 275,000 ha of the extreme western end of the Caucasus mountains and located 50 km north-east of the Black Sea, is one of the few large mountain areas of Europe that has not experienced significant human impact. Its subalpine and alpine pastures have only been grazed by wild animals, and its extensive tracts of undisturbed mountain forests, extending from the lowlands to the subalpine zone, are unique in Europe. The site has a great diversity of ecosystems, with important endemic plants and wildlife, and is the place of origin and reintroduction of the mountain subspecies of the European bison.</p>","<p>The Western Caucasus has a remarkable diversity of geology, ecosystems and species. It is of global significance as a centre of plant diversity. Along with the Virgin Komi World Heritage site, it is the only large mountain area in Europe that has not experienced significant human impact, containing extensive tracts of undisturbed mountain forests unique on the European scale.</p>",1999,1052,900
Russian Federation,Historic and Architectural Complex of the Kazan Kremlin,Cultural,N,N,N,N,"<p>Built on an ancient site, the Kazan Kremlin dates from the Muslim period of the Golden Horde and the Kazan Khanate. It was conquered by Ivan the Terrible in 1552 and became the Christian See of the Volga Land. The only surviving Tatar fortress in Russia and an important place of pilgrimage, the Kazan Kremlin consists of an outstanding group of historic buildings dating from the 16th to 19th centuries, integrating remains of earlier structures of the 10th to 16th centuries.</p>","<p><em>Criterion (ii):</em> The Kazan Kremlin complex represents exceptional testimony of historical continuity and cultural diversity over a long period of time, resulting in an important interchange of values generated by the different cultures.</p>

<p><em>Criterion (iii):</em> The historic citadel represents an exceptional testimony of the Khanate period and is the only surviving Tatar fortress with traces of the original town-planning conception.</p>

<p><em>Criterion (iv):</em> The site and its key monuments represent an outstanding example of a synthesis of Tatar and Russian influences in architecture, integrating different cultures (Bulgar, Golden Horde, Tatar, Italian, and Russian), as well as showing the impact of Islam and Christianity.</p>",2000,1144,980
Russian Federation,Bolgar Historical and Archaeological Complex,Cultural,N,N,N,N,"<p>This property lies on the shores of the Volga River, south of its confluence with the River Kama, and south of the capital of Tatarstan, Kazan. It contains evidence of the medieval city of Bolgar, an early settlement of the civilization of Volga-Bolgars, which existed between the 7th and 15th centuries AD, and was the first capital of the Golden Horde in the 13th century. Bolgar represents the historical cultural exchanges and transformations of Eurasia over several centuries that played a pivotal role in the formation of civilizations, customs and cultural traditions. The property provides remarkable evidence of historic continuity and cultural diversity. It is a symbolic reminder of the acceptance of Islam by the Volga-Bolgars in AD 922 and remains a sacred pilgrimage destination to the Tatar Muslims.</p>",,2014,2009,981
Russian Federation,Ensemble of the Ferapontov Monastery,Cultural,N,N,N,N,"<p>The Ferapontov Monastery, in the Vologda region in northern Russia, is an exceptionally well-preserved and complete example of a Russian Orthodox monastic complex of the 15th-17th centuries, a period of great significance in the development of the unified Russian state and its culture. The architecture of the monastery is outstanding in its inventiveness and purity. The interior is graced by the magnificent wall paintings of Dionisy, the greatest Russian artist of the end of the 15th century.</p>","<p><em>Criterion (i):</em> The wall paintings of Dionisy in the Cathedral of the Nativity of the Virgin at Ferapontov Monastery are the highest expression of Russian mural art in the 15th-16th centuries.</p>

<p><em>Criterion (iv):</em> The complex of Ferapontov Monastery is the purest and most complete example of an Orthodox monastic community from the 15th-17th centuries, a crucial period in the cultural and spiritual development of Russia.</p>",2000,1146,982
Russian Federation,Natural System of Wrangel Island Reserve,Natural,N,N,N,N,"<p>Located well above the Arctic Circle, the site includes the mountainous Wrangel Island (7,608 km2), Herald Island (11 km<sup>2</sup>) and surrounding waters. Wrangel was not glaciated during the Quaternary Ice Age, resulting in exceptionally high levels of biodiversity for this region. The island boasts the worldís largest population of Pacific walrus and the highest density of ancestral polar bear dens. It is a major feeding ground for the grey whale migrating from Mexico and the northernmost nesting ground for 100 migratory bird species, many endangered. Currently, 417 species and subspecies of vascular plants have been identified on the island, double that of any other Arctic tundra territory of comparable size and more than any other Arctic island. Some species are derivative of widespread continental forms, others are the result of recent hybridization, and 23 are endemic.</p>","<p><em>Criterion (ix):</em> The Wrangel Island Reserve is a self-contained island ecosystem and there is ample evidence that it has undergone a long evolutionary process uninterrupted by the glaciation that swept most other parts of the Arctic during the Quaternary period. The number and type of endemic plant species, the diversity within plant communities, the rapid succession and mosaic of tundra types, the presence of relatively recent mammoth tusks and skulls, the range of terrain types and geological formations in the small geographic space are all visible evidence of Wrangelís rich natural history and its unique evolutionary status within the Arctic. Furthermore, the process is continuing as can be observed in, for example, the unusually high densities and distinct behaviours of the Wrangel lemming populations in comparison with other Arctic populations or in the physical adaptations of the Wrangel Island reindeers, where they may now have evolved into a separate population from their mainland cousins. Species interaction strategies are highly-honed and on display throughout the island, especially near Snowy owl nests which act as protectorates for other species and beacons for migratory species and around fox dens.</p>

<p><em>Criterion (x):</em> The Wrangel Island Reserve has the highest level of biodiversity in the high Arctic. The island is the breeding habitat of Asiaís only Snow goose population which is slowly making a recovery from catastrophically low levels. The marine environment is an increasingly important feeding ground for the Gray whale migrating from Mexico (some from another World Heritage site, the Whale Sanctuary of El Vizcaino). The islands have the largest sea-bird colonies on the Chukchi Sea, are the northernmost nesting grounds for over 100 migratory bird species including several that are endangered such as the Peregrine falcon, have significant populations of resident tundra bird species interspersed with migratory Arctic and non-Arctic species and have the worldís highest density of ancestral polar bear dens. Wrangel Island boasts the largest population of Pacific walrus with up to 100,000 animals congregating at any given time at one of the islandís important coastal rookeries. Since Wrangel Island contains a high diversity of habitats and climates and conditions vary considerably from one location to another, total reproductive failure of a species in any given year is practically unheard of. Given the relatively small size of the area, this is very unusual in the high Arctic.</p>",2004,1194,1023
Russian Federation,"Citadel, Ancient City and Fortress Buildings of Derbent",Cultural,N,N,N,N,"<p>The Citadel, Ancient City and Fortress Buildings of Derbent were part of the northern lines of the Sasanian Persian Empire, which extended east and west of the Caspian Sea. The fortification was built in stone. It consisted of two parallel walls that formed a barrier from the seashore up to the mountain. The town of Derbent was built between these two walls, and has retained part of its medieval fabric. The site continued to be of great strategic importance until the 19th century.</p>","<p><em>Criterion (iii):</em> The site of the ancient city of Derbent has been crucial for the control of the north-south passage on the west side of the Caspian Sea since the 1st millennium BCE. The defence structures that were built by the Sasanians in the 5th century CE were in continuous use by the succeeding Persian, Arabic, Mongol, and Timurid governments for some 15 centuries.</p>
<p><em>Criterion (iv):</em> The ancient city of Derbent and its defence structures are the most significant section of the strategic defence systems designed and built in the Sasanian empire along their northern limes, and maintained during the successive governments until the Russian occupation in the 19th century.</p>",2003,1247,1070
Russian Federation,Ensemble of the Novodevichy Convent,Cultural,N,N,N,N,"<p>The Novodevichy Convent, in south-western Moscow, built in the 16th and 17th centuries in the so-called Moscow Baroque style, was part of a chain of monastic ensembles that were integrated into the defence system of the city. The convent was directly associated with the political, cultural and religious history of Russia, and closely linked to the Moscow Kremlin. It was used by women of the Tsar&rsquo;s family and the aristocracy. Members of the Tsar&rsquo;s family and entourage were also buried in its cemetery. The convent provides an example of the highest accomplishments of Russian architecture with rich interiors and an important collection of paintings and artefacts.</p>","<p><em>Criterion (i):</em> The Novodevichy Convent is the most outstanding example of the so-called &lsquo;Moscow Baroque&rsquo;, which became a fashionable style in the region of Moscow. Apart form its fine architecture and decorative details, the site is characterised by its town-planning values.</p>

<p><em>Criterion (iv):</em> The Novodevichy Convent is an outstanding example of an exceptionally well preserved monastic complex, representing particularly the &lsquo;Moscow baroque&rsquo; style in the architecture of the late 17th century.</p>

<p><em>Criterion (vi):</em> The Novodevichy Convent ensemble integrates the political and cultural nature of the existing World Heritage site of Moscow Kremlin. It is itself closely related to Russian Orthodoxy, as well as with the Russian history especially in the 16th and 17th centuries.</p>",2004,1275,1097
Russian Federation,Historical Centre of the City of Yaroslavl,Cultural,N,N,N,N,"<p>Situated at the confluence of the Volga and Kotorosl Rivers some 250 km north-east of Moscow, the historic city of Yaroslavl developed into a major commercial centre from the 11th century. It is renowned for its numerous 17th-century churches and is an outstanding example of the urban planning reform Empress Catherine the Great ordered for the whole of Russia in 1763. While keeping some of its significant historic structures, the town was renovated in the neoclassical style on a radial urban master plan. It has also kept elements from the 16th century in the Spassky Monastery, one of the oldest in the Upper Volga region, built on the site of a pagan temple in the late 12th century but reconstructed over time.</p>","<p><em>Criterion (ii): </em>The historic town of Yaroslavl with its 17th century churches and its Neo-classical radial urban plan and civic architecture is an outstanding example of the interchange of cultural and architectural influences between Western Europe and Russian Empire.</p>

<p><em>Criterion (iv): </em>Yaroslavl is an outstanding example of the town-planning reform ordered by Empress Catherine The Great in the whole of Russia, implemented between 1763 and 1830.</p>",2005,1347,1170
Russian Federation,Putorana Plateau,Natural,N,N,N,N,"<p>This site coincides with the area of the Putoransky State Nature Reserve, and is located in the central part of the Putorana Plateau in northern Central Siberia. It is situated about 100 km north of the Arctic Circle. The part of the plateau inscribed on the World Heritage List harbours a complete set of subarctic and arctic ecosystems in an isolated mountain range, including pristine taiga, forest tundra, tundra and arctic desert systems, as well as untouched cold-water lake and river systems. A major reindeer migration route crosses the property, which represents an exceptional, large-scale and increasingly rare natural phenomenon.</p>",,2010,1644,1234
Russian Federation,Lena Pillars Nature Park,Natural,N,N,N,N,"<p>Lena Pillars Nature Park is marked by spectacular rock pillars that reach a height of approximately 100†m along the banks of the Lena River in the central part of the Sakha Republic (Yakutia). They were produced by the regionís extreme continental climate with an annual temperature range of almost 100 degrees Celsius (from ñ60†∞C in winter to +40†∞C in summer). The pillars form rocky buttresses isolated from each other by deep and steep gullies developed by frost shattering directed along intervening joints. Penetration of water from the surface has facilitated cryogenic processes (freeze-thaw action), which have widened gullies between pillars leading to their isolation. Fluvial processes are also critical to the pillars. The site also contains a wealth of Cambrian fossil remains of numerous species, some of them unique.</p>",,2012,2116,1299
Russian Federation,Assumption Cathedral and Monastery of the town-island of Sviyazhsk,Cultural,N,N,N,N,"<p>The Assumption Cathedral is located in the town-island of Sviyazhsk and is part of the monastery of the same name. Situated at the confluence of the Volga, the Sviyaga and the Shchuka rivers, at the crossroads of the Silk and Volga routes, Sviyazhsk was founded by Ivan the Terrible in 1551. It was from this outpost that he initiated the conquest of the Kazan Khanate. The Assumption Monastery illustrates in its location and architectural composition the political and missionary programme developed by Tsar Ivan IV to extend the Moscow state. The cathedralís frescoes are among the rarest examples of Eastern Orthodox mural paintings.</p>",,2017,2168,1525
Saint Kitts and Nevis,Brimstone Hill Fortress National Park,Cultural,N,N,N,N,"<p>Brimstone Hill Fortress National Park is an outstanding, well-preserved example of 17th- and 18th-century military architecture in a Caribbean context. Designed by the British and built by African slave labour, the fortress is testimony to European colonial expansion, the African slave trade and the emergence of new societies in the Caribbean.</p>","<p>Criterion (iii): Brimstone Hill is an outstanding British fortress, built by slave labour to exact standards during a peak period of European colonial expansion in the Caribbean. Criterion (iv): Because of its strategic layout and construction, Brimstone Hill Fortress is an exceptional and well preserved example of 17th and 18th century British military architecture.</p>",1999,1063,910
Saint Lucia,Pitons Management Area,Natural,N,N,Y,Y,"<p>The 2,909-ha site near the town of Soufriere includes the Pitons, two volcanic spires rising side by side from the sea (770 m and 743 m high respectively), linked by the Piton Mitan ridge. The volcanic complex includes a geothermal field with sulphurous fumeroles and hot springs. Coral reefs cover almost 60% of the site&rsquo;s marine area. A survey has revealed 168 species of finfish, 60 species of cnidaria, including corals, eight molluscs, 14 sponges, 11 echinoderms, 15 arthropods and eight annelid worms. The dominant terrestrial vegetation is tropical moist forest grading to subtropical wet forest, with small areas of dry forest and wet elfin woodland on the summits. At least 148 plant species have been recorded on Gros Piton, 97 on Petit Piton and the intervening ridge, among them eight rare tree species. The Gros Piton is home to some 27 bird species (five of them endemic), three indigenous rodents, one opossum, three bats, eight reptiles and three amphibians.</p>","<p><em>Criterion (viii):</em> The Pitons Management Area contains the greater part of a collapsed stratovolcano contained within the volcanic system, known to geologists as the Soufriere Volcanic Centre. Prominent within the volcanic landscape are two eroded remnants of lava domes, Gros Piton and Petit Piton. The Pitons occur with a variety of other volcanic features including cumulo-domes, explosion craters, pyroclastic deposits (pumice and ash), and lava flows. Collectively, these fully illustrate the volcanic history of an andesitic composite volcano associated with crustal plate subduction.</p>

<p><em>Criterion (vii):</em> The Pitons Management Area derives its primary visual impact and aesthetic qualities from the Pitons, two adjacent forest-clad volcanic lava domes rising abruptly from the sea to heights greater than 700m. The Pitons predominate over the St Lucian landscape, being visible from virtually every part of the island and providing a distinctive landmark for seafarers.The combination of the Pitons against the backdrop of green tropical vegetation and a varying topography combined with a marine foreground gives the area its superlative beauty.</p>",2004,1341,1161
San Marino,San Marino Historic Centre and Mount Titano,Cultural,N,N,Y,Y,"<p>San Marino Historic Centre and Mount Titano covers 55 ha, including Mount Titano and the historic centre of the city which dates back to the foundation of the republic as a city-state in the 13th century. San Marino is inscribed as a testimony to the continuity of a free republic since the Middle Ages. The inscribed city centre includes fortification towers, walls, gates and bastions, as well as a neo-classical basilica of the 19th century, 14th and 16th century convents, and the Palazzo Publico of the 19th century, as well as the 18th century Titano Theatre. The property represents an historical centre still inhabited and preserving all its institutional functions. Thanks to its position on top of Mount Titano, it was not affected by the urban transformations that have occurred from the advent of the industrial era to today.</p>",,2008,1535,1245
Saudi Arabia,Al-Hijr Archaeological Site (Mad‚in S‚lih),Cultural,N,N,N,N,"<p>The Archaeological Site of Al-Hijr (Mad‚in S‚lih) is the first World Heritage property to be inscribed in Saudi Arabia. Formerly known as Hegra it is the largest conserved site of the civilization of the Nabataeans south of Petra in Jordan. It features well-preserved monumental tombs with decorated facades dating from the 1st century BC to the 1st century AD. The site also features some 50 inscriptions of the pre-Nabataean period and some cave drawings. Al-Hijr bears a unique testimony to Nabataean civilization. With its 111 monumental tombs, 94 of which are decorated, and water wells, the site is an outstanding example of the Nabataeansí architectural accomplishment and hydraulic expertise.</p>",,2008,1524,1293
Saudi Arabia,At-Turaif District in ad-Dir'iyah,Cultural,N,N,N,N,"<p>This property was the first capital of the Saudi Dynasty, in the heart of the Arabian Penisula, north-west of Riyadh. Founded in the 15th century, it bears witness to the Najdi architectural style, which is specific to the centre of the Arabian peninsula. In the 18th and early 19th century, its political and religious role increased, and the citadel at at-Turaif became the centre of the temporal power of the House of Saud and the spread of the Wahhabi reform inside the Muslim religion. The property includes the remains of many palaces and an urban ensemble built on the edge of the ad-Dir&rsquo;iyah oasis.</p>",,2010,1659,1329
Saudi Arabia,"Historic Jeddah, the Gate to Makkah",Cultural,N,N,N,Y,"<p>Historic Jeddah is situated on the eastern shore of the Red Sea. From the 7th century AD it was established as a major port for Indian Ocean trade routes, channelling goods to Mecca. It was also the gateway for Muslim pilgrims to Mecca who arrived by sea. These twin roles saw the city develop into a thriving multicultural centre, characterized by a distinctive architectural tradition, including tower houses built in the late 19th century by the cityís mercantile elites, and combining Red Sea coastal coral building traditions with influences and crafts from along the trade routes.</p>",,2014,1968,1361
Saudi Arabia,Rock Art in the Hail Region of Saudi Arabia,Cultural,N,N,N,N,"<p>This property†includes two components situated in a desert landscape: Jabel Umm Sinman at Jubbah and the Jabal al-Manjor and Raat at Shuwaymis. A lake once situated at the foot of the Umm Sinman hill range that has now disappeared used to be a source of fresh water for people and animals in the southern part of the Great Narfoud Desert. The ancestors of todayís Arab populations have left traces of their passages in numerous petroglyphs and inscriptions on the rock face. Jabal al-Manjor and Raat form the rocky escarpment of a <em>wadi</em> now covered in sand. They show numerous representations of human and animal figures covering 10,000 years of history.</p>",,2015,2033,1472
Senegal,Djoudj National Bird Sanctuary,Natural,N,N,N,N,"<p>Situated in the Senegal River delta, the Djoudj Sanctuary is a wetland of 16,000 ha, comprising a large lake surrounded by streams, ponds and backwaters. It forms a living but fragile sanctuary for some 1.5 million birds, such as the white pelican, the purple heron, the African spoonbill, the great egret and the cormorant.</p>",,1981,28,25
Senegal,Island of GorÈe,Cultural,N,N,N,N,"<p>The island of Gor&eacute;e lies off the coast of Senegal, opposite Dakar. From the 15th to the 19th century, it was the largest slave-trading centre on the African coast. Ruled in succession by the Portuguese, Dutch, English and French, its architecture is characterized by the contrast between the grim slave-quarters and the elegant houses of the slave traders. Today it continues to serve as a reminder of human exploitation and as a sanctuary for reconciliation.</p>",,1978,29,26
Senegal,Niokolo-Koba National Park,Natural,N,N,N,N,"<p>Located in a well-watered area along the banks of the Gambia river, the gallery forests and savannahs of Niokolo-Koba National Park have a very rich fauna, among them Derby elands (largest of the antelopes), chimpanzees, lions, leopards and a large population of elephants, as well as many birds, reptiles and amphibians.</p>",,1981,171,153
Senegal,Island of Saint-Louis,Cultural,N,N,N,N,"<p>Founded as a French colonial settlement in the 17th century, Saint-Louis was urbanised in the mid-19th century. It was the capital of Senegal from 1872 to 1957 and played an important cultural and economic role in the whole of West Africa. The location of the town on an island at the mouth of the Senegal River, its regular town plan, the system of quays, and the characteristic colonial architecture give Saint-Louis its distinctive appearance and identity.</p>",,2000,1561,956
Senegal,Saloum Delta,Cultural,N,N,N,N,"<p>Fishing and shellfish gathering have sustained human life in the 5,000 km2 property, which is formed by the arms of three rivers. The site comprises brackish channels encompassing over 200 islands and islets, mangrove forest, an Atlantic marine environment, and dry forest.</p>

<p>The site is marked by 218 shellfish mounds, some of them several hundreds metres long, produced by its human inhabitants over the ages. Burial sites on 28 of the mounds take the form of tumuli where remarkable artefacts have been found. They are important for our understanding of cultures from the various periods of the delta's occupation and testify to the history of human settlement along the coast of West Africa.</p>",,2011,1754,1359
Senegal,"Bassari Country: Bassari, Fula and Bedik Cultural Landscapes",Cultural,N,N,N,N,"<p>The site, located in south-east Senegal, includes three geographical areas: the BassariñSalÈmata area, the BedikñBandafassi area and the FulañDindÈfello area, each with its specific morphological traits. The Bassari, Fula and Bedik peoples settled from the 11th to the 19th centuries and developed specific cultures and habitats symbiotic with their surrounding natural environment. The Bassari landscape is marked by terraces and rice paddies, interspersed with villages, hamlets and archaeological sites. The Bedik villages are formed by dense groups of huts with steep thatched roofs. Their inhabitantsí cultural expressions are characterized by original traits of agro-pastoral, social, ritual and spiritual practices, which represent an original response to environmental constraints and human pressures. The site is a well-preserved multicultural landscape housing original and still vibrant local cultures.</p>",,2012,1832,1407
Serbia,Stari Ras and Sopo?ani,Cultural,N,N,N,N,"<p>On the outskirts of Stari Ras, the first capital of Serbia, there is an impressive group of medieval monuments consisting of fortresses, churches and monasteries. The monastery at Sopo?ani is a reminder of the contacts between Western civilization and the Byzantine world.</p>",,1979,104,96
Serbia,Studenica Monastery,Cultural,N,N,N,N,"<p>The Studenica Monastery was established in the late 12th century by Stevan Nemanja, founder of the medieval Serb state, shortly after his abdication. It is the largest and richest of Serbiaís Orthodox monasteries. Its two principal monuments, the Church of the Virgin and the Church of the King, both built of white marble, enshrine priceless collections of 13th- and 14th-century Byzantine painting.</p>",,1986,449,389
Serbia,Medieval Monuments in Kosovo,Cultural,N,N,N,N,"<p>The four edifices of the site reflect the high points of the Byzantine-Romanesque ecclesiastical culture, with its distinct style of wall painting, which developed in the Balkans between the 13th and 17th centuries. The De?ani Monastery was built in the mid-14th century for the Serbian king Stefan De?anski and is also his mausoleum. The Patriarchate of Pe? Monastery is a group of four domed churches featuring series of wall paintings. The 13th-century frescoes of the Church of Holy Apostles are painted in a unique, monumental style. Early 14th-century frescoes in the church of the Holy Virgin of Ljevisa represent the appearance of the new so-called Palaiologian Renaissance style, combining the influences of the eastern Orthodox Byzantine and the Western Romanesque traditions. The style played a decisive role in subsequent Balkan art.</p>",,2004,856,724
Serbia,"Gamzigrad-Romuliana, Palace of Galerius",Cultural,N,N,N,N,"<p>The Late Roman fortified palace compound and memorial complex of Gamzigrad-Romuliana, Palace of Galerius, in the east of Serbia, was commissioned by Emperor Caius Valerius Galerius Maximianus, in the late 3rd and early 4th centuries. It was known as Felix Romuliana, named after the emperor&rsquo;s mother. The site consists of fortifications, the palace in the north-western part of the complex, basilicas, temples, hot baths, memorial complex, and a tetrapylon. The group of buildings is also unique in its intertwining of ceremonial and memorial functions.</p>",,2007,1430,1253
Seychelles,Aldabra Atoll,Natural,N,N,N,N,"<p>The atoll is comprised of four large coral islands which enclose a shallow lagoon; the group of islands is itself surrounded by a coral reef. Due to difficulties of access and the atoll's isolation, Aldabra has been protected from human influence and thus retains some 152,000 giant tortoises, the world's largest population of this reptile.</p>",,1982,205,185
Seychelles,VallÈe de Mai Nature Reserve,Natural,N,N,N,N,"<p>In the heart of the small island of Praslin, the reserve has the vestiges of a natural palm forest preserved in almost its original state. The famous <em>coco de mer</em>, from a palm-tree once believed to grow in the depths of the sea, is the largest seed in the plant kingdom.</p>",,1983,291,261
Singapore,Singapore Botanic Gardens,Cultural,Y,Y,Y,Y,"<p>Situated at the heart of the city of Singapore, the site demonstrates the evolution of a British tropical colonial botanic garden that has become a modern world-class scientific institution used for both conservation and education. The cultural landscape includes a rich variety of historic features, plantings and buildings that demonstrate the development of the garden since its creation in 1859. It has been an important centre for science, research and plant conservation, notably in connection with the cultivation of rubber plantations, in Southeast Asia since 1875.</p>",,2015,2044,1483
Slovakia,Historic Town of Bansk· ätiavnica and the Technical Monuments in its Vicinity,Cultural,N,N,N,N,"<p>Over the centuries, the town of Bansk· ätiavnica was visited by many outstanding engineers and scientists who contributed to its fame. The old medieval mining centre grew into a town with Renaissance palaces, 16th-century churches, elegant squares and castles. The urban centre blends into the surrounding landscape, which contains vital relics of the mining and metallurgical activities of the past.</p>",,1993,734,618
Slovakia,"Levo?a, Spiösk˝ Hrad and the Associated Cultural Monuments",Cultural,N,N,N,N,"<p>Spi&scaron;sk&yacute; Hrad has one of the largest ensembles of 13th and 14th century military, political and religious buildings in eastern Europe, and its Romanesque and Gothic architecture has remained remarkably intact.</p>

<p>The extended site features the addition of the historic town-centre of Levo?a founded in the 13th and 14th centuries within fortifications. Most of the site has been preserved and it includes the 14th century church of St James with its ten alters of the 15th and 16th centuries, a remarkable collection of polychrome works in the Late Gothic style, including an 18.6 metre high alterpiece by completed around 1510 by Master Paul.</p>",,1993,1537,620
Slovakia,VlkolÌnec,Cultural,N,N,N,N,"<p>VlkolÌnec, situated in the centre of Slovakia, is a remarkably intact settlement of 45 buildings with the traditional features of a central European village. It is the regionís most complete group of these kinds of traditional log houses, often found in mountainous areas.</p>",,1993,740,622
Slovakia,Bardejov Town Conservation Reserve,Cultural,N,N,N,N,"<p>Bardejov is a small but exceptionally complete and well-preserved example of a fortified medieval town, which typifies the urbanisation in this region. Among other remarkable features, it also contains a small Jewish quarter around a fine 18th-century synagogue.</p>","<p><em>Criterion (iii):</em> The fortified town of Bardejov provides exceptionally well preserved evidence of the economic and social structure of trading towns in medieval Central Europe.</p>

<p><em>Criterion (iv):</em> The plan, buildings, and fortifications of Bardejov illustrate the urban complex that developed in Central Europe in the Middle Ages at major points along the great trade routes of the period</p>",2000,1137,973
Slovakia,Wooden Churches of the Slovak part of the Carpathian Mountain Area,Cultural,N,N,N,N,"<p>The Wooden Churches of the Slovak part of Carpathian Mountain Area&nbsp;inscribed on the World Heritage List consist of two Roman Catholic, three Protestant and three Greek Orthodox churches built between the 16th and 18th centuries. The property presents good examples of a rich local tradition of religious architecture, marked by the meeting of Latin and Byzantine cultures. The edifices exhibit some typological variations in their floor plans, interior spaces and external appearance due to their respective religious practices. They bear testimony to the development of major architectural and artistic trends during the period of construction and to their interpretation and adaptation to a specific geographical and cultural context. Interiors are decorated with paintings on the walls and ceilings and other works of art that enrich the cultural significance of the properties.</p>",,2008,1491,1273
Slovenia,äkocjan Caves,Natural,N,N,Y,Y,"<p>This exceptional system of limestone caves comprises collapsed dolines, some 6 km of underground passages with a total depth of more than 200 m, many waterfalls and one of the largest known underground chambers. The site, located in the Kras region (literally meaning Karst), is one of the most famous in the world for the study of karstic phenomena.</p>",,1986,450,390
Solomon Islands,East Rennell,Natural,N,N,N,N,"<p>East Rennell makes up the southern third of Rennell Island, the southernmost island in the Solomon Island group in the western Pacific. Rennell, 86 km long x 15 km wide, is the largest raised coral atoll in the world. The site includes approximately 37,000 ha and a marine area extending 3 nautical miles to sea. A major feature of the island is Lake Tegano, which was the former lagoon on the atoll. The lake, the largest in the insular Pacific (15,500 ha), is brackish and contains many rugged limestone islands and endemic species. Rennell is mostly covered with dense forest, with a canopy averaging 20 m in height. Combined with the strong climatic effects of frequent cyclones, the site is a true natural laboratory for scientific study. The site is under customary land ownership and management.</p>","<p><em>Criterion (ix):</em> East Rennell, as a stepping stone in the migration and evolution of species in the western Pacific, is an important site for the science of island biogeography. Combined with the strong climate effects of frequent cyclones, East Rennell is a true natural laboratory for scientific study.</p>",1998,1005,854
South Africa,iSimangaliso Wetland Park,Natural,Y,Y,N,N,"<p>The ongoing fluvial, marine and aeolian processes in the site have produced a variety of landforms, including coral reefs, long sandy beaches, coastal dunes, lake systems, swamps, and extensive reed and papyrus wetlands. The interplay of the park's environmental heterogeneity with major floods and coastal storms and a transitional geographic location between subtropical and tropical Africa has resulted in exceptional species diversity and ongoing speciation. The mosaic of landforms and habitat types creates breathtaking scenic vistas. The site contains critical habitats for a range of species from Africa's marine, wetland and savannah environments.</p>","<p>The St Lucia site consists of thirteen contiguous protected areas with a total size of 234,566 hectares. The site is the largest estuarine system in Africa and includes the southernmost extension of coral reefs on the continent. The site contains a combination of on-going fluvial, marine and aeolian processes that have resulted in a variety of landforms and ecosystems. Features include wide submarine canyons, sandy beaches, forested dune cordon and a mosaic of wetlands, grasslands, forests, lakes and savanna. The variety of morphology as well as major flood and storm events contribute to ongoing evolutionary processes in the area. Natural phenomena include: shifts from low to hyper-saline states in the Parkís lakes; large numbers of nesting turtles on the beaches; the migration of whales, dolphins and whale-sharks off-shore; and huge numbers of waterfowl including large breeding colonies of pelicans, storks, herons and terns. The Parkís location between sub-tropical and tropical Africa as well as its coastal setting has resulted in exceptional biodiversity including some 521 bird species.</p>",1999,1067,914
South Africa,Fossil Hominid Sites of South Africa,Cultural,Y,Y,N,N,"<p>The Taung Skull Fossil Site, part of the extension to the site inscribed in 1999, is the place where in 1924 the celebrated Taung Skull &ndash; a specimen of the species Australopithecus africanus &ndash; was found. Makapan Valley, also in the site, features in its many archaeological caves traces of human occupation and evolution dating back some 3.3 million years. The area contains essential elements that define the origin and evolution of humanity. Fossils found there have enabled the identification of several specimens of early hominids, more particularly of Paranthropus, dating back between 4.5 million and 2.5 million years, as well as evidence of the domestication of fire 1.8 million to 1 million years ago.</p>",,1999,1069,915
South Africa,Robben Island,Cultural,Y,Y,Y,Y,"<p>Robben Island was used at various times between the 17th and 20th centuries as a prison, a hospital for socially unacceptable groups and a military base. Its buildings, particularly those of the late 20th century such as the maximum security prison for political prisoners, witness the triumph of democracy and freedom over oppression and racism.</p>","<p>Criterion (iii): The buildings of Robben Island bear eloquent testimony to its sombre history. Criterion (vi): Robben Island and its prison buildings symbolize the triumph of the human spirit, of freedom, and of democracy over oppression.</p>",1999,1070,916
South Africa,Cape Floral Region Protected Areas,Natural,Y,Y,Y,Y,"<p>Inscribed on the World Heritage List in 2004, the property is located at the south-western extremity of South Africa. It is one of the worldís great centres of terrestrial biodiversity. The extended property includes national parks, nature reserves, wilderness areas, State forests and mountain catchment areas. These elements add a significant number of endemic species associated with the <em>Fynbos</em> vegetation, a fine-leaved sclerophyllic shrubland adapted to both a Mediterranean climate and periodic fires, which is unique to the Cape Floral Region.</p>",,2004,2013,1007
South Africa,Mapungubwe Cultural Landscape,Cultural,N,N,N,N,"<p>Mapungubwe is set hard against the northern border of South Africa, joining Zimbabwe and Botswana. It is an open, expansive savannah landscape at the confluence of the Limpopo and Shashe rivers. Mapungubwe developed into the largest kingdom in the sub-continent before it was abandoned in the 14th century. What survives are the almost untouched remains of the palace sites and also the entire settlement area dependent upon them, as well as two earlier capital sites, the whole presenting an unrivalled picture of the development of social and political structures over some 400 years.</p>",<p><em>Criterion (ii):</em> The Mapungubwe Cultural Landscape contains evidence for an important interchange of human values that led to far-reaching cultural and social changes in Southern Africa between AD 900 and 1300.<br /> <em>Criterion (iii):</em> The remains in the Mapungubwe cultural landscape are a remarkably complete testimony to the growth and subsequent decline of the Mapungubwe state which at its height was the largest kingdom in the African sub-continent.<br /> <em>Criterion (iv):</em> The establishment of Mapungubwe as a powerful state trading through the East African ports with Arabia and India was a significant stage in the history of the African sub-continent.<br /> <em>Criterion (v)</em> : The remains in the Mapungubwe cultural landscape graphically illustrate the impact of climate change and record the growth and then decline of the kingdom of Mapungubwe as a clear record of a culture that became vulnerable to irreversible change.</p>,2003,2061,1099
South Africa,Vredefort Dome,Natural,N,N,N,N,"<p>Vredefort Dome, approximately 120 km south-west of Johannesburg, is a representative part of a larger meteorite impact structure, or astrobleme. Dating back 2,023 million years, it is the oldest astrobleme yet found on Earth. With a radius of 190 km, it is also the largest and the most deeply eroded. Vredefort Dome bears witness to the world&rsquo;s greatest known single energy release event, which had devastating global effects including, according to some scientists, major evolutionary changes. It provides critical evidence of the Earth&rsquo;s geological history and is crucial to understanding of the evolution of the planet. Despite the importance of impact sites to the planet&rsquo;s history, geological activity on the Earth&rsquo;s surface has led to the disappearance of evidence from most of them, and Vredefort is the only example to provide a full geological profile of an astrobleme below the crater floor.</p>","<p><em>Criterion (viii): </em>Vredefort Dome is the oldest, largest, and most deeply eroded complex meteorite impact structure in the world. It is the site of the world&rsquo;s greatest single, known energy release event. It contains high quality and accessible geological (outcrop) sites which demonstrate a range of geological evidences of a complex meteorite impact structure. The rural and natural landscapes of the serial property help portray the magnitude of the ring structures resulting from the impact. The serial nomination is considered to be a representative sample of a complex meteorite impact structure. A comprehensive comparative analysis with other complex meteorite impact structures demonstrated that it is the only example on earth providing a full geological profile of an astrobleme below the crater floor, thereby enabling research into the genesis and development of an astrobleme immediately post impact.</p>",2005,1342,1162
South Africa,Richtersveld Cultural and Botanical Landscape,Cultural,N,N,N,N,"<p>The 160,000 ha Richtersveld Cultural and Botanical Landscape of dramatic mountainous desert in north-western South Africa constitutes a cultural landscape communally owned and managed. This site sustains the semi-nomadic pastoral livelihood of the Nama people, reflecting seasonal patterns that may have persisted for as much as two millennia in southern Africa. It is the only area where the Nama still construct portable rush-mat houses (<em>haru om</em> ) and includes seasonal migrations and grazing grounds, together with stock posts. The pastoralists collect medicinal and other plants and have a strong oral tradition associated with different places and attributes of the landscape.</p>",,2007,1442,1265
South Africa,?Khomani Cultural Landscape,Cultural,N,N,N,N,"<p>The ?Khomani Cultural Landscape is located at the border with Botswana and Namibia in the northern part of the country, coinciding with the Kalahari Gemsbok National Park (KGNP). The large expanse of sand contains evidence of human occupation from the Stone Age to the present and is associated with the culture of the formally nomade ?Khomani San people and the strategies that allowed them to adapt to harsh desert conditions. They developed a specific ethnobotanical knowledge, cultural practices and a worldview related to the geographical features of their environment. The ?Khomani Cultural Landscape bears testimony to the way of life that prevailed in the region and shaped the site over thousands of years.</p>",,2017,2133,1545
Spain,Cave of Altamira and Paleolithic Cave Art of Northern Spain,Cultural,N,N,N,N,"<p>Seventeen decorated caves of the Paleolithic age were inscribed as an extension to the Altamira Cave, inscribed in 1985. The property will now appear on the List as Cave of Altamira and Paleolithic Cave Art of Northern Spain. The property represents the apogee of Paleolithic cave art that developed across Europe, from the Urals to the Iberian Peninusula, from 35,000 to 11,000 BC. Because of their deep galleries, isolated from external climatic influences, these caves are particularly well preserved. The caves are inscribed as masterpieces of creative genius and as the humanity&rsquo;s earliest accomplished art. They are also inscribed as exceptional testimonies to a cultural tradition and as outstanding illustrations of a significant stage in human history.</p>",,1985,1506,310
Spain,Old Town of Segovia and its Aqueduct,Cultural,N,N,Y,Y,"<p>The Roman aqueduct of Segovia, probably built c. A.D. 50, is remarkably well preserved. This impressive construction, with its two tiers of arches, forms part of the setting of the magnificent historic city of Segovia. Other important monuments include the Alc·zar, begun around the 11th century, and the 16th-century Gothic cathedral.</p>",,1985,2124,311
Spain,Monuments of Oviedo and the Kingdom of the Asturias,Cultural,N,N,N,N,"<p>In the 9th century the flame of Christianity was kept alive in the Iberian peninsula in the tiny Kingdom of the Asturias. Here an innovative pre-Romanesque architectural style was created that was to play a significant role in the development of the religious architecture of the peninsula. Its highest achievements can be seen in the churches of Santa MarÌa del Naranco, San Miguel de Lillo, Santa Cristina de Lena, the C·mara Santa and San Juli·n de los Prados, in and around the ancient capital city of Oviedo. Associated with them is the remarkable contemporary hydraulic engineering structure known as La Foncalada.</p>",,1985,353,312
Spain,Historic Centre of Cordoba,Cultural,Y,Y,N,N,"<p>Cordoba's period of greatest glory began in the 8th century after the Moorish conquest, when some 300 mosques and innumerable palaces and public buildings were built to rival the splendours of Constantinople, Damascus and Baghdad. In the 13th century, under Ferdinand III, the Saint, Cordoba's Great Mosque was turned into a cathedral and new defensive structures, particularly the Alc&aacute;zar de los Reyes Cristianos and the Torre Fortaleza de la Calahorra, were erected.</p>",,1984,355,313
Spain,"Alhambra, Generalife and AlbayzÌn, Granada",Cultural,Y,Y,Y,N,"<p>Rising above the modern lower town, the Alhambra and the AlbaycÌn, situated on two adjacent hills, form the medieval part of Granada. To the east of the Alhambra fortress and residence are the magnificent gardens of the Generalife, the former rural residence of the emirs who ruled this part of Spain in the 13th and 14th centuries. The residential district of the AlbaycÌn is a rich repository of Moorish vernacular architecture, into which the traditional Andalusian architecture blends harmoniously.</p>",,1984,357,314
Spain,Burgos Cathedral,Cultural,N,N,N,N,"<p>Our Lady of Burgos was begun in the 13th century at the same time as the great cathedrals of the Ile-de-France and was completed in the 15th and 16th centuries. The entire history of Gothic art is summed up in its superb architecture and its unique collection of works of art, including paintings, choir stalls, reredos, tombs and stained-glass windows.</p>",,1984,2070,316
Spain,"Monastery and Site of the Escurial, Madrid",Cultural,N,N,N,N,"<p>Built at the end of the 16th century on a plan in the form of a grill, the instrument of the martyrdom of St Lawrence, the Escurial Monastery stands in an exceptionally beautiful site in Castile. Its austere architecture, a break with previous styles, had a considerable influence on Spanish architecture for more than half a century. It was the retreat of a mystic king and became, in the last years of Philip II's reign, the centre of the greatest political power of the time.</p>",,1984,361,318
Spain,Works of Antoni GaudÌ ,Cultural,Y,Y,N,N,"<p>Seven properties built by the architect Antoni Gaud&iacute; (1852&ndash;1926) in or near Barcelona testify to Gaud&iacute;&rsquo;s exceptional creative contribution to the development of architecture and building technology in the late 19th and early 20th centuries. These monuments represent an eclectic, as well as a very personal, style which was given free reign in the design of gardens, sculpture and all decorative arts, as well as architecture. The seven buildings are: Parque G&uuml;ell; Palacio G&uuml;ell; Casa Mila; Casa Vicens; Gaud&iacute;&rsquo;s work on the Nativity fa&ccedil;ade and Crypt of La Sagrada Familia; Casa Batll&oacute;; Crypt in Colonia G&uuml;ell.</p>","<p><em>Criterion (i): </em> The work of Antoni Gaud&iacute; represents an exceptional and outstanding creative contribution to the development of architecture and building technology in the late 19th and early 20th centuries.</p>

<p><em>Criterion (ii): </em> Gaud&iacute;&rsquo;s work exhibits an important interchange of values closely associated with the cultural and artistic currents of his time, as represented in el Modernisme of Catalonia. It anticipated and influenced many of the forms and techniques that were relevant to the development of modern construction in the 20th century.</p>

<p><em>Criterion (iv): </em> Gaud&iacute;&rsquo;s work represents a series of outstanding examples of the building typology in the architecture of the early 20th century, residential as well as public, to the development of which he made a significant and creative contribution.</p>",1984,364,320
Spain,Santiago de Compostela (Old Town),Cultural,N,N,N,N,"<p>This famous pilgrimage site in north-west Spain became a symbol in the Spanish Christians' struggle against Islam. Destroyed by the Muslims at the end of the 10th century, it was completely rebuilt in the following century. With its Romanesque, Gothic and Baroque buildings, the Old Town of Santiago is one of the world's most beautiful urban areas. The oldest monuments are grouped around the tomb of St James and the cathedral, which contains the remarkable P&oacute;rtico de la Gloria.</p>",,1985,395,347
Spain,Old Town of ¡vila with its Extra-Muros Churches,Cultural,N,N,N,N,"<p>Founded in the 11th century to protect the Spanish territories from the Moors, this 'City of Saints and Stones', the birthplace of St Teresa and the burial place of the Grand Inquisitor Torquemada, has kept its medieval austerity. This purity of form can still be seen in the Gothic cathedral and the fortifications which, with their 82 semicircular towers and nine gates, are the most complete in Spain.</p>",,1985,1562,348
Spain,Mudejar Architecture of Aragon,Cultural,N,N,N,N,"<p>The development in the 12th century of Mudejar art in Aragon resulted from the particular political, social and cultural conditions that prevailed in Spain after the Reconquista. This art, influenced by Islamic tradition, also reflects various contemporary European styles, particularly the Gothic. Present until the early 17th century, it is characterized by an extremely refined and inventive use of brick and glazed tiles in architecture, especially in the belfries.</p>",,1986,2188,378
Spain,Historic City of Toledo,Cultural,N,N,N,N,"<p>Successively a Roman municipium, the capital of the Visigothic Kingdom, a fortress of the Emirate of Cordoba, an outpost of the Christian kingdoms fighting the Moors and, in the 16th century, the temporary seat of supreme power under Charles V, Toledo is the repository of more than 2,000 years of history. Its masterpieces are the product of heterogeneous civilizations in an environment where the existence of three major religions &ndash; Judaism, Christianity and Islam &ndash; was a major factor.</p>",,1986,435,379
Spain,Garajonay National Park,Natural,N,N,N,N,"<p>Laurel forest covers some 70% of this park, situated in the middle of the island of La Gomera in the Canary Islands archipelago. The presence of springs and numerous streams assures a lush vegetation resembling that of the Tertiary, which, due to climatic changes, has largely disappeared from southern Europe.</p>",,1986,436,380
Spain,Old City of Salamanca,Cultural,N,N,N,N,"<p>This ancient university town north-west of Madrid was first conquered by the Carthaginians in the 3rd century B.C. It then became a Roman settlement before being ruled by the Moors until the 11th century. The university, one of the oldest in Europe, reached its high point during Salamanca's golden age. The city's historic centre has important Romanesque, Gothic, Moorish, Renaissance and Baroque monuments. The Plaza Mayor, with its galleries and arcades, is particularly impressive.</p>",,1988,439,381
Spain,"Cathedral, Alc·zar and Archivo de Indias in Seville",Cultural,Y,Y,N,N,"<p>Together these three buildings form a remarkable monumental complex in the heart of Seville. The cathedral and the Alc&aacute;zar &ndash; dating from the Reconquest of 1248 to the 16th century and imbued with Moorish influences &ndash; are an exceptional testimony to the civilization of the Almohads as well as that of Christian Andalusia. The Giralda minaret is the masterpiece of Almohad architecture. It stands next to the cathedral with its five naves; the largest Gothic building in Europe, it houses the tomb of Christopher Columbus. The ancient Lonja, which became the Archivo de Indias, contains valuable documents from the archives of the colonies in the Americas.</p>",,1987,1747,383
Spain,Old Town of C·ceres,Cultural,N,N,N,N,"<p>The city's history of battles between Moors and Christians is reflected in its architecture, which is a blend of Roman, Islamic, Northern Gothic and Italian Renaissance styles. Of the 30 or so towers from the Muslim period, the Torre del Bujaco is the most famous.</p>",,1986,2189,384
Spain,"Ibiza, Biodiversity and Culture",Mixed,Y,Y,N,N,"<p>Ibiza provides an excellent example of the interaction between the marine and coastal ecosystems. The dense prairies of oceanic Posidonia (seagrass), an important endemic species found only in the Mediterranean basin, contain and support a diversity of marine life. Ibiza preserves considerable evidence of its long history. The archaeological sites at Sa Caleta (settlement) and Puig des Molins (necropolis) testify to the important role played by the island in the Mediterranean economy in protohistory, particularly during the Phoenician-Carthaginian period. The fortified Upper Town (Alta Vila) is an outstanding example of Renaissance military architecture; it had a profound influence on the development of fortifications in the Spanish settlements of the New World.</p>","<p><em>Criterion (ix):</em> The evolution of Ibiza's shoreline is one of the best examples of the influence of <em>Posidonia</em> on the interaction of coastal and marine ecosystems.</p>

<p><em>Criterion (x):</em> The well-preserved <em>Posidonia</em> , threatened in most Mediterranean locations, contains and supports a diversity of marine life.</p>

<p><em>Criterion (ii):</em> The intact 16th century fortifications of Ibiza bear unique witness to the military architecture and engineering and the aesthetics of the Renaissance. This Italian-Spanish model was very influential, especially in the construction and fortification of towns in the New World.</p>

<p><em>Criterion (iii):</em> The Phoenician ruins of Sa Caleta and the Phoenician-Punic cemetery of Puig des Molins are exceptional evidence of urbanization and social life in the Phoenician colonies of the western Mediterranean. They constitute a unique resource, in terms of volume and importance, of material from the Phoenician and Carthaginian tombs.</p>

<p><em>Criterion (iv):</em> The Upper Town of Ibiza is an excellent example of a fortified acropolis which preserves in an exceptional way in its walls and in its urban fabric successive imprints of the earliest Phoenicians settlements and the Arab and Catalan periods through to the Renaissance bastions. The long process of building the defensive walls has not destroyed the earlier phases or the street pattern, but has incorporated them in the ultimate phase.</p>",1999,481,417
Spain,Poblet Monastery,Cultural,N,N,N,N,"<p>This Cistercian abbey in Catalonia is one of the largest in Spain. At its centre is a 12th-century church. The austere, majestic monastery, which has a fortified royal residence and contains the pantheon of the kings of Catalonia and Aragon, is an impressive sight.</p>",,1991,605,518
Spain,Renaissance Monumental Ensembles of ⁄beda and Baeza,Cultural,N,N,N,N,"<p>The urban morphology of the two small cities of ⁄beda and Baeza in southern Spain dates back to the Moorish 9th century and to the Reconquista in the 13th century. An important development took place in the 16th century, when the cities were subject to renovation along the lines of the emerging Renaissance. This planning intervention was part of the introduction into Spain of new humanistic ideas from Italy, which went on to have a great influence on the architecture of Latin America.</p>","<p><em>Criterion (ii):</em> The 16th-century examples of architectural and urban design in ⁄beda and Baeza were instrumental in introducing the Renaissance ideas to Spain. Through the publications of AndrÈa Vandelvira, the principal project architect, these examples were also diffused to Latin America.</p>

<p><em>Criterion (iv):</em> The central areas of ⁄beda and Baeza constitute outstanding early examples of Renaissance civic architecture and urban planning in Spain in the early 16th century.</p>",2003,611,522
Spain,Archaeological Ensemble of MÈrida,Cultural,N,N,N,N,"<p>The colony of Augusta Emerita, which became present-day M&eacute;rida in Estremadura, was founded in 25 B.C. at the end of the Spanish Campaign and was the capital of Lusitania. The well-preserved remains of the old city include, in particular, a large bridge over the Guadiana, an amphitheatre, a theatre, a vast circus and an exceptional water-supply system. It is an excellent example of a provincial Roman capital during the empire and in the years afterwards.</p>",,1993,785,664
Spain,Royal Monastery of Santa MarÌa de Guadalupe,Cultural,N,N,N,N,<p>The monastery is an outstanding repository of four centuries of Spanish religious architecture. It symbolizes two significant events in world history that occurred in 1492: the Reconquest of the Iberian peninsula by the Catholic Kings and Christopher Columbus' arrival in the Americas. Its famous statue of the Virgin became a powerful symbol of the Christianization of much of the New World.</p>,,1993,786,665
Spain,Routes of Santiago de Compostela: <i>Camino FrancÈs</i> and Routes of Northern Spain ,Cultural,Y,Y,N,N,"<p>A network of four Christian pilgrimage routes in northern Spain, the site is an extension of the Route of Santiago de Compostela, a serial site inscribed on the World Heritage List in 1993. The extension represents a network of almost 1,500 km: coastal, interior of the Basque CountryñLa Rioja, LiÈbana and primitive routes. It includes a built heritage of historical importance created to meet the needs of pilgrims, including cathedrals, churches, hospitals, hostels and even bridges. The extension encompasses some of the earliest pilgrimage routes to Santiago de Compostela, following the discovery in the 9<sup>th</sup>century of a tomb believed to be that of St. James the Greater.</p>",,1993,2055,669
Spain,DoÒana National Park,Natural,N,N,N,N,"<p>DoÒana National Park in Andalusia occupies the right bank of the Guadalquivir river at its estuary on the Atlantic Ocean. It is notable for the great diversity of its biotopes, especially lagoons, marshlands, fixed and mobile dunes, scrub woodland and maquis. It is home to five threatened bird species. It is one of the largest heronries in the Mediterranean region and is the wintering site for more than 500,000 water fowl each year.</p>",,1994,810,685
Spain,Historic Walled Town of Cuenca,Cultural,N,N,N,N,"<p>Built by the Moors in a defensive position at the heart of the Caliphate of Cordoba, Cuenca is an unusually well-preserved medieval fortified city. Conquered by the Castilians in the 12th century, it became a royal town and bishopric endowed with important buildings, such as Spain's first Gothic cathedral, and the famous <em>casas colgadas</em> (hanging houses), suspended from sheer cliffs overlooking the Hu&eacute;car river. Taking full advantage of its location, the city towers above the magnificent countryside.</p>",<p>The Committee decided to inscribe the nominated property on the basis of cultural criteria (ii) and (v) considering that the site is of outstanding universal value as it is an exceptional example of the medieval fortress town that has preserved its original townscape remarkably intact along with many excellent examples of religious and secular architecture from the 12th to the 18th centuries. It is also exceptional because the walled town blends into and enhances the fine rural and natural landscape within which it is situated.</p>,1996,924,781
Spain,La Lonja de la Seda de Valencia,Cultural,N,N,N,N,"<p>Built between 1482 and 1533, this group of buildings was originally used for trading in silk (hence its name, the Silk Exchange) and it has always been a centre for commerce. It is a masterpiece of late Gothic architecture. The grandiose Sala de Contrataci&oacute;n (Contract or Trading Hall), in particular, illustrates the power and wealth of a major Mediterranean mercantile city in the 15th and 16th centuries.</p>","<p>The Committee decided to inscribe the nominated property on  the basis of cultural criteria (i) and (iv), considering that  the site is of outstanding universal value as it is a wholly  exceptional example of a secular building in late Gothic  style, which dramatically illustrates the power and wealth of  one of the great Mediterranean mercantile cities.</p>",1996,925,782
Spain,Las MÈdulas,Cultural,N,N,N,N,"<p>In the 1st century A.D. the Roman Imperial authorities began to exploit the gold deposits of this region in north-west Spain, using a technique based on hydraulic power. After two centuries of working the deposits, the Romans withdrew, leaving a devastated landscape. Since there was no subsequent industrial activity, the dramatic traces of this remarkable ancient technology are visible everywhere as sheer faces in the mountainsides and the vast areas of tailings, now used for agriculture.</p>","<p>The Committee decided to inscribe this property on the basis of criteria (i), (ii), (iii) and (iv), considering that the Las M&eacute;dulas gold-mining area is an outstanding example of innovative Roman technology, in which all the elements of the ancient landscape, both industrial and domestic, have survived to an exceptional degree.</p>",1997,949,803
Spain,"Palau de la M˙sica Catalana and Hospital de Sant Pau, Barcelona",Cultural,N,N,N,N,"<p>These are two of the finest contributions to Barcelona's architecture by the Catalan art nouveau architect Llu&iacute;s Dom&egrave;nech i Montaner. The Palau de la M&uacute;sica Catalana is an exuberant steel-framed structure full of light and space, and decorated by many of the leading designers of the day. The Hospital de Sant Pau is equally bold in its design and decoration, while at the same time perfectly adapted to the needs of the sick.</p>","<p>The Committee decided to inscribe these two properties on the basis of criteria (i), (ii) and (iv), considering that the Palau de la M&uacute;sica Catalana and the Hospital de Sant Pau in Barcelona are masterpieces of the imaginative and exuberant Art Nouveau that flowered in early 20th century Barcelona.</p>",1997,1631,804
Spain,San Mill·n Yuso and Suso Monasteries,Cultural,N,N,N,N,"<p>The monastic community founded by St Mill&aacute;n in the mid-6th century became a place of pilgrimage. A fine Romanesque church built in honour of the holy man still stands at the site of Suso. It was here that the first literature was produced in Castilian, from which one of the most widely spoken languages in the world today is derived. In the early 16th century the community was housed in the fine new monastery of Yuso, below the older complex; it is still a thriving community today.</p>","<p>The Committee decided to inscribe this property on the basis of criteria (ii), (iv) and (vi), considering that the Monasteries of Suso and Yuso at San Mill&aacute;n de la Cogolla are exceptional testimony to the introduction and continuous survival of Christian monasticism, from the 6th century to the present day. The property is also of outstanding associative significance as the birthplace of the modern written and spoken Spanish language.</p>",1997,951,805
Spain,Rock Art of the Mediterranean Basin on the Iberian Peninsula,Cultural,N,N,N,N,<p>The late prehistoric rock-art sites of the Mediterranean seaboard of the Iberian peninsula form an exceptionally large group. Here the way of life during a critical phase of human development is vividly and graphically depicted in paintings whose style and subject matter are unique.</p>,"<p><em>Criterion (iii):</em> The corpus of late prehistoric mural paintings in the Mediterranean basin of eastern Spain is the largest group of rock-art sites anywhere in Europe, and provides an exceptional picture of human life in a seminal period of human cultural evolution.</p>",1998,1026,874
Spain,Archaeological Ensemble of T·rraco,Cultural,N,N,N,N,"<p>T·rraco (modern-day Tarragona) was a major administrative and mercantile city in Roman Spain and the centre of the Imperial cult for all the Iberian provinces. It was endowed with many fine buildings, and parts of these have been revealed in a series of exceptional excavations. Although most of the remains are fragmentary, many preserved beneath more recent buildings, they present a vivid picture of the grandeur of this Roman provincial capital.</p>","<p><em>Criterion (ii):</em> The Roman remains of T·rraco are of exceptional importance in the development of Roman urban planning and design and served as the model for provincial capitals elsewhere in the Roman world.</p>

<p><em>Criterion (iii):</em> T·rraco provides eloquent and unparalleled testimony to a significant stage in the history of the Mediterranean lands in antiquity.</p>",2000,1027,875
Spain,University and Historic Precinct of Alcal· de Henares,Cultural,N,N,N,N,"<p>Founded by Cardinal JimÈnez de Cisneros in the early 16th century, Alcal· de Henares was the world's first planned university city. It was the original model for the Civitas Dei (City of God), the ideal urban community which Spanish missionaries brought to the Americas. It also served as a model for universities in Europe and elsewhere.</p>","<p><em>Criterion (ii):</em> Alcal· de Henares was the first city to be designed and built solely as the seat of a university, and was to serve as the model for other centres of learning in Europe and the Americas.</p>

<p><em>Criterion (iv):</em> The concept of the ideal city, the City of God (Civitas Dei), was first given material expression in Alcal· de Henares, from where it was widely diffused throughout the world.</p>

<p><em>Criterion (vi):</em> The contribution of Alcal· de Henares to the intellectual development of humankind finds expression in its materialization of the Civitas Dei, in the advances in linguistics that took place there, not least in the definition of the Spanish language, and through the work of its great son, Miguel de Cervantes Saavedra and his masterpiece, Don Quixote.</p>",1998,1028,876
Spain,San CristÛbal de La Laguna,Cultural,N,N,N,N,"<p>San Crist&oacute;bal de La Laguna, in the Canary Islands, has two nuclei: the original, unplanned Upper Town; and the Lower Town, the first ideal 'city-territory' laid out according to philosophical principles. Its wide streets and open spaces have a number of fine churches and public and private buildings dating from the 16th to the 18th century.</p>","<p><em>Criteria (ii) and (iv):</em> San Crist&oacute;bal de la Laguna was the first non-fortified Spanish colonial town, and its layout provided the model for many colonial towns in the Americas.</p>",1999,1084,929
Spain,Palmeral of Elche,Cultural,N,N,N,N,"<p>The Palmeral of Elche, a landscape of groves of date palms, was formally laid out, with elaborate irrigation systems, at the time the Muslim city of Elche was erected, towards the end of the tenth century A.C., when much of the Iberian peninsula was Arab. The Palmeral is an oasis, a system for agrarian production in arid areas. It is also a unique example of Arab agricultural practices on the European continent. Cultivation of date palms in Elche is known at least since the Iberian times, dating around the fifth century B.C.</p>","<p><em>Criterion (ii):</em> The Palmeral (palm groves) of Elche represent a remarkable example of the transference of a characteristic landscape from one culture and continent to another, in this case from North Africa to Europe.</p>
<p><em>Criterion (v):</em> The palm grove or garden is a typical feature of the North African landscape which was brought to Europe during the Islamic occupation of much of the Iberian peninsula and has survived to the present day. The ancient irrigation system, which is still functioning, is of special interest.</p>",2000,1085,930
Spain,Roman Walls of Lugo,Cultural,N,N,N,N,<p>The walls of Lugo were built in the later part of the 3rd century to defend the Roman town of Lucus. The entire circuit survives intact and is the finest example of late Roman fortifications in western Europe.</p>,<p><em>Criterion (iv):</em> The Roman walls of Lugo are the finest surviving example of late Roman military fortifications.</p>,2000,1151,987
Spain,Catalan Romanesque Churches of the Vall de BoÌ,Cultural,N,N,N,N,"<p>The narrow Vall de BoÌ is situated in the high PyrÈnÈes, in the Alta RibagorÁa region and is surrounded by steep mountains. Each village in the valley contains a Romanesque church, and is surrounded by a pattern of enclosed fields. There are extensive seasonally-used grazing lands on the higher slopes.</p>","<p><em>Criterion (ii):</em> The significant developments in Romanesque art and architecture in the churches of the Vall de BoÌ testify to profound cultural interchange across medieval Europe, and in particular across the mountain barrier of the Pyrenees.</p>

<p><em>Criterion (iv):</em> The Churches of the Vall de BoÌ are an especially pure and consistent example of Romanesque art in a virtually untouched rural setting.</p>",2000,1152,988
Spain,Archaeological Site of Atapuerca,Cultural,N,N,N,N,"<p>The caves of the Sierra de Atapuerca contain a rich fossil record of the earliest human beings in Europe, from nearly one million years ago and extending up to the Common Era. They represent an exceptional reserve of data, the scientific study of which provides priceless information about the appearance and the way of life of these remote human ancestors.</p>","<p><em>Criterion (iii):</em> The earliest and most abundant evidence of humankind in Europe is to be found in the caves of the Sierra de Atapuerca.</p>

<p><em>Criterion (v):</em> The fossil remains in the Sierra de Atapuerca constitute an exceptional reserve of information about the physical nature and the way of life of the earliest human communities in Europe.</p>",2000,1153,989
Spain,Aranjuez Cultural Landscape,Cultural,N,N,N,N,"<p>The Aranjuez cultural landscape is an entity of complex relationships: between nature and human activity, between sinuous watercourses and geometric landscape design, between the rural and the urban, between forest landscape and the delicately modulated architecture of its palatial buildings. Three hundred years of royal attention to the development and care of this landscape have seen it express an evolution of concepts from humanism and political centralization, to characteristics such as those found in its 18th century French-style Baroque garden, to the urban lifestyle which developed alongside the sciences of plant acclimatization and stock-breeding during the Age of Enlightenment.</p>","<p><em>Criterion ii</em> : Aranjuez represents the coming together of diverse cultural influences to create a cultural landscape that had a formative influence on further developments in this field.</p>

<p><em>Criterion iv</em> : The complex designed cultural landscape of Aranjuez, derived from a variety of sources, mark a seminal stage in the development of landscape design.</p>",2001,1218,1044
Spain,Vizcaya Bridge,Cultural,Y,Y,N,N,"<p>Vizcaya Bridge straddles the mouth of the Ibaizabal estuary, west of Bilbao. It was designed by the Basque architect Alberto de Palacio and completed in 1893. The 45-m-high bridge with its span of 160 m, merges 19th-century ironworking traditions with the then new lightweight technology of twisted steel ropes. It was the first bridge in the world to carry people and traffic on a high suspended gondola and was used as a model for many similar bridges in Europe, Africa and the America only a few of which survive. With its innovative use of lightweight twisted steel cables, it is regarded as one of the outstanding architectural iron constructions of the Industrial Revolution.</p>",,2006,1394,1217
Spain,Teide National Park,Natural,N,Y,N,N,"<p>Situated on the island of Tenerife, Teide National Park features the Teide-Pico Viejo stratovolcano that, at 3,718 m, is the highest peak on Spanish soil. Rising 7,500 m above the ocean floor, it is regarded as the world&rsquo;s third-tallest volcanic structure and stands in a spectacular environment. The visual impact of the site is all the greater due to atmospheric conditions that create constantly changing textures and tones in the landscape and a &lsquo;sea of clouds&rsquo; that forms a visually impressive backdrop to the mountain. Teide is of global importance in providing evidence of the geological processes that underpin the evolution of oceanic islands.</p>",,2007,1435,1258
Spain,Tower of Hercules,Cultural,N,N,N,N,"<p>The Tower of Hercules has served as a lighthouse and landmark at the entrance of La Coru&ntilde;a harbour in north-western Spain since the late 1st century A.D. when the Romans built the Farum Brigantium. The Tower, built on a 57 metre high rock, rises a further 55 metres, of which 34 metres correspond to the Roman masonry and 21 meters to the restoration directed by architect Eustaquio Giannini in the 18<sup>th</sup> century, who augmented the Roman core with two octagonal forms. Immediately adjacent to the base of the Tower, is a small rectangular Roman building. The site also features a sculpture park, the Monte dos Bicos rock carvings from the Iron Age and a Muslim cemetery. The Roman foundations of the building were revealed in excavations conducted in the 1990s. Many legends from the Middle Ages to the 19th century surround the Tower of Hercules, which is unique as it is the only lighthouse of Greco-Roman antiquity to have retained a measure of structural integrity and functional continuity.</p>",,2009,1616,1312
Spain,Cultural Landscape of the Serra de Tramuntana,Cultural,N,N,N,N,<p>The Cultural Landscape of the Serra de Tramuntana located on a sheer-sided mountain range parallel to the north-western coast of the island of Mallorca. Millennia of agriculture in an environment with scarce resources has transformed the terrain and displays an articulated network of devices for the management of water revolving around farming units of feudal origins. The landscape is marked by agricultural terraces and inter-connected water works - including water mills - as well as dry stone constructions and farms.</p>,,2011,1781,1371
Spain,Antequera Dolmens Site,Cultural,N,N,N,N,"<p>Located at the heart of Andalusia in southern Spain, the site comprises three megalithic monuments: the Menga and Viera dolmens and the <i>Tholos</i> of El Romeral, and two natural monuments: La†PeÒa de los Enamorados and El Torcal mountainous formations, which are landmarks within the property. Built during the Neolithic and Bronze Age out of large stone blocks, these monuments form chambers with lintelled roofs or false cupolas. These three tombs, buried beneath their original earth tumuli, are one of the most remarkable architectural works of European prehistory and one of the most important examples of European Megalithism.</p>",,2016,2088,1501
Sri Lanka,Sacred City of Anuradhapura,Cultural,N,N,N,N,"<p>This sacred city was established around a cutting from the 'tree of enlightenment', the Buddha's fig tree, brought there in the 3rd century B.C. by Sanghamitta, the founder of an order of Buddhist nuns. Anuradhapura, a Ceylonese political and religious capital that flourished for 1,300 years, was abandoned after an invasion in 993. Hidden away in dense jungle for many years, the splendid site, with its palaces, monasteries and monuments, is now accessible once again.</p>",,1982,221,200
Sri Lanka,Ancient City of Polonnaruwa,Cultural,Y,Y,N,N,"<p>Polonnaruwa was the second capital of Sri Lanka after the destruction of Anuradhapura in 993. It comprises, besides the Brahmanic monuments built by the Cholas, the monumental ruins of the fabulous garden-city created by Parakramabahu I in the 12th century.</p>",,1982,222,201
Sri Lanka,Ancient City of Sigiriya,Cultural,Y,Y,N,N,"<p>The ruins of the capital built by the parricidal King Kassapa I (477&ndash;95) lie on the steep slopes and at the summit of a granite peak standing some 180m high (the 'Lion's Rock', which dominates the jungle from all sides). A series of galleries and staircases emerging from the mouth of a gigantic lion constructed of bricks and plaster provide access to the site.</p>",,1982,223,202
Sri Lanka,Sinharaja Forest Reserve,Natural,Y,Y,N,N,"<p>Located in south-west Sri Lanka, Sinharaja is the country's last viable area of primary tropical rainforest. More than 60% of the trees are endemic and many of them are considered rare. There is much endemic wildlife, especially birds, but the reserve is also home to over 50% of Sri Lanka's endemic species of mammals and butterflies, as well as many kinds of insects, reptiles and rare amphibians.</p>",,1988,468,405
Sri Lanka,Sacred City of Kandy,Cultural,Y,Y,N,N,"<p>This sacred Buddhist site, popularly known as the city of Senkadagalapura, was the last capital of the Sinhala kings whose patronage enabled the Dinahala culture to flourish for more than 2,500 years until the occupation of Sri Lanka by the British in 1815. It is also the site of the Temple of the Tooth Relic (the sacred tooth of the Buddha), which is a famous pilgrimage site.</p>",,1988,522,450
Sri Lanka,Old Town of Galle and its Fortifications,Cultural,Y,Y,N,N,"<p>Founded in the 16th century by the Portuguese, Galle reached the height of its development in the 18th century, before the arrival of the British. It is the best example of a fortified city built by Europeans in South and South-East Asia, showing the interaction between European architectural styles and South Asian traditions.</p>",,1988,523,451
Sri Lanka,Golden Temple of Dambulla,Cultural,Y,Y,N,N,"<p>A sacred pilgrimage site for 22 centuries, this cave monastery, with its five sanctuaries, is the largest, best-preserved cave-temple complex in Sri Lanka. The Buddhist mural paintings (covering an area of 2,100 m<sup>2</sup> ) are of particular importance, as are the 157 statues.</p>",,1991,663,561
Sri Lanka,Central Highlands of Sri Lanka,Natural,Y,Y,N,N,"<p>Sri Lanka's highlands are situated in the south-central part of the island. The property comprises the Peak Wilderness Protected Area, the Horton Plains National Park and the Knuckles Conservation Forest. These montane forests, where the land rises to 2,500 metres above sea-level, are home to an extraordinary range of flora and fauna, including several endangered species such as the western-purple-faced langur, the Horton Plains slender loris and the Sri Lankan leopard. The region is considered a super biodiversity hotspot.</p>",,2010,1650,1203
Sudan,Sanganeb Marine National Park and Dungonab Bay ñ Mukkawar Island Marine National Park,Natural,N,N,N,N,"<p>The property consists of two separate areas: Sanganeb is an isolated, coral reef structure in the central Red Sea and the only atoll, 25 km off the shoreline of Sudan. The second component of the property is made up of Dungonab Bay and Mukkawar Island, situated 125 km north of Port Sudan. It includes a highly diverse system of coral reefs, mangroves, seagrass beds, beaches and islets. The site provides a habitat for populations of seabirds, marine mammals, fish, sharks, turtles and manta rays. Dungonab Bay also has a globally significant population of dugongs.†</p>",,2016,2177,262
Sudan,Gebel Barkal and the Sites of the Napatan Region,Cultural,N,N,N,N,"<p>These five archaeological sites, stretching over more than 60&nbsp;km in the Nile valley, are testimony to the Napatan (900 to 270&nbsp;BC) and Meroitic (270&nbsp;BC to 350&nbsp;AD) cultures, of the second kingdom of Kush. Tombs, with and without pyramids, temples, living complexes and palaces, are to be found on the site. Since Antiquity, the hill of Gebel Barkal has been strongly associated with religious traditions and folklore. The largest temples are still considered by the local people as sacred places.</p>","<p>Criteria i, ii, iii and iv: The pyramids and tombs, being also part of the special desert border landscape, on the banks of the Nile, are unique in their typology and technique. The remains are the testimony to an ancient important culture which existed and flourished in this region only. Criterion (vi): Since antiquity the hill of Gebel Barkal has been strongly associated with religious traditions and local folklore. For this reason, the largest temples (Amon Temple for example) were built at the foot of the hill and are still considered by the local people as sacred places.</p>",2003,1250,1073
Sudan,Archaeological Sites of the Island of Meroe,Cultural,N,N,N,N,"<p>The Archaeological Sites of the Island of Meroe, a semi-desert landscape between the Nile and Atbara rivers, was the heartland of the Kingdom of Kush, a major power from the 8th century B.C. to the 4th century A.D. The property consists of the royal city of the Kushite kings at Meroe, near the River Nile, the nearby religious site of Naqa and Musawwarat es Sufra. It was the seat of the rulers who occupied Egypt for close to a century and features, among other vestiges, pyramids, temples and domestic buildings as well as major installations connected to water management. Their vast empire extended from the Mediterranean to the heart of Africa, and the property testifies to the exchange between the art, architectures, religions and languages of both regions.</p>",,2011,1760,1336
Suriname,Historic Inner City of Paramaribo,Cultural,N,N,N,N,<p>Paramaribo is a former Dutch colonial town from the 17th and 18th centuries planted on the northern coast of tropical South America. The original and highly characteristic street plan of the historic centre remains intact. Its buildings illustrate the gradual fusion of Dutch architectural influence with traditional local techniques and materials.</p>,"<p>Criterion ii Paramaribo is an exceptional example of the gradual fusion of European architecture and construction techniques with indigenous South America materials and crafts to create a new architectural idiom.</p>

<p>Criterion iv Paramaribo is a unique example of the contact between the European culture of the Netherlands and the indigenous cultures and environment of South America in the years of intensive colonization of this region in the 16th and 17th centuries.</p>",2002,1096,940
Suriname,Central Suriname Nature Reserve,Natural,N,N,N,N,"<p>The Central Suriname Nature Reserve comprises 1.6 million ha of primary tropical forest of west-central Suriname. It protects the upper watershed of the Coppename River and the headwaters of the Lucie, Oost, Zuid, Saramaccz, and Gran Rio rivers and covers a range of topography and ecosystems of notable conservation value due to its pristine state. Its montane and lowland forests contain a high diversity of plant life with more than 5,000 vascular plant species collected to date. The Reserve's animals are typical of the region and include the jaguar, giant armadillo, giant river otter, tapir, sloths, eight species of primates and 400 bird species such as harpy eagle, Guiana cock-of-the-rock, and scarlet macaw.</p>","<p><em>Criteria (ix) and (x):</em> The site encompasses significant vertical relief, topography and soil conditions that have resulted in a variety of ecosystems. This ecosystem variation allows organisms within these ecosystems to move in response to disturbance, adapt to change and maintain gene flow between populations. The site&rsquo;s size, undisturbed state (in general a rare condition in Amazonian forest parks) and protection of the entire Coppename watershed, will allow long-term functioning of the ecosystem. The site contains a high diversity of plant and animal species, many of which are endemic to the Guyana Shield and are globally threatened.</p>",2000,1187,1017
Sweden,Birka and HovgÂrden,Cultural,N,N,N,N,"<p>The Birka archaeological site is located on Bjˆrkˆ Island in Lake M‰lar and was occupied in the 9th and 10th centuries. HovgÂrden is situated on the neighbouring island of Adelsˆ. Together, they make up an archaeological complex which illustrates the elaborate trading networks of Viking-Age Europe and their influence on the subsequent history of Scandinavia. Birka was also important as the site of the first Christian congregation in Sweden, founded in 831 by St Ansgar.</p>",,1993,653,555
Sweden,Engelsberg Ironworks,Cultural,N,N,N,N,<p>Sweden's production of superior grades of iron made it a leader in this field in the 17th and 18th centuries. This site is the best-preserved and most complete example of this type of Swedish ironworks.</p>,,1993,655,556
Sweden,Rock Carvings in Tanum,Cultural,N,N,N,N,"<p>The rock carvings in Tanum, in the north of Bohusl&auml;n, are a unique artistic achievement not only for their rich and varied motifs (depictions of humans and animals, weapons, boats and other subjects) but also for their cultural and chronological unity. They reveal the life and beliefs of people in Europe during the Bronze Age and are remarkable for their large numbers and outstanding quality.</p>",,1994,657,557
Sweden,SkogskyrkogÂrden,Cultural,N,N,N,N,"<p>This Stockholm cemetery was created between 1917 and 1920 by two young architects, Asplund and Lewerentz, on the site of former gravel pits overgrown with pine trees. The design blends vegetation and architectural elements, taking advantage of irregularities in the site to create a landscape that is finely adapted to its function. It has had a profound influence in many countries of the world.</p>",,1994,659,558
Sweden,Royal Domain of Drottningholm,Cultural,N,N,N,N,"<p>The Royal Domain of Drottningholm stands on an island in Lake M‰lar in a suburb of Stockholm. With its castle, perfectly preserved theatre (built in 1766), Chinese pavilion and gardens, it is the finest example of an 18th-century north European royal residence inspired by the Palace of Versailles.</p>",,1991,660,559
Sweden,Hanseatic Town of Visby,Cultural,N,N,N,N,"<p>A former Viking site on the island of Gotland, Visby was the main centre of the Hanseatic League in the Baltic from the 12th to the 14th century. Its 13th-century ramparts and more than 200 warehouses and wealthy merchants' dwellings from the same period make it the best-preserved fortified commercial city in northern Europe.</p>",,1995,864,731
Sweden,"Church Town of Gammelstad, LuleÂ ",Cultural,N,N,N,N,"<p>Gammelstad, at the head of the Gulf of Bothnia, is the best-preserved example of a 'church village', a unique kind of village formerly found throughout northern Scandinavia. The 424 wooden houses, huddled round the early 15th-century stone church, were used only on Sundays and at religious festivals to house worshippers from the surrounding countryside who could not return home the same day because of the distance and difficult travelling conditions.</p>","<p>The Committee decided to inscribe the nominated property on the basis of cultural <em>criteria (ii), (iv) and (v)</em>, considering that the site is of outstanding universal value as it is a remarkable example of the traditional church town of northern Scandanavia, and admirably illustrates the adaptation of conventional urban design to the special geographical and climatic conditions of a hostile natural environment.</p>",1996,898,762
Sweden,Laponian Area,Mixed,N,N,N,N,"<p>The Arctic Circle region of northern Sweden is the home of the Saami, or Lapp people. It is the largest area in the world (and one of the last) with an ancestral way of life based on the seasonal movement of livestock. Every summer, the Saami lead their huge herds of reindeer towards the mountains through a natural landscape hitherto preserved, but now threatened by the advent of motor vehicles. Historical and ongoing geological processes can be seen in the glacial moraines and changing water courses.</p>","<p>The Committee decided to inscribe the nominated property on the basis of <em>natural criteria (vii), (viii) and (ix)</em> and <em>cultural criteria (iii) and (v)</em>. The Committee considered that the site is of outstanding universal value as it contains examples of ongoing geological, biological and ecological processes, a great variety of natural phenomena of exceptional beauty and significant biological diversity including a population of brown bear and alpine flora. It was noted that the site meets all conditions of integrity. The site has been occupied continuously by the Saami people since prehistoric times, is one of the last and unquestionably largest and best preserved examples of an area of transhumance, involving summer grazing by large reindeer herds, a practice that was widespread at one time and which dates back to an early stage in human economic and social development.</p>",1996,916,774
Sweden,Naval Port of Karlskrona,Cultural,N,N,N,N,"<p>Karlskrona is an outstanding example of a late-17th-century European planned naval city. The original plan and many of the buildings have survived intact, along with installations that illustrate its subsequent development up to the present day.</p>","<p><em>Criterion (ii):</em> Karlskrona is an exceptionally well preserved example of a European planned naval town, which incorporates elements derived from earlier establishments in other countries and which was in its turn to serve as the model for subsequent towns with similar functions.</p>

<p><em>Criterion (iv):</em> Naval bases played an important role in the centuries during which naval power was a determining factor in European Realpolitik, and Karlskrona is the best preserved and most complete of those that survive.</p>",1998,1022,871
Sweden,Agricultural Landscape of Southern ÷land,Cultural,N,N,N,N,"<p>The southern part of the island of ÷land in the Baltic Sea is dominated by a vast limestone plateau. Human beings have lived here for some five thousand years and adapted their way of life to the physical constraints of the island. As a consequence, the landscape is unique, with abundant evidence of continuous human settlement from prehistoric times to the present day.</p>","<p><em>Criterion (iv):</em>†The landscape of Southern ÷land takes its contemporary form from its long cultural history, adapting to the physical constraints of the geology and topography.</p>

<p><em>Criterion (v):</em> Sˆdra ÷land is an outstanding example of human settlement, making the optimum use of diverse landscape types on a single island.</p>",2000,1132,968
Sweden,Mining Area of the Great Copper Mountain in Falun,Cultural,N,N,N,N,"<p>The enormous mining excavation known as the Great Pit at Falun is the most striking feature of a landscape that illustrates the activity of copper production in this region since at least the 13th century. The 17th-century planned town of Falun with its many fine historic buildings, together with the industrial and domestic remains of a number of settlements spread over a wide area of the Dalarna region, provide a vivid picture of what was for centuries one of the world's most important mining areas.</p>","<p><em>Criterion (ii):</em> Copper mining at Falun was influenced by German technology, but this was to become the major producer of copper in the 17th century and exercised a profound influence on mining technology in all parts of the world for two centuries.</p>

<p><em>Criterion (iii):</em> The entire Falun landscape is dominated by the remains of copper mining and production, which began as early as the 9th century and came to an end in the closing years of the 20th century.</p>

<p><em>Criterion (v):</em> The successive stages in the economic and social evolution of the copper industry in the Falun region, from a form of ìcottage industryî to full industrial production, can be seen in the abundant industrial, urban, and domestic remains characteristic of this industry that still survive.</p>",2001,1200,1027
Sweden,"Grimeton Radio Station, Varberg",Cultural,N,N,N,N,"<p>The Varberg Radio Station at Grimeton in southern Sweden (built 1922ñ24) is an exceptionally well-preserved monument to early wireless transatlantic communication. It consists of the transmitter equipment, including the aerial system of six 127-m high steel towers. Although no longer in regular use, the equipment has been maintained in operating condition. The 109.9-ha site comprises buildings housing the original Alexanderson transmitter, including the towers with their antennae, short-wave transmitters with their antennae, and a residential area with staff housing. The architect Carl ≈kerblad designed the main buildings in the neoclassical style and the structural engineer Henrik Kre¸ger was responsible for the antenna towers, the tallest built structures in Sweden at that time. The site is an outstanding example of the development of telecommunications and is the only surviving example of a major transmitting station based on pre-electronic technology.</p>","<p><em>Criterion (ii):</em> The Varberg radio station at Grimeton is an outstanding monument representing the process of development of communication technology in the period following the First World War.</p>

<p><em>Criterion (iv):</em> The Varberg radio station is an exceptionally well preserved example of a type of telecommunication centre, representing the technological achievements by the early 1920s, as well as documenting the further development over some three decades.</p>",2004,1314,1134
Sweden,Decorated Farmhouses of H‰lsingland,Cultural,N,N,N,N,"<p>Seven timber houses are listed in this site located in the east of Sweden, representing the zenith of a regional timber building tradition that dates back to the Middle Ages. They reflect the prosperity of independent farmers who in the 19th century used their wealth to build substantial new homes with elaborately decorated ancillary houses or suites of rooms reserved for festivities. The paintings represent a fusion of folk art with the styles favoured by the landed gentry of the time, including Baroque and Rococo. Decorated by painters, including known and unknown itinerant artists, the listed properties represent the final flowering of a long cultural tradition.</p>","<p>The nominated property is considered to be of Outstanding Universal Value as a cultural property for the following reasons:</p>

<p>&middot;&nbsp;&nbsp;&nbsp;&nbsp;&nbsp;&nbsp;&nbsp;&nbsp; The selected decorative farmhouses of H&auml;lsingland represent an outstanding collection of some 1,000 well preserved farmhouses with around 400 decorative rooms still in situ.</p>

<p>&middot;&nbsp;&nbsp;&nbsp;&nbsp;&nbsp;&nbsp;&nbsp;&nbsp; The density of intact preserved decorated rooms is unparalleled within the entire Northern Taiga.</p>

<p>&middot;&nbsp;&nbsp;&nbsp;&nbsp;&nbsp;&nbsp;&nbsp;&nbsp; The seven selected farms, dating from 1800 to 1870 which constitute the peak of this cultural expression, are outstanding examples of how independent farmers within a small geographical area combined a highly developed building tradition with a rich folk art tradition in the form of decoratively painted interiors in rooms used for celebrations.</p>

<p>&middot;&nbsp;&nbsp;&nbsp;&nbsp;&nbsp;&nbsp;&nbsp;&nbsp; These decorated farms bear witness to a culture that has disappeared today but has been preserved in an exceptional way.</p>",2012,1814,1282
Switzerland,Old City of Berne,Cultural,N,N,N,N,"<p>Founded in the 12th century on a hill site surrounded by the Aare River, Berne developed over the centuries in line with a an exceptionally coherent planning concept. The buildings in the Old City, dating from a variety of periods, include 15th-century arcades and 16th-century fountains. Most of the medieval town was restored in the 18th century but it has retained its original character.</p>",,1983,297,267
Switzerland,Abbey of St Gall,Cultural,N,N,N,N,"<p>The Convent of St Gall, a perfect example of a great Carolingian monastery, was, from the 8th century to its secularization in 1805, one of the most important in Europe. Its library is one of the richest and oldest in the world and contains precious manuscripts such as the earliest-known architectural plan drawn on parchment. From 1755 to 1768, the conventual area was rebuilt in Baroque style. The cathedral and the library are the main features of this remarkable architectural complex, reflecting 12 centuries of continuous activity.</p>",,1983,298,268
Switzerland,Benedictine Convent of St John at M¸stair,Cultural,N,N,N,N,"<p>The Convent of M&uuml;stair, which stands in a valley in the Grisons, is a good example of Christian monastic renovation during the Carolingian period. It has Switzerland's greatest series of figurative murals, painted c. A.D. 800, along with Romanesque frescoes and stuccoes.</p>",,1983,299,269
Switzerland,"Three Castles, Defensive Wall and Ramparts of the Market-Town of Bellinzona",Cultural,N,N,N,N,"<p>The Bellinzona site consists of a group of fortifications grouped around the castle of Castelgrande, which stands on a rocky peak looking out over the entire Ticino valley. Running from the castle, a series of fortified walls protect the ancient town and block the passage through the valley. A second castle (Montebello) forms an integral part of the fortifications, while a third but separate castle (Sasso Corbaro) was built on an isolated rocky promontory south-east of the other fortifications.</p>",<p><em>Criterion (iv):</em>&nbsp;The fortified ensemble of Bellinzona is an outstanding example of a late medieval defensive structure guarding a key strategic Alpine pass.</p>,2000,1036,884
Switzerland,Swiss Alps Jungfrau-Aletsch,Natural,N,N,Y,Y,"<p>The extension of the natural World Heritage property of Jungfrau - Aletsch - Bietschhorn (first inscribed in 2001), expands the site to the east and west, bringing its surface area up to 82,400 ha., up from 53,900. The site provides an outstanding example of the formation of the High Alps, including the most glaciated part of the mountain range and the largest glacier in Eurasia. It features a wide diversity of ecosystems, including successional stages due particularly to the retreat of glaciers resulting from climate change. The site is of outstanding universal value both for its beauty and for the wealth of information it contains about the formation of mountains and glaciers, as well as ongoing climate change. It is also invaluable in terms of the ecological and biological processes it illustrates, notably through plan succession. Its impressive landscape has played an important role in European art, literature, mountaineering and alpine tourism.</p>",,2001,1211,1037
Switzerland,Swiss Tectonic Arena Sardona,Natural,N,N,N,N,"<p>The<strong> </strong>Swiss Tectonic Arena Sardona in the north-eastern part of the country covers a mountainous area of 32,850 ha which features seven peaks that rise above 3,000 m. The area displays an exceptional example of mountain building through continental collision and features <em>.</em>excellent geological sections through tectonic thrust, i.e. the process whereby older, deeper rocks are carried onto younger, shallower rocks. The site is distinguished by the clear three-dimensional exposure of the structures and processes that characterize this phenomenon and has been a key site for the geological sciences since the 18<sup>th</sup> century. The Glarus Alps are glaciated mountains rising dramatically above narrow river valleys and are the site of the largest post-glacial landslide in the Central Alpine region.</p>",,2008,1497,1179
Switzerland,"Lavaux, Vineyard Terraces",Cultural,N,N,N,N,"<p>The Lavaux Vineyard Terraces, stretching for about 30 km along the south-facing northern shores of Lake Geneva from the Chateau de Chillon to the eastern outskirts of Lausanne in the Vaud region, cover the lower slopes of the mountainside between the villages and the lake. Although there is some evidence that vines were grown in the area in Roman times, the present vine terraces can be traced back to the 11th century, when Benedictine and Cistercian monasteries controlled the area. It is an outstanding example of a centuries-long interaction between people and their environment, developed to optimize local resources so as to produce a highly valued wine that has always been important to the economy.</p>",,2007,1420,1243
Switzerland,"La Chaux-de-Fonds / Le Locle, Watchmaking Town Planning",Cultural,N,N,N,N,"<p>The site of La Chaux-de-Fonds / Le Locle watchmaking town-planning consists of two towns situated close to one another in a remote environment in the Swiss Jura mountains, on land ill-suited to farming. Their planning and buildings reflect watchmakers&rsquo; need of rational organization. Planned in the early 19th century, after extensive fires, the towns owed their existence to this single industry. Their layout along an open-ended scheme of parallel strips on which residential housing and workshops are intermingled reflects the needs of the local watchmaking culture that dates to the 17th century and is still alive today. The site presents outstanding examples of mono-industrial manufacturing-towns which are well preserved and still active. The urban planning of both towns has accommodated the transition from the artisanal production of a cottage industry to the more concentrated factory production of the late 19th and 20th centuries. The town of La Chaux-de-Fonds was described by Karl Marx as a &ldquo;huge factory-town&rdquo; in Das Kapital where he analyzed the division of labour in the watchmaking industry of the Jura.</p>",,2009,1582,1302
Syrian Arab Republic,Ancient City of Damascus,Cultural,N,N,N,N,"<p>Founded in the 3rd millennium B.C., Damascus is one of the oldest cities in the Middle East. In the Middle Ages, it was the centre of a flourishing craft industry, specializing in swords and lace. The city has some 125 monuments from different periods of its history &ndash; one of the most spectacular is the 8th-century Great Mosque of the Umayyads, built on the site of an Assyrian sanctuary.</p>",,1979,1862,20
Syrian Arab Republic,Ancient City of Aleppo,Cultural,N,N,N,N,"<p>Located at the crossroads of several trade routes from the 2nd millennium B.C., Aleppo was ruled successively by the Hittites, Assyrians, Arabs, Mongols, Mamelukes and Ottomans. The 13th-century citadel, 12th-century Great Mosque and various 17th-century madrasas, palaces, caravanserais and hammams all form part of the city's cohesive, unique urban fabric, now threatened by overpopulation.</p>",,1986,24,21
Syrian Arab Republic,Ancient City of Bosra,Cultural,N,N,N,N,"<p>Bosra, once the capital of the Roman province of Arabia, was an important stopover on the ancient caravan route to Mecca. A magnificent 2nd-century Roman theatre, early Christian ruins and several mosques are found within its great walls.</p>",,1980,2209,22
Syrian Arab Republic,Site of Palmyra,Cultural,N,N,N,N,"<p>An oasis in the Syrian desert, north-east of Damascus, Palmyra contains the monumental ruins of a great city that was one of the most important cultural centres of the ancient world. From the 1st to the 2nd century, the art and architecture of Palmyra, standing at the crossroads of several civilizations, married Graeco-Roman techniques with local traditions and Persian influences.</p>",,1980,2256,23
Syrian Arab Republic,Crac des Chevaliers and Qalíat Salah El-Din,Cultural,N,N,N,N,"<p>These two castles represent the most significant examples illustrating the exchange of influences and documenting the evolution of fortified architecture in the Near East during the time of the Crusades (11th - 13th centuries). The Crac des Chevaliers was built by the Hospitaller Order of Saint John of Jerusalem from 1142 to 1271. With further construction by the Mamluks in the late 13th century, it ranks among the best-preserved examples of the Crusader castles. The Qal&rsquo;at Salah El-Din (Fortress of Saladin), even though partly in ruins, represents an outstanding example of this type of fortification, both in terms of the quality of construction and the survival of historical stratigraphy. It retains features from its Byzantine beginnings in the 10th century, the Frankish transformations in the late 12th century and fortifications added by the Ayyubid dynasty (late 12th to mid-13th century).</p>",,2006,1406,1229
Syrian Arab Republic,Ancient Villages of Northern Syria,Cultural,N,N,N,N,"<p>Some 40 villages grouped in eight parks situated in north-western Syria provide remarkable testimony to rural life in late Antiquity and during the Byzantine period. Abandoned in the 8th to 10th centuries, the villages, which date from the 1st to 7th centuries, feature a remarkably well preserved landscape and the architectural remains of dwellings, pagan temples, churches, cisterns, bathhouses etc. The relict cultural landscape of the villages also constitutes an important illustration of the transition from the ancient pagan world of the Roman Empire to Byzantine Christianity. Vestiges illustrating hydraulic techniques, protective walls and Roman agricultural plot plans furthermore offer testimony to the inhabitants' mastery of agricultural production.</p>",,2011,1761,1348
Tajikistan,Proto-urban Site of Sarazm,Cultural,N,N,N,N,"<p>Sarazm, which means &ldquo;where the land begins&rdquo;, is an archaeological site bearing testimony to the development of human settlements in Central Asia, from the 4th millennium BCE to the end of the 3rd millennium BCE. The ruins demonstrate the early development of proto-urbanization in this region. This centre of settlement, one of the oldest in Central Asia, is situated between a mountainous region suitable for cattle rearing by nomadic pastoralists, and a large valley conducive to the development of agriculture and irrigation by the first settled populations in the region. Sarazm also demonstrates the existence of commercial and cultural exchanges and trade relations with peoples over an extensive geographical area, extending from the steppes of Central Asia and Turkmenistan, to the Iranian plateau, the Indus valley and as far as the Indian Ocean.</p>",,2010,1651,1141
Tajikistan,Tajik National Park (Mountains of the Pamirs),Natural,N,N,N,N,"<p>Tajikistan National Park&nbsp;covers more than 2.5 million hectares in the east of the country, at the centre of the so-called &ldquo;Pamir Knot&rdquo;, a meeting point of the highest mountain ranges on the Eurasian continent. It consists of high plateaux in the east and, to the west, rugged peaks, some of them over 7,000 meters high, and features extreme seasonal variations of temperature. The longest valley glacier outside the Polar region is located among the 1,085 glaciers inventoried in the site, which also numbers 170 rivers and more than 400 lakes. Rich flora species of both the south-western and central Asian floristic regions grow in the Park which shelters nationally rare and threatened birds and mammals (Marco Polo Argali sheep, Snow Leopards and Siberian Ibex and more). Subject to frequent strong earthquakes, the Park is sparsely inhabited, and virtually unaffected by agriculture and permanent human settlements. It offers a unique opportunity for the study of plate tectonics and subduction phenomena.</p>",,2013,1907,1252
Thailand,Historic Town of Sukhothai and Associated Historic Towns,Cultural,Y,Y,N,N,"<p>Sukhothai was the capital of the first Kingdom of Siam in the 13th and 14th centuries. It has a number of fine monuments, illustrating the beginnings of Thai architecture. The great civilization which evolved in the Kingdom of Sukhothai absorbed numerous influences and ancient local traditions; the rapid assimilation of all these elements forged what is known as the 'Sukhothai style'.</p>",,1991,679,574
Thailand,Ban Chiang Archaeological Site,Cultural,N,N,N,N,"<p>Ban Chiang is considered the most important prehistoric settlement so far discovered in South-East Asia. It marks an important stage in human cultural, social and technological evolution. The site presents the earliest evidence of farming in the region and of the manufacture and use of metals.</p>",,1992,680,575
Thailand,Historic City of Ayutthaya,Cultural,Y,Y,N,N,"<p>Founded c. 1350, Ayutthaya became the second Siamese capital after Sukhothai. It was destroyed by the Burmese in the 18th century. Its remains, characterized by the prang (reliquary towers) and gigantic monasteries, give an idea of its past splendour.</p>",,1991,681,576
Thailand,Dong Phayayen-Khao Yai Forest Complex,Natural,N,N,N,N,"<p>The Dong Phayayen-Khao Yai Forest Complex spans 230 km between Ta Phraya National Park on the Cambodian border in the east, and Khao Yai National Park in the west. The site is home to more than 800 species of fauna, including 112 mammal species (among them two species of gibbon), 392 bird species and 200 reptile and amphibian species. It is internationally important for the conservation of globally threatened and endangered mammal, bird and reptile species, among them 19 that are vulnerable, four that are endangered, and one that is critically endangered. The area contains substantial and important tropical forest ecosystems, which can provide a viable habitat for the long-term survival of these species.</p>","<p><em>Criterion (x): </em>The Dong Phayayen-Khao Yai Forest Complex (DPKY-FC) contains more than 800 fauna species, including 112 species of mammals, 392 species of birds and 200 reptiles and amphibians. It is internationally important for the conservation of globally threatened and endangered mammal, bird and reptile species that are recognised as being of outstanding universal value. This includes 1 critically endangered, 4 endangered and 19 vulnerable species. The area contains the last substantial area of globally important tropical forest ecosystems of the Thailandian Monsoon Forest biogeographic province in northeast Thailand, which in turn can provide a viable area for long-term survival of endangered, globally important species, including tiger, elephant, leopard cat and banteng. The unique overlap of the range of two species of gibbon, including the vulnerable Pileated Gibbon, further adds to the global value of the complex. In addition to the resident species the complex plays an important role for the conservation of migratory species, including the endangered Spot-billed Pelican and critically endangered Greater Adjutant.</p>",2005,698,590
Thailand,Thungyai-Huai Kha Khaeng Wildlife Sanctuaries,Natural,N,N,N,N,"<p>Stretching over more than 600,000 ha along the Myanmar border, the sanctuaries, which are relatively intact, contain examples of almost all the forest types of continental South-East Asia. They are home to a very diverse array of animals, including 77% of the large mammals (especially elephants and tigers), 50% of the large birds and 33% of the land vertebrates to be found in this region.</p>",,1991,699,591
the former Yugoslav Republic of Macedonia,Natural and Cultural Heritage of the Ohrid region,Mixed,Y,Y,Y,Y,"<p>Situated on the shores of Lake Ohrid, the town of Ohrid is one of the oldest human settlements in Europe. Built mainly between the 7th and 19th centuries, it has the oldest Slav monastery (St Pantelejmon) and more than 800 Byzantine-style icons dating from the 11th to the end of the 14th century. After those of the Tretiakov Gallery in Moscow, this is considered to be the most important collection of icons in the world</p>",,1979,1714,99
Togo,"Koutammakou, the Land of the Batammariba",Cultural,N,N,N,N,"<p>The Koutammakou landscape in north-eastern Togo, which extends into neighbouring Benin, is home to the Batammariba whose remarkable mud tower-houses (Takienta) have come to be seen as a symbol of Togo. In this landscape, nature is strongly associated with the rituals and beliefs of society. The 50,000-ha cultural landscape is remarkable due to the architecture of its tower-houses which are a reflection of social structure; its farmland and forest; and the associations between people and landscape. Many of the buildings are two storeys high and those with granaries feature an almost spherical form above a cylindrical base. Some of the buildings have flat roofs, others have conical thatched roofs. They are grouped in villages, which also include ceremonial spaces, springs, rocks and sites reserved for initiation ceremonies.</p>","<p>Criterion (v): The Koutammakou is an outstanding example of a system of traditional settlement that is still living and dynamic, and subject to traditional and sustainable systems and practices, and which reflects the singular culture of the Batammariba, particularly the Takienta tower houses.</p>
<p>Criterion (vi): The Koutammakou is an eloquent testimony to the strength of spiritual association between people and landscape, as manifested in the harmony between the Batammariba and their natural surroundings.</p>",2004,1321,1140
Tunisia,Ichkeul National Park,Natural,N,N,N,N,"<p>The Ichkeul lake and wetland are a major stopover point for hundreds of thousands of migrating birds, such as ducks, geese, storks and pink flamingoes, who come to feed and nest there. Ichkeul is the last remaining lake in a chain that once extended across North Africa.</p>",,1980,11,8
Tunisia,Medina of Tunis,Cultural,N,N,Y,Y,"<p>Under the Almohads and the Hafsids, from the 12th to the 16th century, Tunis was considered one of the greatest and wealthiest cities in the Islamic world. Some 700 monuments, including palaces, mosques, mausoleums, madrasas and fountains, testify to this remarkable past.</p>",,1979,1744,36
Tunisia,Archaeological Site of Carthage,Cultural,N,N,Y,Y,"<p>Carthage was founded in the 9th century B.C. on the Gulf of Tunis. From the 6th century onwards, it developed into a great trading empire covering much of the Mediterranean and was home to a brilliant civilization. In the course of the long Punic wars, Carthage occupied territories belonging to Rome, which finally destroyed its rival in 146 B.C. A second &ndash; Roman &ndash; Carthage was then established on the ruins of the first.</p>",,1979,41,37
Tunisia,Amphitheatre of El Jem,Cultural,N,N,Y,Y,"<p>The impressive ruins of the largest colosseum in North Africa, a huge amphitheatre which could hold up to 35,000 spectators, are found in the small village of El Jem. This 3rd-century monument illustrates the grandeur and extent of Imperial Rome.</p>",,1979,1741,38
Tunisia,Punic Town of Kerkuane and its Necropolis,Cultural,N,N,N,N,<p>This Phoenician city was probably abandoned during the First Punic War (c. 250 B.C.) and as a result was not rebuilt by the Romans. The remains constitute the only example of a Phoenicio-Punic city to have survived. The houses were built to a standard plan in accordance with a sophisticated notion of town planning.</p>,,1985,378,332
Tunisia,Medina of Sousse,Cultural,N,N,Y,Y,"<p>Sousse was an important commercial and military port during the Aghlabid period (800&ndash;909) and is a typical example of a town dating from the first centuries of Islam. With its kasbah, ramparts, medina (with the Great Mosque), Bu Ftata Mosque and typical ribat (both a fort and a religious building), Sousse was part of a coastal defence system.</p>",,1988,1743,498
Tunisia,Kairouan,Cultural,N,N,Y,Y,"<p>Founded in 670, Kairouan flourished under the Aghlabid dynasty in the 9th century. Despite the transfer of the political capital to Tunis in the 12th century, Kairouan remained the Maghreb's principal holy city. Its rich architectural heritage includes the Great Mosque, with its marble and porphyry columns, and the 9th-century Mosque of the Three Gates.</p>",,1988,1742,499
Tunisia,Dougga / Thugga,Cultural,N,N,Y,Y,"<p>Before the Roman annexation of Numidia, the town of Thugga, built on an elevated site overlooking a fertile plain, was the capital of an important Libyco-Punic state. It flourished under Roman and Byzantine rule, but declined in the Islamic period. The impressive ruins that are visible today give some idea of the resources of a small Roman town on the fringes of the empire.</p>","<p>The Committee decided to inscribe this property on the basis of criteria (ii) and (iii), considering that Dougga is the best preserved Roman small town in North Africa and as such provides an exceptional picture of everyday life in antiquity.</p>",1997,938,794
Turkey,Historic Areas of Istanbul,Cultural,Y,Y,Y,Y,"<p>With its strategic location on the Bosphorus peninsula between the Balkans and Anatolia, the Black Sea and the Mediterranean, Istanbul has been associated with major political, religious and artistic events for more than 2,000 years. Its masterpieces include the ancient Hippodrome of Constantine, the 6th-century Hagia Sophia and the 16th-century S¸leymaniye Mosque, all now under threat from population pressure, industrial pollution and uncontrolled urbanization.</p>",,1985,2255,356
Turkey,Gˆreme National Park and the Rock Sites of Cappadocia,Mixed,Y,Y,Y,Y,"<p>In a spectacular landscape, entirely sculpted by erosion, the G&ouml;reme valley and its surroundings contain rock-hewn sanctuaries that provide unique evidence of Byzantine art in the post-Iconoclastic period. Dwellings, troglodyte villages and underground towns &ndash; the remains of a traditional human habitat dating back to the 4th century &ndash; can also be seen there.</p>",,1985,410,357
Turkey,Great Mosque and Hospital of Divri?i,Cultural,N,N,N,N,"<p>This region of Anatolia was conquered by the Turks at the beginning of the 11th century. In 1228ñ29 Emir Ahmet Shah founded a mosque, with its adjoining hospital, at Divrigi. The mosque has a single prayer room and is crowned by two cupolas. The highly sophisticated technique of vault construction, and a creative, exuberant type of decorative sculpture ñ particularly on the three doorways, in contrast to the unadorned walls of the interior ñ are the unique features of this masterpiece of Islamic architecture.</p>",,1985,411,358
Turkey,Hattusha: the Hittite Capital,Cultural,N,N,N,N,"<p>The archaeological site of Hattusha, former capital of the Hittite Empire, is notable for its urban organization, the types of construction that have been preserved (temples, royal residences, fortifications), the rich ornamentation of the Lions' Gate and the Royal Gate, and the ensemble of rock art at Yazilikaya. The city enjoyed considerable influence in Anatolia and northern Syria in the 2nd millennium B.C.</p>",,1986,432,377
Turkey,Nemrut Da?,Cultural,N,N,N,N,"<p>The mausoleum of Antiochus I (69&ndash;34 B.C.), who reigned over Commagene, a kingdom founded north of Syria and the Euphrates after the breakup of Alexander's empire, is one of the most ambitious constructions of the Hellenistic period. The syncretism of its pantheon, and the lineage of its kings, which can be traced back through two sets of legends, Greek and Persian, is evidence of the dual origin of this kingdom's culture.</p>",,1987,520,448
Turkey,Xanthos-Letoon,Cultural,N,N,N,N,"<p>This site, which was the capital of Lycia, illustrates the blending of Lycian traditions and Hellenic influence, especially in its funerary art. The epigraphic inscriptions are crucial for our understanding of the history of the Lycian people and their Indo-European language.</p>",,1988,563,484
Turkey,Hierapolis-Pamukkale,Mixed,N,N,N,N,"<p>Deriving from springs in a cliff almost 200 m high overlooking the plain, calcite-laden waters have created at Pamukkale (Cotton Palace) an unreal landscape, made up of mineral forests, petrified waterfalls and a series of terraced basins. At the end of the 2nd century B.C. the dynasty of the Attalids, the kings of Pergamon, established the thermal spa of Hierapolis. The ruins of the baths, temples and other Greek monuments can be seen at the site.</p>",,1988,564,485
Turkey,City of Safranbolu,Cultural,N,N,N,N,"<p>From the 13th century to the advent of the railway in the early 20th century, Safranbolu was an important caravan station on the main EastñWest trade route. The Old Mosque, Old Bath and S¸leyman Pasha Medrese were built in 1322. During its apogee in the 17th century, Safranbolu's architecture influenced urban development throughout much of the Ottoman Empire.</p>",,1994,729,614
Turkey,Archaeological Site of Troy,Cultural,N,N,N,N,"<p>Troy, with its 4,000 years of history, is one of the most famous archaeological sites in the world. The first excavations at the site were undertaken by the famous archaeologist Heinrich Schliemann in 1870. In scientific terms, its extensive remains are the most significant demonstration of the first contact between the civilizations of Anatolia and the Mediterranean world. Moreover, the siege of Troy by Spartan and Achaean warriors from Greece in the 13th or 12th century B.C., immortalized by Homer in the Iliad, has inspired great creative artists throughout the world ever since.</p>","<p>The archaeological site of Troy is of immense significance in the understanding of the development of European civilization at a critical stage in its early development. It is, moreover, of exceptional cultural importance because of the profound influence of Homer&rsquo;s Iliad on the creative arts over more than two millennia.</p>",1998,1000,849
Turkey,Ephesus,Cultural,Y,Y,Y,N,"<p>Located within what was once the estuary of the River Kaystros, Ephesus comprises successive Hellenistic and Roman settlements founded on new locations, which followed the coastline as it retreated westward. Excavations have revealed grand monuments of the Roman Imperial period including the Library of Celsus and the Great Theatre. Little remains of the famous Temple of Artemis, one of the ìSeven Wonders of the World,î which drew pilgrims from all around the Mediterranean. Since the 5<sup>th</sup> century, the House of the Virgin Mary, a domed cruciform chapel seven kilometres from Ephesus, became a major place of Christian pilgrimage. The Ancient City of Ephesus is an outstanding example of a Roman port city, with sea channel and harbour basin.</p>",,2015,2014,1018
Turkey,Selimiye Mosque and its Social Complex,Cultural,N,N,N,N,"<p>The square Mosque with its single great dome and four slender minarets, dominates the skyline of the former Ottoman capital of Edirne. Sinan, the most famous of Ottoman architects in the 16th century, considered the complex, which includes madrasas (Islamic schools), a covered market, clock house, outer courtyard and library, to be his best work. The interior decoration using Iznik tiles from the peak period of their production testifies to an art form that remains unsurpassed in this material. The complex is considered to be the most harmonious expression ever achieved of the Ottoman k&uuml;lliye, a group of buildings constructed around a mosque and managed as a single institution.</p>",,2011,1784,1366
Turkey,Neolithic Site of «atalhˆy¸k,Cultural,N,N,N,N,"<p>Two hills form the 37&nbsp;ha site on the Southern Anatolian Plateau. The taller eastern mound contains eighteen levels of Neolithic occupation between 7400&nbsp;bc and 6200&nbsp;bc, including wall paintings, reliefs, sculptures and other symbolic and artistic features. Together they testify to the evolution of social organization and cultural practices as humans adapted to a sedentary life. The western mound shows the evolution of cultural practices in the Chalcolithic period, from 6200&nbsp;bc to 5200&nbsp;bc. &Ccedil;atalh&ouml;y&uuml;k provides important evidence of the transition from settled villages to urban agglomeration, which was maintained in the same location for over 2,000 years. It features a unique streetless settlement of houses clustered back to back with roof access into the buildings.</p>",,2012,1829,1405
Turkey,Bursa and Cumal?k?z?k: the Birth of the Ottoman Empire,Cultural,N,N,N,N,"<p>This property is a serial nomination of eight component sites in the City of Bursa and the nearby village of Cumal?k?z?k, in the southern Marmara region. The site illustrates the creation of an urban and rural system establishing the Ottoman Empire in the early 14th century. The property embodies the key functions of the social and economic organization of the new capital which evolved around a civic centre. These include commercial districts of khans, <em>kulliyes</em> (religious institutions) integrating mosques, religious schools, public baths and a kitchen for the poor, as well as the tomb of Orhan Ghazi, founder of the Ottoman dynasty. One component outside the historic centre of Bursa is the village of Cumal?k?z?k, the only rural village of this system to show the provision of hinterland support for the capital.</p>",,2014,1995,1452
Turkey,Pergamon and its Multi-Layered Cultural Landscape,Cultural,N,N,N,N,"<p>This site rises high above the BakirÁay Plain in Turkeyís Aegean region. The acropolis of Pergamon was the capital of the Hellenistic Attalid dynasty, a major centre of learning in the ancient world. Monumental temples, theatres, stoa or porticoes, gymnasium, altar and library were set into the sloping terrain surrounded by an extensive city wall. The rock-cut Kybele Sanctuary lies to the north-west on another hill visually linked to the acropolis. Later the city became capital of the Roman province of Asia known for its Asclepieion healing centre. The acropolis crowns a landscape containing burial mounds and remains of the Roman, Byzantine and Ottoman empires in and around the modern town of Bergama on the lower slopes.</p>",,2014,2001,1457
Turkey,Diyarbak?r Fortress and Hevsel Gardens Cultural Landscape,Cultural,N,N,N,N,"<p>Located on an escarpment of the Upper Tigris River Basin that is part of the so-called Fertile Crescent, the fortified city of Diyarbak?r and the landscape around has been an important centre since the Hellenistic period, through the Roman, Sassanid, Byzantine, Islamic and Ottoman times to the present. The site encompasses the Inner castle, known as ?Ákale and including the Amida Mound, and the 5.8 km-long city walls of Diyarbak?r with their numerous towers, gates, buttresses, and 63 inscriptions. The site also includes the Hevsel Gardens, a green link between the city and the Tigris that supplied the city with food and water, the Anzele water source and the Ten-Eyed Bridge.</p>",,2015,2049,1488
Turkey,Archaeological Site of Ani,Cultural,N,N,N,N,"<p>This site is located on a secluded plateau of northeast Turkey overlooking a ravine that forms a natural border with Armenia. This medieval city combines residential, religious and military structures, characteristic of a medieval urbanism built up over the centuries by Christian and then Muslim dynasties. The city flourished in the 10th and 11th centuries CE when it became the capital of the medieval Armenian kingdom of the Bagratides and profited from control of one branch of the Silk Road. Later, under Byzantine, Seljuk and Georgian sovereignty, it maintained its status as an important crossroads for merchant caravans. The Mongol invasion and a devastating earthquake in 1319 marked the beginning of the cityís decline. The site presents a comprehensive overview of the evolution of medieval architecture through examples of almost all the different architectural innovations of the region between the 7th and 13th centuries CE.</p>",,2016,2110,1518
Turkey,Aphrodisias,Cultural,N,N,N,N,"<p>Located in southwestern Turkey, in the upper valley of the Morsynus River, the site consists of two components: the archaeological site of Aphrodisias and the marble quarries northeast of the city. The temple of Aphrodite dates from the 3<sup>rd</sup><span>†</span>century BCE and the city was built one century later. The wealth of Aphrodisias came from the marble quarries and the art produced by its sculptors. The city streets are arranged around several large civic structures, which include temples, a theatre, an agora, and two bath complexes.</p>",,2017,2170,1519
Turkmenistan,State Historical and Cultural Park ìAncient Mervî,Cultural,N,N,N,N,"<p>Merv is the oldest and best-preserved of the oasis-cities along the Silk Route in Central Asia. The remains in this vast oasis span 4,000 years of human history. A number of monuments are still visible, particularly from the last two millennia.</p>","<p>Criterion (ii): The cities of the Merv oasis have exerted considerable influence over the cultures of Central Asia and Iran for four millennia. The Seljuk city in particular influenced architecture and architectural decoration and scientific and cultural development.</p>

<p>Criterion (iii): The sequence of the cities of the Merv oasis, their fortifications, and their urban lay-outs bear exceptional testimony to the civilizations of Central Asia over several millennia.</p>",1999,1038,886
Turkmenistan,Kunya-Urgench,Cultural,N,N,N,N,"<p>Kunya-Urgench is situated in north-western Turkmenistan, on the left bank of the Amu Daria River. Urgench was the capital of the Khorezm region, part of the Achaemenid Empire. The old town contains a series of monuments mainly from the 11th to 16th centuries, including a mosque, the gates of a caravanserai, fortresses, mausoleums and a 60-m high minaret. The monuments testify to outstanding achievements in architecture and craftsmanship whose influence reached Iran and Afghanistan, and later the architecture of the Mogul Empire of 16th-century India.</p>","<p><em>Criterion (ii): </em>The tradition of architecture expressed in the design and craftsmanship of Kunya-Urgench has been influential in the wider region to the south and southwest i.e. in Iran and Afghanistan, and later in the architecture of the Mogul Empire (India, 16th century).</p>

<p><em>Criterion (iii): </em>Kunya-Urgench provides an exceptional testimony to a cultural tradition (the Islamic culture of the Khorezm) and is unique in its state of preservation. The society that created this centre has disappeared; however we note that most of visitors are in fact pilgrims from the region.</p>",2005,1376,1199
Turkmenistan,Parthian Fortresses of Nisa,Cultural,N,N,N,N,"<p>The Parthian Fortresses of Nisa consist of two tells of Old and New Nisa, indicating the site of one of the earliest and most important cities of the Parthian Empire, a major power from the mid 3rd century BC to the 3rd century AD. They conserve the unexcavated remains of an ancient civilization which skilfully combined its own traditional cultural elements with those of the Hellenistic and Roman west. Archaeological excavations in two parts of the site have revealed richly decorated architecture, illustrative of domestic, state and religious functions. Situated at the crossroads of important commercial and strategic axes, this powerful empire formed a barrier to Roman expansion while serving as an important communication and trading centre between east and west, north and south.</p>",,2007,1471,1242
Uganda,Bwindi Impenetrable National Park,Natural,Y,Y,N,N,"<p>Located in south-western Uganda, at the junction of the plain and mountain forests, Bwindi Park covers 32,000 ha and is known for its exceptional biodiversity, with more than 160 species of trees and over 100 species of ferns. Many types of birds and butterflies can also be found there, as well as many endangered species, including the mountain gorilla.</p>",,1994,806,682
Uganda,Rwenzori Mountains National Park,Natural,Y,Y,N,N,"<p>The Rwenzori Mountains National Park covers nearly 100,000 ha in western Uganda and comprises the main part of the Rwenzori mountain chain, which includes Africa's third highest peak (Mount Margherita: 5,109 m). The region's glaciers, waterfalls and lakes make it one of Africa's most beautiful alpine areas. The park has many natural habitats of endangered species and a rich and unusual flora comprising, among other species, the giant heather.</p>",,1994,808,684
Uganda,Tombs of Buganda Kings at Kasubi,Cultural,N,N,N,N,"<p>The Tombs of Buganda Kings at Kasubi constitute a site embracing almost 30 ha of hillside within Kampala district. Most of the site is agricultural, farmed by traditional methods. At its core on the hilltop is the former palace of the Kabakas of Buganda, built in 1882 and converted into the royal burial ground in 1884. Four royal tombs now lie within the Muzibu Azaala Mpanga, the main building, which is circular and surmounted by a dome. It is a major example of an architectural achievement in organic materials, principally wood, thatch, reed, wattle and daub. The site's main significance lies, however, in its intangible values of belief, spirituality, continuity and identity.</p>","<p>Criterion i The Kasubi Tombs site is a masterpiece of human creativity both in its conception and its execution. Criterion iii The Kasubi Tombs site bears eloquent witness to the living cultural traditions of the Baganda. Criterion iv The spatial organization of the Kasubi Tombs site represents the best extant example of a Baganda palace/architectural ensemble. Built in the finest traditions of Ganda architecture and palace design, it reflects technical achievements developed over many centuries. Criterion vi The built and natural elements of the Kasubi Tombs site are charged with historical, traditional, and spiritual values. It is a major spiritual centre for the Baganda and is the most active religious place in the kingdom.</p>",2001,1192,1022
Ukraine,"Kiev: Saint-Sophia Cathedral and Related Monastic Buildings, Kiev-Pechersk Lavra",Cultural,N,N,Y,Y,"<p>Designed to rival Hagia Sophia in Constantinople, Kiev's Saint-Sophia Cathedral symbolizes the 'new Constantinople', capital of the Christian principality of Kiev, which was created in the 11th century in a region evangelized after the baptism of St Vladimir in 988. The spiritual and intellectual influence of Kiev-Pechersk Lavra contributed to the spread of Orthodox thought and the Orthodox faith in the Russian world from the 17th to the 19th century.</p>",,1990,617,527
Ukraine,L'viv ñ the Ensemble of the Historic Centre,Cultural,N,N,N,N,"<p>The city of L''viv, founded in the late Middle Ages, was a flourishing administrative, religious and commercial centre for several centuries. The medieval urban topography has been preserved virtually intact (in particular, there is evidence of the different ethnic communities who lived there), along with many fine Baroque and later buildings.</p>","<p><em>Criterion (ii):</em> In its urban fabric and its architecture, Líviv is an outstanding example of the fusion of the architectural and artistic traditions of eastern Europe with those of Italy and Germany.</p>

<p><em>Criterion (v):</em> The political and commercial role of Líviv attracted to it a number of ethnic groups with different cultural and religious traditions, who established separate yet interdependent communities within the city, evidence for which is still discernible in the modern townscape.</p>",1998,1632,865
Ukraine,Residence of Bukovinian and Dalmatian Metropolitans,Cultural,N,N,N,N,"<p>The Residence of Bukovinian and Dalmatian Metropolitans represents a masterful synergy of architectural styles built by Czech architect Josef Hlavka from 1864 to 1882. The property, an outstanding example of 19th-century historicist architecture, also includes a seminary and monastery and is dominated by the domed, cruciform Seminary Church with a garden and park. The complex expresses architectural and cultural influences from the Byzantine period onward and embodies the powerful presence of the Orthodox Church during Habsburg rule, reflecting the Austro-Hungarian Empire policy of religious tolerance.</p>",,2011,1785,1330
Ukraine,Ancient City of Tauric Chersonese and its Chora,Cultural,N,N,N,N,"<p>The site features the remains of a city founded by Dorian Greeks in the 5th century BC on the northern shores of the Black Sea. It encompasses six component sites with urban remains and agricultural lands divided into several hundreds of chora, rectangular plots of equal size. The plots supported vineyards whose production was exported by the city which thrived until the 15th century. The site features several public building complexes and residential neighbourhoods, as well as early Christian monuments alongside remains from Stone and Bronze Age settlements; Roman and medieval tower fortifications and water supply systems; and exceptionally well-preserved examples of vineyard planting and dividing walls. In the 3rd century AD, the site was known as the most productive wine centre of the Black Sea and remained a hub of exchange between the Greek, Roman and Byzantine Empires and populations north of the Black Sea. It is an outstanding example of democratic land organization linked to an ancient polis, reflecting the city&rsquo;s social organization.</p>

<div>&nbsp;</div>",,2013,1895,1411
United Arab Emirates,"Cultural Sites of Al Ain (Hafit, Hili, Bidaa Bint Saud and Oases Areas)",Cultural,N,N,N,N,"<p>The Cultural Sites of Al Ain (Hafit, Hili, Bidaa Bint Saud and Oases Areas) constitute a serial property that testifies to sedentary human occupation of a desert region since the Neolithic period with vestiges of many prehistoric cultures. Remarkable vestiges in the property include circular stone tombs (ca 2500 B.C.), wells and a wide range of adobe constructions: residential buildings, towers, palaces and administrative buildings. Hili moreover features one of the oldest examples of the sophisticated aflaj irrigation system which dates back to the Iron Age. The property provides important testimony to the transition of cultures in the region from hunting and gathering to sedentarization.</p>",,2011,1762,1343
United Kingdom of Great Britain and Northern Ireland,Giant's Causeway and Causeway Coast,Natural,Y,Y,Y,Y,"<p>The Giant's Causeway lies at the foot of the basalt cliffs along the sea coast on the edge of the Antrim plateau in Northern Ireland. It is made up of some 40,000 massive black basalt columns sticking out of the sea. The dramatic sight has inspired legends of giants striding over the sea to Scotland. Geological studies of these formations over the last 300 years have greatly contributed to the development of the earth sciences, and show that this striking landscape was caused by volcanic activity during the Tertiary, some 50ñ60 million years ago.</p>",,1986,2178,369
United Kingdom of Great Britain and Northern Ireland,Durham Castle and Cathedral,Cultural,N,N,N,N,"<p>Durham Cathedral was built in the late 11th and early 12th centuries to house the relics of St Cuthbert (evangelizer of Northumbria) and the Venerable Bede. It attests to the importance of the early Benedictine monastic community and is the largest and finest example of Norman architecture in England. The innovative audacity of its vaulting foreshadowed Gothic architecture. Behind the cathedral stands the castle, an ancient Norman fortress which was the residence of the prince-bishops of Durham.</p>",,1986,1634,370
United Kingdom of Great Britain and Northern Ireland,Ironbridge Gorge,Cultural,N,N,N,N,"<p>Ironbridge is known throughout the world as the symbol of the Industrial Revolution. It contains all the elements of progress that contributed to the rapid development of this industrial region in the 18th century, from the mines themselves to the railway lines. Nearby, the blast furnace of Coalbrookdale, built in 1708, is a reminder of the discovery of coke. The bridge at Ironbridge, the world's first bridge constructed of iron, had a considerable influence on developments in the fields of technology and architecture.</p>",,1986,425,371
United Kingdom of Great Britain and Northern Ireland,Studley Royal Park including the Ruins of Fountains Abbey,Cultural,N,N,N,N,"<p>A striking landscape was created around the ruins of the Cistercian Fountains Abbey and Fountains Hall Castle, in Yorkshire. The 18th-century landscaping, gardens and canal, the 19th-century plantations and vistas, and the neo-Gothic castle of Studley Royal Park, make this an outstanding site.</p>",,1986,1930,372
United Kingdom of Great Britain and Northern Ireland,"Stonehenge, Avebury and Associated Sites",Cultural,Y,Y,Y,Y,"<p>Stonehenge and Avebury, in Wiltshire, are among the most famous groups of megaliths in the world. The two sanctuaries consist of circles of menhirs arranged in a pattern whose astronomical significance is still being explored. These holy places and the nearby Neolithic sites are an incomparable testimony to prehistoric times.</p>",,1986,1633,373
United Kingdom of Great Britain and Northern Ireland,Castles and Town Walls of King Edward in Gwynedd,Cultural,Y,N,Y,Y,"<p>The castles of Beaumaris and Harlech (largely the work of the greatest military engineer of the time, James of St George) and the fortified complexes of Caernarfon and Conwy are located in the former principality of Gwynedd, in north Wales. These extremely well-preserved monuments are examples of the colonization and defence works carried out throughout the reign of Edward I (1272&ndash;1307) and the military architecture of the time.</p>",,1986,429,374
United Kingdom of Great Britain and Northern Ireland,St Kilda,Mixed,N,N,N,N,"<p>This volcanic archipelago, with its spectacular landscapes, is situated off the coast of the Hebrides and comprises the islands of Hirta, Dun, Soay and Boreray. It has some of the highest cliffs in Europe, which have large colonies of rare and endangered species of birds, especially puffins and gannets. The archipelago, uninhabited since 1930, bears the evidence of more than 2,000 years of human occupation in the extreme conditions prevalent in the Hebrides. Human vestiges include built structures and field systems, the cleits and the traditional Highland stone houses. They feature the vulnerable remains of a subsistence economy based on the products of birds, agriculture and sheep farming.</p>",,1986,2202,387
United Kingdom of Great Britain and Northern Ireland,The English Lake District,Cultural,Y,Y,Y,Y,"<p>Located in northwest England, the English Lake District is a mountainous area, whose valleys have been modelled by glaciers in the Ice Age and subsequently shaped by an agro-pastoral land-use system characterized by fields enclosed by walls. The combined work of nature and human activity has produced a harmonious landscape in which the mountains are mirrored in the lakes. Grand houses, gardens and parks have been purposely created to enhance the beauty of this landscape. This landscape was greatly appreciated from the 18<sup>th</sup><span>†</span>century onwards by the Picturesque and later Romantic movements, which celebrated it in paintings, drawings and words. It also inspired an awareness of the importance of beautiful landscapes and triggered early efforts to preserve them.</p>",,2017,2171,422
United Kingdom of Great Britain and Northern Ireland,Blenheim Palace,Cultural,N,N,N,N,"<p>Blenheim Palace, near Oxford, stands in a romantic park created by the famous landscape gardener 'Capability' Brown. It was presented by the English nation to John Churchill, first Duke of Marlborough, in recognition of his victory in 1704 over French and Bavarian troops. Built between 1705 and 1722 and characterized by an eclectic style and a return to national roots, it is a perfect example of an 18th-century princely dwelling.</p>",,1987,492,425
United Kingdom of Great Britain and Northern Ireland,Palace of Westminster and Westminster Abbey including Saint Margaretís Church,Cultural,Y,Y,Y,Y,"<p>Westminster Palace, rebuilt from the year 1840 on the site of important medieval remains, is a fine example of neo-Gothic architecture. The site &ndash; which also comprises the small medieval Church of Saint Margaret, built in Perpendicular Gothic style, and Westminster Abbey, where all the sovereigns since the 11th century have been crowned &ndash; is of great historic and symbolic significance.</p>",,1987,1635,426
United Kingdom of Great Britain and Northern Ireland,City of Bath,Cultural,Y,Y,Y,Y,"<p>Founded by the Romans as a thermal spa, Bath became an important centre of the wool industry in the Middle Ages. In the 18th century, under George III, it developed into an elegant town with neoclassical Palladian buildings, which blend harmoniously with the Roman baths.</p>",,1987,495,428
United Kingdom of Great Britain and Northern Ireland,New Lanark,Cultural,N,N,N,N,"<p>New Lanark is a small 18th- century village set in a sublime Scottish landscape where the philanthropist and Utopian idealist Robert Owen moulded a model industrial community in the early 19th century. The imposing cotton mill buildings, the spacious and well-designed workers' housing, and the dignified educational institute and school still testify to Owen's humanism.</p>","<p><em>Criterion (ii):</em> When Richard Arkwright&rsquo;s new factory system for textile production was brought to New Lanark the need to provide housing and other facilities to the workers and managers was recognized. It was there that Robert Owen created a model for industrial communities that was to spread across the world in the 19th and 20th centuries.</p>

<p><em>Criterion (iv):</em> New Lanark saw the construction not only of well designed and equipped workers&rsquo; housing but also public buildings designed to improve their spiritual as well as their physical needs.</p>

<p><em>Criterion (vi):</em> The name of New Lanark is synonymous with that of Robert Owen and his social philosophy in matters such as progressive education, factory reform, humane working practices, international cooperation, and garden cities, which was to have a profound influence on social developments throughout the 19th century and beyond.</p>",2001,497,429
United Kingdom of Great Britain and Northern Ireland,Henderson Island,Natural,N,N,N,N,"<p>Henderson Island, which lies in the eastern South Pacific, is one of the few atolls in the world whose ecology has been practically untouched by a human presence. Its isolated location provides the ideal context for studying the dynamics of insular evolution and natural selection. It is particularly notable for the 10 plants and four land birds that are endemic to the island.</p>",,1988,566,487
United Kingdom of Great Britain and Northern Ireland,Tower of London,Cultural,Y,Y,Y,Y,"<p>The massive White Tower is a typical example of Norman military architecture, whose influence was felt throughout the kingdom. It was built on the Thames by William the Conqueror to protect London and assert his power. The Tower of London &ndash; an imposing fortress with many layers of history, which has become one of the symbols of royalty &ndash; was built around the White Tower.</p>",,1988,567,488
United Kingdom of Great Britain and Northern Ireland,"Canterbury Cathedral, St Augustine's Abbey, and St Martin's Church",Cultural,Y,Y,Y,Y,"<p>Canterbury, in Kent, has been the seat of the spiritual head of the Church of England for nearly five centuries. Canterbury's other important monuments are the modest Church of St Martin, the oldest church in England; the ruins of the Abbey of St Augustine, a reminder of the saint's evangelizing role in the Heptarchy from 597; and Christ Church Cathedral, a breathtaking mixture of Romanesque and Perpendicular Gothic, where Archbishop Thomas Becket was murdered in 1170.</p>",,1988,578,496
United Kingdom of Great Britain and Northern Ireland,Heart of Neolithic Orkney,Cultural,N,N,N,N,"<p>The group of Neolithic monuments on Orkney consists of a large chambered tomb (Maes Howe), two ceremonial stone circles (the Stones of Stenness and the Ring of Brodgar) and a settlement (Skara Brae), together with a number of unexcavated burial, ceremonial and settlement sites. The group constitutes a major prehistoric cultural landscape which gives a graphic depiction of life in this remote archipelago in the far north of Scotland some 5,000 years ago.</p>","<p><em>Criteria (i), (ii), (iii), and (iv):</em> The monuments of Orkney, dating back to 3000-2000 BC, are outstanding testimony to the cultural achievements of the Neolithic peoples of northern Europe.</p>",1999,2125,514
United Kingdom of Great Britain and Northern Ireland,Old and New Towns of Edinburgh,Cultural,Y,Y,Y,Y,"<p>Edinburgh has been the Scottish capital since the 15th century. It has two distinct areas: the Old Town, dominated by a medieval fortress; and the neoclassical New Town, whose development from the 18th century onwards had a far-reaching influence on European urban planning. The harmonious juxtaposition of these two contrasting historic areas, each with many important buildings, is what gives the city its unique character.</p>",,1995,860,728
United Kingdom of Great Britain and Northern Ireland,Gough and Inaccessible Islands,Natural,N,N,N,N,"<p>The site, located in the south Atlantic, is one of the least-disrupted island and marine ecosystems in the cool temperate zone. The spectacular cliffs of Gough and Inaccessible Islands, towering above the ocean, are free of introduced mammals and home to one of the worldís largest colonies of sea birds. Gough Island is home to two endemic species of land birds, the gallinule and the Gough rowettie, as well as to 12 endemic species of plants, while Inaccessible Island boasts two birds, eight plants and at least 10 invertebrates endemic to the island.</p>",,1995,874,740
United Kingdom of Great Britain and Northern Ireland,Maritime Greenwich,Cultural,Y,Y,N,N,"<p>The ensemble of buildings at Greenwich, an outlying district of London, and the park in which they are set, symbolize English artistic and scientific endeavour in the 17th and 18th centuries. The Queen's House (by Inigo Jones) was the first Palladian building in England, while the complex that was until recently the Royal Naval College was designed by Christopher Wren. The park, laid out on the basis of an original design by Andr&eacute; Le N&ocirc;tre, contains the Old Royal Observatory, the work of Wren and the scientist Robert Hooke.</p>","<p>The Committee decided to inscribe this property on the basis of cultural <em>criteria (i), (ii), (iv) and (vi)</em>, considering that the public and private buildings and the Royal Park at Greenwich form an exceptional ensemble that bears witness to human artistic and scientific endeavour of the highest quality, to European architecture at an important stage of its evolution, and to the creation of a landscape that integrates nature and culture in a harmonious whole.</p>",1997,939,795
United Kingdom of Great Britain and Northern Ireland,"Historic Town of St George and Related Fortifications, Bermuda",Cultural,N,N,N,N,"<p>The Town of St George, founded in 1612, is an outstanding example of the earliest English urban settlement in the New World. Its associated fortifications graphically illustrate the development of English military engineering from the 17th to the 20th century, being adapted to take account of the development of artillery over this period.</p>","<p><em>Criterion (iv):</em> The Historic Town of St George with its related fortifications is an outstanding example of a continuously occupied, fortified, colonial town dating from the early 17th century and the oldest English town in the New World.</p>",2000,1147,983
United Kingdom of Great Britain and Northern Ireland,Blaenavon Industrial Landscape,Cultural,N,N,N,N,"<p>The area around Blaenavon is evidence of the pre-eminence of South Wales as the world's major producer of iron and coal in the 19th century. All the necessary elements can still be seen - coal and ore mines, quarries, a primitive railway system, furnaces, workers' homes, and the social infrastructure of their community.</p>","<p><em>Criterion (iii):</em> The Blaenavon landscape constitutes an exceptional illustration in material form of the social and economic structure of 19th century industry.</p>

<p><em>Criterion (iv):</em> The components of the Blaenavon industrial landscape together make up an outstanding and remarkably complete example of a 19th century industrial landscape.</p>",2000,1148,984
United Kingdom of Great Britain and Northern Ireland,Saltaire,Cultural,N,N,N,N,"<p>Saltaire, West Yorkshire, is a complete and well-preserved industrial village of the second half of the 19th century. Its textile mills, public buildings and workers' housing are built in a harmonious style of high architectural standards and the urban plan survives intact, giving a vivid impression of Victorian philanthropic paternalism.</p>","<p><em>Criterion (ii):</em> Saltaire is an outstanding and well preserved example of a mid 19th century industrial town, the layout of which was to exert a major influence on the development of the ìgarden cityî movement.</p>

<p><em>Criterion (iv):</em> The layout and architecture of Saltaire admirably reflect mid 19th century philanthropic paternalism, as well as the important role played by the textile industry in economic and social development.</p>",2001,1201,1028
United Kingdom of Great Britain and Northern Ireland,Dorset and East Devon Coast,Natural,Y,Y,N,N,"<p>The cliff exposures along the Dorset and East Devon coast provide an almost continuous sequence of rock formations spanning the Mesozoic Era, or some 185 million years of the earth's history. The area's important fossil sites and classic coastal geomorphologic features have contributed to the study of earth sciences for over 300 years.</p>","<p><em>Criterion (viii):</em> The coastal exposures within the site provide an almost continuous sequence of Triassic, Jurassic and Cretaceous rock formations spanning the Mesozoic Era and document approximately 185 million years of Earth history. The site includes a range of internationally important fossil localities &ndash; both vertebrate and invertebrate, marine and terrestrial - which have produced well preserved and diverse evidence of life during Mesozoic times.</p>",2001,1202,1029
United Kingdom of Great Britain and Northern Ireland,Derwent Valley Mills,Cultural,Y,N,N,N,"<p>The Derwent Valley in central England contains a series of 18th- and 19th- century cotton mills and an industrial landscape of high historical and technological interest. The modern factory owes its origins to the mills at Cromford, where Richard Arkwright's inventions were first put into industrial-scale production. The workers' housing associated with this and the other mills remains intact and illustrate the socio-economic development of the area.</p>","<p><em>Criterion (ii):</em> The Derwent Valley saw the birth of the factory system, when new types of building were erected to house the new technology for spinning cotton developed by Richard Arkwright in the early 19th century.</p>

<p><em>Criterion (iv):</em> In the Derwent Valley for the first time there was large-scale industrial production in a hitherto rural landscape. The need to provide housing and other facilities for workers and managers resulted in the creation of the first modern industrial towns.</p>",2001,1203,1030
United Kingdom of Great Britain and Northern Ireland,"Royal Botanic Gardens, Kew",Cultural,Y,Y,Y,N,"<p>This historic landscape garden features elements that illustrate significant periods of the art of gardens from the 18th to the 20th centuries. The gardens house botanic collections (conserved plants, living plants and documents) that have been considerably enriched through the centuries. Since their creation in 1759, the gardens have made a significant and uninterrupted contribution to the study of plant diversity and economic botany.</p>","<p><em>Criterion (ii):</em> Since the 18th century, the Botanic Gardens of Kew have been closely associated with scientific and economic exchanges established throughout the world in the field of botany, and this is reflected in the richness of its collections. The landscape features and architectural features of the gardens reflect considerable artistic influences both with regard to the European continent and to more distant regions.</p>

<p><em>Criterion (iii):</em> Kew Gardens have largely contributed to advances in many scientific disciplines, particularly botany and ecology. The landscape gardens and the edifices created by celebrated artists such as Charles Bridgeman, William Kent, Lancelot &lsquo;Capability&rsquo; Brown and William Chambers reflect the beginning of movements which were to have international influence.</p>",2003,1262,1084
United Kingdom of Great Britain and Northern Ireland,Liverpool ñ Maritime Mercantile City,Cultural,Y,Y,N,N,"<p>Six areas in the historic centre and docklands of the maritime mercantile City of Liverpool bear witness to the development of one of the world&rsquo;s major trading centres in the 18th and 19th centuries. Liverpool played an important role in the growth of the British Empire and became the major port for the mass movement of people, e.g. slaves and emigrants from northern Europe to America. Liverpool was a pioneer in the development of modern dock technology, transport systems and port management. The listed sites feature a great number of significant commercial, civic and public buildings, including St George&rsquo;s Plateau.</p>","<p><em>Criterion (ii):</em> Liverpool was a major centre generating innovative technologies and methods in dock construction and port management in the 18th and 19th centuries. It thus contributed to the building up of the international mercantile systems throughout the British Commonwealth.</p>

<p><em>Criterion (iii):</em> the city and the port of Liverpool are an exceptional testimony to the development of maritime mercantile culture in the 18th and 19th centuries, contributing to the building up of the British Empire. It was a centre for the slave trade, until its abolition in 1807, and to emigration from northern Europe to America.</p>

<p><em>Criterion (iv):</em> Liverpool is an outstanding example of a world mercantile port city, which represents the early development of global trading and cultural connections throughout the British Empire.</p>",2004,1331,1150
United Kingdom of Great Britain and Northern Ireland,Cornwall and West Devon Mining Landscape,Cultural,Y,Y,N,N,"<p>Much of the landscape of Cornwall and West Devon was transformed in the 18th and early 19th centuries as a result of the rapid growth of pioneering copper and tin mining. Its deep underground mines, engine houses, foundries, new towns, smallholdings, ports and harbours, and their ancillary industries together reflect prolific innovation which, in the early 19th century, enabled the region to produce two-thirds of the worldís supply of copper. The substantial remains are a testimony to the contribution Cornwall and West Devon made to the Industrial Revolution in the rest of Britain and to the fundamental influence the area had on the mining world at large. Cornish technology embodied in engines, engine houses and mining equipment was exported around the world. Cornwall and West Devon were the heartland from which mining technology rapidly spread.</p>",,2006,1392,1215
United Kingdom of Great Britain and Northern Ireland,Pontcysyllte Aqueduct and Canal,Cultural,N,N,N,N,"<p>Situated in north-eastern Wales, the 18 kilometre long Pontcysyllte Aqueduct and Canal is a feat of civil engineering of the Industrial Revolution, completed in the early years of the 19th century. Covering a difficult geographical setting, the building of the canal required substantial, bold civil engineering solutions, especially as it was built without using locks. The aqueduct is a pioneering masterpiece of engineering and monumental metal architecture, conceived by the celebrated civil engineer Thomas Telford. The use of both cast and wrought iron in the aqueduct enabled the construction of arches that were light and d strong, producing an overall effect that is both monumental and elegant. The property is inscribed as a masterpiece of creative genius, and as a remarkable synthesis of expertise already acquired in Europe. It is also recognized as an innovative ensemble that inspired many projects all over the world.</p>",,2009,1583,1303
United Kingdom of Great Britain and Northern Ireland,The Forth Bridge,Cultural,Y,Y,Y,Y,"<p>This railway bridge, crossing the <span>Forth </span>estuary in Scotland, <span>had </span>the worldís <span>longest spans </span>(<span>541 m</span>) when <span>i</span>t opened in 1890<span>. It remains one of the greatest cantilever trussed </span>bridges and continues to carry passengers and freight. Its distinctive industrial aesthetic is the result of a forthright and unadorned display of its structural components. Innovative in style, materials and scale, the Forth Bridge <span>marks </span>an important milestone in bridge design and construction during the period when railways came to dominate long-distance land travel.</p>",,2015,2046,1485
United Kingdom of Great Britain and Northern Ireland,Gorham's Cave Complex,Cultural,Y,Y,N,N,"<p>The steep limestone cliffs on the eastern side of the Rock of Gibraltar contain four caves with archaeological and paleontological deposits that provide evidence of Neanderthal occupation over a span of more than 100,000 years. This exceptional testimony to the cultural traditions of the Neanderthals is seen notably in evidence of the hunting of birds and marine animals for food, the use of feathers for ornamentation and the presence of abstract rock engravings. Scientific research on these sites has already contributed substantially to debates about Neanderthal and human evolution.†</p>",,2016,2087,1500
United Republic of Tanzania,Ngorongoro Conservation Area,Mixed,Y,Y,N,N,"<p>The Ngorongoro Conservation Area spans vast expanses of highland plains, savanna, savanna woodlands and forests. Established in 1959 as a multiple land use area, with wildlife coexisting with semi-nomadic Maasai pastoralists practicing traditional livestock grazing, it includes the spectacular Ngorongoro Crater, the world&rsquo;s largest caldera. The property has global importance for biodiversity conservation due to the presence of globally threatened species, the density of wildlife inhabiting the area, and the annual migration of wildebeest, zebra, gazelles and other animals into the northern plains. Extensive archaeological research has also yielded a long sequence of evidence of human evolution and human-environment dynamics, including early hominid footprints dating back 3.6 million years.</p>",,1979,1639,39
United Republic of Tanzania,Ruins of Kilwa Kisiwani and Ruins of Songo Mnara,Cultural,N,N,N,N,"<p>The remains of two great East African ports admired by early European explorers are situated on two small islands near the coast. From the 13th to the 16th century, the merchants of Kilwa dealt in gold, silver, pearls, perfumes, Arabian crockery, Persian earthenware and Chinese porcelain; much of the trade in the Indian Ocean thus passed through their hands.</p>",,1981,159,144
United Republic of Tanzania,Serengeti National Park,Natural,Y,Y,N,N,"<p>The vast plains of the Serengeti comprise 1.5 million ha of savannah. The annual migration to permanent water holes of vast herds of herbivores (wildebeest, gazelles and zebras), followed by their predators, is one of the most impressive natural events in the world.</p>",,1981,174,156
United Republic of Tanzania,Stone Town of Zanzibar,Cultural,Y,Y,N,N,"<p>The Stone Town of Zanzibar is a fine example of the Swahili coastal trading towns of East Africa. It retains its urban fabric and townscape virtually intact and contains many fine buildings that reflect its particular culture, which has brought together and homogenized disparate elements of the cultures of Africa, the Arab region, India, and Europe over more than a millennium.</p>","<p><em>Criterion ii</em> : The Stone Town of Zanzibar is an outstanding material manifestation of cultural fusion and harmonization.</p>

<p><em>Criterion iii</em> : For many centuries there was intense seaborne trading activity between Asia and Africa, and this is illustrated in an exceptional manner by the architecture and urban structure of the Stone Town.</p>

<p><em>Criterion vi</em> : Zanzibar has great symbolic importance in the suppression of slavery, since it was one of the main slave-trading ports in East Africa and also the base from which its opponents such as David Livingstone conducted their campaign.</p>",2000,192,173
United Republic of Tanzania,Selous Game Reserve,Natural,N,N,N,N,"<p>Large numbers of elephants, black rhinoceroses, cheetahs, giraffes, hippopotamuses and crocodiles live in this immense sanctuary, which measures 50,000 km<sup>2</sup> and is relatively undisturbed by human impact. The park has a variety of vegetation zones, ranging from dense thickets to open wooded grasslands.</p>",,1982,1924,199
United Republic of Tanzania,Kilimanjaro National Park,Natural,Y,Y,N,N,"<p>At 5,895 m, Kilimanjaro is the highest point in Africa. This volcanic massif stands in splendid isolation above the surrounding plains, with its snowy peak looming over the savannah. The mountain is encircled by mountain forest. Numerous mammals, many of them endangered species, live in the park.</p>",,1987,466,403
United Republic of Tanzania,Kondoa Rock-Art Sites,Cultural,N,N,N,N,"<p>On the eastern slopes of the Masai escarpment bordering the Great Rift Valley are natural rock shelters, overhanging slabs of sedimentary rocks fragmented by rift faults, whose vertical planes have been used for rock paintings for at least two millennia. The spectacular collection of images from over 150 shelters over 2,336 km<sup>2</sup> , many with high artistic value, displays sequences that provide a unique testimony to the changing socio-economic base of the area from hunter-gatherer to agro-pastoralist, and the beliefs and ideas associated with the different societies. Some of the shelters are still considered to have ritual associations with the people who live nearby, reflecting their beliefs, rituals and cosmological traditions.</p>",,2006,1449,1183
United States of America,Mesa Verde National Park,Cultural,N,N,N,N,"<p>A great concentration of ancestral Pueblo Indian dwellings, built from the 6th to the 12th century, can be found on the Mesa Verde plateau in south-west Colorado at an altitude of more than 2,600 m. Some 4,400 sites have been recorded, including villages built on the Mesa top. There are also imposing cliff dwellings, built of stone and comprising more than 100 rooms.</p>",,1978,30,27
United States of America,Yellowstone National Park,Natural,N,N,N,N,"<p>The vast natural forest of Yellowstone National Park covers nearly 9,000 km<sup>2</sup> ; 96% of the park lies in Wyoming, 3% in Montana and 1% in Idaho. Yellowstone contains half of all the world's known geothermal features, with more than 10,000 examples. It also has the world's largest concentration of geysers (more than 300 geyers, or two thirds of all those on the planet). Established in 1872, Yellowstone is equally known for its wildlife, such as grizzly bears, wolves, bison and wapitis.</p>",,1978,31,28
United States of America,Grand Canyon National Park,Natural,N,Y,N,N,"<p>Carved out by the Colorado River, the Grand Canyon (nearly 1,500 m deep) is the most spectacular gorge in the world. Located in the state of Arizona, it cuts across the Grand Canyon National Park. Its horizontal strata retrace the geological history of the past 2 billion years. There are also prehistoric traces of human adaptation to a particularly harsh environment.</p>",,1979,81,75
United States of America,Everglades National Park,Natural,N,N,N,N,"<p>This site at the southern tip of Florida has been called 'a river of grass flowing imperceptibly from the hinterland into the sea'. The exceptional variety of its water habitats has made it a sanctuary for a large number of birds and reptiles, as well as for threatened species such as the manatee.</p>",,1979,82,76
United States of America,Independence Hall,Cultural,N,N,N,N,<p>The Declaration of Independence (1776) and the Constitution of the United States (1787) were both signed in this building in Philadelphia. The universal principles of freedom and democracy set forth in these documents are of fundamental importance to American history and have also had a profound impact on law-makers around the world.</p>,,1979,84,78
United States of America,Redwood National and State Parks,Natural,Y,Y,Y,N,"<p>Redwood National Park comprises a region of coastal mountains bordering the Pacific Ocean north of San Francisco. It is covered with a magnificent forest of coastal redwood trees, the tallest and most impressive trees in the world. The marine and land life are equally remarkable, in particular the sea lions, the bald eagle and the endangered California brown pelican.</p>",,1980,147,134
United States of America,Mammoth Cave National Park,Natural,N,N,N,N,"<p>Mammoth Cave National Park, located in the state of Kentucky, has the world's largest network of natural caves and underground passageways, which are characteristic examples of limestone formations. The park and its underground network of more than 560 surveyed km of passageways are home to a varied flora and fauna, including a number of endangered species.</p>",,1981,168,150
United States of America,Olympic National Park,Natural,N,N,N,N,"<p>Located in the north-west of Washington State, Olympic National Park is renowned for the diversity of its ecosystems. Glacier-clad peaks interspersed with extensive alpine meadows are surrounded by an extensive old growth forest, among which is the best example of intact and protected temperate rainforest in the Pacific Northwest. Eleven major river systems drain the Olympic mountains, offering some of the best habitat for anadromous fish species in the country. The park also includes 100 km of wilderness coastline, the longest undeveloped coast in the contiguous United States, and is rich in native and endemic animal and plant species, including critical populations of the endangered northern spotted owl, marbled murrelet and bull trout.</p>",,1981,169,151
United States of America,Cahokia Mounds State Historic Site,Cultural,N,N,N,N,"<p>Cahokia Mounds, some 13 km north-east of St Louis, Missouri, is the largest pre-Columbian settlement north of Mexico. It was occupied primarily during the Mississippian period (800ñ1400), when it covered nearly 1,600 ha and included some 120 mounds. It is a striking example of a complex chiefdom society, with many satellite mound centres and numerous outlying hamlets and villages. This agricultural society may have had a population of 10ñ20,000 at its peak between 1050 and 1150. Primary features at the site include Monks Mound, the largest prehistoric earthwork in the Americas, covering over 5 ha and standing 30 m high.</p>",,1982,2191,198
United States of America,Great Smoky Mountains National Park,Natural,N,N,N,N,"<p>Stretching over more than 200,000 ha, this exceptionally beautiful park is home to more than 3,500 plant species, including almost as many trees (130 natural species) as in all of Europe. Many endangered animal species are also found there, including what is probably the greatest variety of salamanders in the world. Since the park is relatively untouched, it gives an idea of temperate flora before the influence of humankind.</p>",,1983,289,259
United States of America,La Fortaleza and San Juan National Historic Site in Puerto Rico,Cultural,N,N,N,N,"<p>Between the <span>16th and 20th </span> centuries, a series of defensive structures was built at this strategic point in the Caribbean Sea to protect the city and the Bay of San Juan. They represent a fine display of European military architecture adapted to harbour sites on the American continent.</p>",,1983,2192,266
United States of America,Statue of Liberty,Cultural,N,Y,Y,Y,"<p>Made in Paris by the French sculptor Bartholdi, in collaboration with Gustave Eiffel (who was responsible for the steel framework), this towering monument to liberty was a gift from France on the centenary of American independence. Inaugurated in 1886, the sculpture stands at the entrance to New York Harbour and has welcomed millions of immigrants to the United States ever since.</p>",,1984,346,307
United States of America,Yosemite National Park,Natural,Y,Y,Y,N,"<p>Yosemite National Park lies in the heart of California. With its 'hanging' valleys, many waterfalls, cirque lakes, polished domes, moraines and U-shaped valleys, it provides an excellent overview of all kinds of granite relief fashioned by glaciation. At 600&ndash;4,000 m, a great variety of flora and fauna can also be found here.</p>",,1984,347,308
United States of America,Chaco Culture,Cultural,N,N,N,N,"<p>For over 2,000 years, Pueblo peoples occupied a vast region of the south-western United States. Chaco Canyon, a major centre of ancestral Pueblo culture between 850 and 1250, was a focus for ceremonials, trade and political activity for the prehistoric Four Corners area. Chaco is remarkable for its monumental public and ceremonial buildings and its distinctive architecture &ndash; it has an ancient urban ceremonial centre that is unlike anything constructed before or since. In addition to the Chaco Culture National Historical Park, the World Heritage property includes the Aztec Ruins National Monument and several smaller Chaco sites managed by the Bureau of Land Management.</p>",,1987,405,353
United States of America,Hawaii Volcanoes National Park,Natural,N,N,N,N,"<p>This site contains two of the most active volcanoes in the world, Mauna Loa (4,170 m high) and Kilauea (1,250 m high), both of which tower over the Pacific Ocean. Volcanic eruptions have created a constantly changing landscape, and the lava flows reveal surprising geological formations. Rare birds and endemic species can be found there, as well as forests of giant ferns.</p>",,1987,472,409
United States of America,Monticello and the University of Virginia in Charlottesville,Cultural,N,N,N,N,"<p>Thomas Jefferson (1743ñ1826), author of the American Declaration of Independence and third president of the United States, was also a talented architect of neoclassical buildings. He designed Monticello (1769ñ1809), his plantation home, and his ideal 'academical village' (1817ñ26), which is still the heart of the University of Virginia. Jefferson's use of an architectural vocabulary based upon classical antiquity symbolizes both the aspirations of the new American republic as the inheritor of European tradition and the cultural experimentation that could be expected as the country matured.</p>",,1987,2126,442
United States of America,Taos Pueblo,Cultural,N,N,N,N,"<p>Situated in the valley of a small tributary of the Rio Grande, this adobe settlement ñ consisting of dwellings and ceremonial buildings ñ represents the culture of the Pueblo Indians of Arizona and New Mexico.</p>",,1992,573,492
United States of America,Carlsbad Caverns National Park,Natural,N,N,N,N,"<p>This karst landscape in the state of New Mexico comprises over 80 recognized caves. They are outstanding not only for their size but also for the profusion, diversity and beauty of their mineral formations. Lechuguilla Cave stands out from the others, providing an underground laboratory where geological and biological processes can be studied in a pristine setting.</p>",,1995,852,721
United States of America,Papah?naumoku?kea,Mixed,N,N,N,N,"<p>Papah?naumoku?kea is a vast and isolated linear cluster of small, low lying islands and atolls, with their surrounding ocean, roughly 250 km to the northwest of the main Hawaiian Archipelago and extending over some 1931 km. The area has deep cosmological and traditional significance for living Native Hawaiian culture, as an ancestral environment, as an embodiment of the Hawaiian concept of kinship between people and the natural world, and as the place where it is believed that life originates and to where the spirits return after death. On two of the islands, Nihoa and Makumanamana, there are archaeological remains relating to pre-European settlement and use. Much of the monument is made up of pelagic and deepwater habitats, with notable features such as seamounts and submerged banks, extensive coral reefs and lagoons. It is one of the largest marine protected areas (MPAs) in the world.</p>",,2010,1672,1326
United States of America,Monumental Earthworks of Poverty Point,Cultural,N,N,N,N,"<p>Monumental Earthworks of Poverty Point owes its name to a 19th-century plantation close to the site, which is in the Lower Mississippi Valley on a slightly elevated and narrow landform. The complex comprises five mounds, six concentric semi-elliptical ridges separated by shallow depressions and a central plaza. It was created and used for residential and ceremonial purposes by a society of hunter fisher-gatherers between 3700 and 3100†BP. It is a remarkable achievement in earthen construction in North America that was unsurpassed for at least 2,000 years.</p>",,2014,1978,1435
United States of America,San Antonio Missions,Cultural,N,N,N,N,"<p>The site encompasses a group of five frontier mission complexes situated along a stretch of the San Antonio River basin in southern Texas, as well as a ranch located 37 kilometres to the south. It includes architectural and archaeological structures, farmlands, residencies, churches and granaries, as well as water distribution systems. The complexes were built by Franciscan missionaries in the 18<sup>th</sup> century and illustrate the Spanish Crownís efforts to colonize, evangelize and defend the northern frontier of New Spain. The San Antonio Missions are also an example of the interweaving of Spanish and Coahuiltecan cultures, illustrated by a variety of features, including the decorative elements of churches, which combine Catholic symbols with indigenous designs inspired by nature.</p>",,2015,2027,1466
Uruguay,Historic Quarter of the City of Colonia del Sacramento,Cultural,N,N,Y,Y,"<p>Founded by the Portuguese in 1680 on the R&iacute;o de la Plata, the city was of strategic importance in resisting the Spanish. After being disputed for a century, it was finally lost by its founders. The well-preserved urban landscape illustrates the successful fusion of the Portuguese, Spanish and post-colonial styles.</p>",,1995,881,747
Uruguay,Fray Bentos Industrial Landscape,Cultural,N,N,N,N,"<p>Located on land projecting into the Uruguay River west of the town of Fray Bentos, the industrial complex was built following the development of a factory founded in 1859 to process meat produced on the vast prairies nearby. The site illustrates the whole process of meat sourcing, processing, packing and dispatching. It includes buildings and equipment of the Liebig Extract of Meat Company, which exported meat extract and corned-beef to the European market from 1865 and the Anglo Meat Packing Plant, which exported frozen meat from 1924. Through its physical location, industrial and residential buildings as well as social institutions, the site presents an illustration of the entire process of meat production on a global scale.</p>",,2015,2025,1464
Uzbekistan,Itchan Kala,Cultural,Y,Y,Y,Y,"<p>Itchan Kala is the inner town (protected by brick walls some 10 m high) of the old Khiva oasis, which was the last resting-place of caravans before crossing the desert to Iran. Although few very old monuments still remain, it is a coherent and well-preserved example of the Muslim architecture of Central Asia. There are several outstanding structures such as the Djuma Mosque, the mausoleums and the madrasas and the two magnificent palaces built at the beginning of the 19th century by Alla-Kulli-Khan.</p>",,1990,638,543
Uzbekistan,Historic Centre of Bukhara,Cultural,Y,Y,Y,Y,"<p>Bukhara, which is situated on the Silk Route, is more than 2,000 years old. It is the most complete example of a medieval city in Central Asia, with an urban fabric that has remained largely intact. Monuments of particular interest include the famous tomb of Ismail Samani, a masterpiece of 10th-century Muslim architecture, and a large number of 17th-century madrasas.</p>",,1993,2184,602
Uzbekistan,Samarkand  ñ Crossroad of Cultures,Cultural,Y,Y,Y,Y,"<p>The historic town of Samarkand is a crossroad and melting pot of the world's cultures. Founded in the 7th century B.C. as ancient Afrasiab, Samarkand had its most significant development in the Timurid period from the 14th to the 15th centuries. The major monuments include the Registan Mosque and madrasas, Bibi-Khanum Mosque, the Shakhi-Zinda compound and the Gur-Emir ensemble, as well as Ulugh-Beg's Observatory.</p>","<p><em>Criterion i </em>: The architecture and townscape of Samarkand, situated at the crossroads of ancient cultures, are masterpieces of Islamic cultural creativity.</p>

<p><em>Criterion ii </em>: Ensembles in Samarkand such as the Bibi Khanum Mosque and Registan Square played a seminal role in the development of Islamic architecture over the entire region, from the Mediterranean to the Indian subcontinent.</p>

<p><em>Criterion iv </em>: The historic town of Samarkand illustrates in its art, architecture, and urban structure the most important stages of Central Asian cultural and political history from the 13th century to the present day.</p>",2001,715,603
Uzbekistan,Historic Centre of Shakhrisyabz,Cultural,N,N,N,N,"<p>The historic centre of Shakhrisyabz contains a collection of exceptional monuments and ancient quarters which bear witness to the city's secular development, and particularly to the period of its apogee, under the rule of Amir Temur and the Temurids, in the 15th-16th century.</p>","<p><em>Criterion iii </em>: Shakhrisyabz contains many fine monuments, and in particular those from the Timurid period, which was of great cultural and political significance in medieval Central Asia.</p>

<p><em>Criterion iv</em> : The buildings of Shakhrisyabz, notably the Ak-Sarai Palace and the Tomb of Timur, are outstanding examples of a style which had a profound influence on the architecture of this region.</p>",2000,1037,885
Vanuatu,Chief Roi Mataís Domain,Cultural,N,N,N,N,"<p>Chief Roi Mataís Domain is the first site to be inscribed in Vanuatu. It consists of three early 17th century AD sites on the islands of Efate, Lelepa and Artok associated with the life and death of the last paramount chief, or Roi Mata, of what is now Central Vanuatu. The property includes Roi Mataís residence, the site of his death and Roi Mataís mass burial site. It is closely associated with the oral traditions surrounding the chief and the moral values he espoused. The site reflects the convergence between oral tradition and archaeology and bears witness to the persistence of Roi Mataís social reforms and conflict resolution, still relevant to the people of the region.</p>",,2008,1511,1280
Venezuela (Bolivarian Republic of),Coro and its Port,Cultural,N,N,N,N,"<p>With its earthen constructions unique to the Caribbean, Coro is the only surviving example of a rich fusion of local traditions with Spanish Mud&eacute;jar and Dutch architectural techniques. One of the first colonial towns (founded in 1527), it has some 602 historic buildings.</p>",,1993,779,658
Venezuela (Bolivarian Republic of),Canaima National Park,Natural,N,N,N,N,"<p>Canaima National Park is spread over 3 million ha in south-eastern Venezuela along the border between Guyana and Brazil. Roughly 65% of the park is covered by table mountain (tepui) formations. The tepuis constitute a unique biogeological entity and are of great geological interest. The sheer cliffs and waterfalls, including the world's highest (1,000 m), form a spectacular landscape.</p>",,1994,829,701
Venezuela (Bolivarian Republic of),Ciudad Universitaria de Caracas,Cultural,N,N,N,N,"<p>The Ciudad Universitaria de Caracas, built to the design of the architect Carlos Ra&uacute;l Villanueva, between 1940 and 1960, is an outstanding example of the Modern Movement in architecture. The university campus integrates the large number of buildings and functions into a clearly articulated ensemble, including masterpieces of modern architecture and visual arts, such as the Aula Magna with the ""Clouds"" of Alexander Calder, the Olympic Stadium, and the Covered Plaza.</p>","<p><em>Criterion i </em>:The Ciudad Universitaria de Caracas is a masterpiece of modern city planning, architecture and art, created by the Venezuelan architect Carlos Ra&uacute;l Villanueva and a group of distinguished avant-garde artists.</p>

<p><em>Criterion iv </em>: The Ciudad Universitaria de Caracas is an outstanding example of the coherent realization of the urban, architectural, and artistic ideals of the early 20th century. It constitutes an ingenious interpretation of the concepts and spaces of colonial traditions and an example of an open and ventilated solution, appropriate for its tropical environment.</p>",2000,1150,986
Viet Nam,Ha Long Bay,Natural,N,N,Y,Y,"<p>Ha Long Bay, in the Gulf of Tonkin, includes some 1,600 islands and islets, forming a spectacular seascape of limestone pillars. Because of their precipitous nature, most of the islands are uninhabited and unaffected by a human presence. The site's outstanding scenic beauty is complemented by its great biological interest.</p>",,1994,796,672
Viet Nam,Complex of HuÈ Monuments,Cultural,N,N,Y,Y,"<p>Established as the capital of unified Viet Nam in 1802, Hu&eacute; was not only the political but also the cultural and religious centre under the Nguyen dynasty until 1945. The Perfume River winds its way through the Capital City, the Imperial City, the Forbidden Purple City and the Inner City, giving this unique feudal capital a setting of great natural beauty.</p>",,1993,802,678
Viet Nam,Hoi An Ancient Town,Cultural,N,N,Y,Y,"<p>Hoi An Ancient Town is an exceptionally well-preserved example of a South-East Asian trading port dating from the 15th to the 19th century. Its buildings and its street plan reflect the influences, both indigenous and foreign, that have combined to produce this unique heritage site.</p>","<p><em>Criterion (ii)</em> : Hoi An is an outstanding material manifestation of the fusion of cultures over time in an international commercial port.</p>

<p><em>Criterion (v)</em> : Hoi An is an exceptionally well preserved example of a traditional Asian trading port.</p>",1999,1109,948
Viet Nam,My Son Sanctuary,Cultural,N,N,N,N,<p>Between the 4th and 13th centuries a unique culture which owed its spiritual origins to Indian Hinduism developed on the coast of contemporary Viet Nam. This is graphically illustrated by the remains of a series of impressive tower-temples located in a dramatic site that was the religious and political capital of the Champa Kingdom for most of its existence.</p>,"<p><em>Criterion (ii)</em> : The My Son Sanctuary is an exceptional example of cultural interchange, with the introduction the Hindu architecture of the Indian sub-continent into South-East Asia.</p>

<p><em>Criterion (iii)</em> :The Champa Kingdom was an important phenomenon in the political and cultural history of South-East Asia, vividly illustrated by the ruins of My Son.</p>",1999,1110,949
Viet Nam,Phong Nha-Ke Bang National Park,Natural,N,N,Y,Y,"<p>The Phong Nha-Ke Bang National Park, inscribed on the World Heritage List in 2003, covered 85,754 hectares. With this extension, the site covers a total surface area of 126,236 hectares (a 46†% increase) and shares a boundary with the Hin Namno Nature Reserve in the Peoples Democratic Republic of Laos. The Parkís landscape is formed by limestone plateaux and tropical forests. It features great geological diversity and offers spectacular phenomena, including a large number of caves and underground rivers. The site harbours a high level of biodiversity and many endemic species. The extension ensures a more coherent ecosystem while providing additional protection to the catchment areas that are of vital importance for the integrity of limestone landscapes.</p>",,2003,2059,951
Viet Nam,Central Sector of the Imperial Citadel of Thang Long - Hanoi,Cultural,N,N,Y,Y,"<p>The Thang Long Imperial Citadel was built in the 11th century by the Ly Viet Dynasty, marking the independence of the Dai Viet. It was constructed on the remains of a Chinese fortress dating from the 7th century, on drained land reclaimed from the Red River Delta in Hanoi. It was the centre of regional political power for almost 13 centuries without interruption. The Imperial Citadel buildings and the remains in the 18 Hoang Dieu Archaeological Site reflect a unique South-East Asian culture specific to the lower Red River Valley, at the crossroads between influences coming from China in the north and the ancient Kingdom of Champa in the south.</p>",,2010,1689,1328
Viet Nam,Citadel of the Ho Dynasty,Cultural,N,N,N,N,"<p>The 14th -century Ho Dynasty citadel, built according to the feng shui principles, testifies to the flowering of neo-Confucianism in late 14th century Viet Nam and its spread to other parts of east Asia. According to these principles it was sited in a landscape of great scenic beauty on an axis joining the Tuong Son and Don Son mountains in a plain between the Ma and Buoi rivers. The citadel buildings represent an outstanding example of a new style of south-east Asian imperial city.</p>",,2011,1775,1358
Viet Nam,Trang An Landscape Complex,Mixed,N,N,N,N,"<p>Situated near the southern margin of the Red River Delta, the Trang An Landscape Complex is a spectacular landscape of limestone karst peaks permeated with valleys, many of them partly submerged and surrounded by steep, almost vertical cliffs. Exploration of caves at different altitudes has revealed archaeological traces of human activity over a continuous period of more than 30,000 years. They illustrate the occupation of these mountains by seasonal hunter-gatherers and how they adapted to major climatic and environmental changes, especially the repeated inundation of the landscape by the sea after the last ice age. The story of human occupation continues through the Neolithic and Bronze Ages to the historical era. Hoa Lu, the ancient capital of Viet Nam, was strategically established here in the 10th and 11th centuries AD. The property also contains temples, pagodas, paddy-fields and small villages.†</p>",,2014,2179,1438
Yemen,Old Walled City of Shibam,Cultural,N,N,N,N,"<p>Surrounded by a fortified wall, the 16th-century city of Shibam is one of the oldest and best examples of urban planning based on the principle of vertical construction. Its impressive tower-like structures rise out of the cliff and have given the city the nickname of ëthe Manhattan of the desertí.</p>",,1982,213,192
Yemen,Old City of Sana'a,Cultural,N,N,N,N,"<p>Situated in a mountain valley at an altitude of 2,200 m, Sanaía has been inhabited for more than 2,500 years. In the 7th and 8th centuries the city became a major centre for the propagation of Islam. This religious and political heritage can be seen in the 103 mosques, 14 <em>hammams</em> and over 6,000 houses, all built before the 11th century. Sanaíaís many-storeyed tower-houses built of rammed earth (<em>pisÈ</em>) add to the beauty of the site.</p>",,1986,444,385
Yemen,Historic Town of Zabid,Cultural,N,N,N,N,"<p>Zabid's domestic and military architecture and its urban plan make it an outstanding archaeological and historical site. Besides being the capital of Yemen from the 13th to the 15th century, the city played an important role in the Arab and Muslim world for many centuries because of its Islamic university.</p>",,1993,725,611
Yemen,Socotra Archipelago,Natural,N,N,N,N,"<p>Socotra Archipelago, in the northwest Indian Ocean near the Gulf of Aden, is 250 km long and comprises four islands and two rocky islets which appear as a prolongation of the Horn of Africa. The site is of universal importance because of its biodiversity with rich and distinct flora and fauna: 37% of Socotra&rsquo;s 825 plant species, 90% of its reptile species and 95% of its land snail species do not occur anywhere else in the world. The site also supports globally significant populations of land and sea birds (192 bird species, 44 of which breed on the islands while 85 are regular migrants), including a number of threatened species. The marine life of Socotra is also very diverse, with 253 species of reef-building corals, 730 species of coastal fish and 300 species of crab, lobster and shrimp.</p>",,2008,1548,1263
Zimbabwe,"Mana Pools National Park, Sapi and Chewore Safari Areas",Natural,N,N,N,N,"<p>On the banks of the Zambezi, great cliffs overhang the river and the floodplains. The area is home to a remarkable concentration of wild animals, including elephants, buffalo, leopards and cheetahs. An important concentration of Nile crocodiles is also be found in the area.</p>",,1984,339,302
Zimbabwe,Matobo Hills,Cultural,N,N,N,N,"<p>The area exhibits a profusion of distinctive rock landforms rising above the granite shield that covers much of Zimbabwe. The large boulders provide abundant natural shelters and have been associated with human occupation from the early Stone Age right through to early historical times, and intermittently since. They also feature an outstanding collection of rock paintings. The Matobo Hills continue to provide a strong focus for the local community, which still uses shrines and sacred places closely linked to traditional, social and economic activities.</p>","<p><em>Criterion (iii)</em> : The Matobo Hills has one of the highest concentrations of rock art in Southern Africa. The rich evidence from archaeology and from the rock paintings at Matobo provide a very full picture of the lives of foraging societies in the Stone Age and the way agricultural societies came to replace them.</p>

<p><em>Criterion (v)</em> : The interaction between communities and the landscape, manifest in the rock art and also in the long standing religious traditions still associated with the rocks, are community responses to a landscape.</p>

<p><em>Criterion (vi)</em> : The Mwari religion, centred on Matoba, which may date back to the Iron Age, is the most powerful oracular tradition in southern Africa.</p>",2003,345,306
Zimbabwe,Great Zimbabwe National Monument,Cultural,N,N,N,N,"<p>The ruins of Great Zimbabwe &ndash; the capital of the Queen of Sheba, according to an age-old legend &ndash; are a unique testimony to the Bantu civilization of the Shona between the 11th and 15th centuries. The city, which covers an area of nearly 80 ha, was an important trading centre and was renowned from the Middle Ages onwards.</p>",,1986,417,364
Zimbabwe,Khami Ruins National Monument,Cultural,N,N,N,N,"<p>Khami, which developed after the capital of Great Zimbabwe had been abandoned in the mid-16th century, is of great archaeological interest. The discovery of objects from Europe and China shows that Khami was a major centre for trade over a long period of time.</p>",,1986,418,365
"Albania,Austria,Belgium,Bulgaria,Croatia,Germany,Italy,Romania,Slovakia,Slovenia,Spain,Ukraine",Ancient and Primeval Beech Forests of the Carpathians and Other Regions of Europe,Natural,N,N,N,N,"<p>This transboundary extension of the World Heritage site of the Primeval Beech Forests of the Carpathians and the Ancient Beech Forests of Germany (Germany, Slovakia, Ukraine) stretches over 12 countries. Since the end of the last Ice Age, European beech spread from a few isolated refuges in the Alps, Carpathians, Mediterranean and Pyrenees over a short period of a few thousand years in a process that is still ongoing. This successful expansion is related to the treeís flexibility and tolerance of different climatic, geographical and physical conditions.</p>",,2007,2152,1133
"Argentina,Bolivia (Plurinational State of),Chile,Colombia,Ecuador,Peru","Qhapaq —an, Andean Road System",Cultural,N,N,Y,Y,"<p>This site is an extensive Inca communication, trade and defence network of roads covering 30,000†km. Constructed by the Incas over several centuries and partly based on pre-Inca infrastructure, this extraordinary network through one of the worldís most extreme geographical terrains linked the snow-capped peaks of the Andes ñ at an altitude of more than 6,000†m ñ to the coast, running through hot rainforests, fertile valleys and absolute deserts. It reached its maximum expansion in the 15th century, when it spread across the length and breadth of the Andes. The Qhapac —an, Andean Road System includes 273 component sites spread over more than 6,000†km that were selected to highlight the social, political, architectural and engineering achievements of the network, along with its associated infrastructure for trade, accommodation and storage, as well as sites of religious significance.</p>

<p><span>†</span></p>",,2014,2003,1459
"Argentina,Brazil","Jesuit Missions of the Guaranis: San Ignacio Mini, Santa Ana, Nuestra SeÒora de Loreto and Santa Maria Mayor (Argentina), Ruins of Sao Miguel das Missoes (Brazil)",Cultural,N,N,N,N,"<p>The ruins of S&atilde;o Miguel das Miss&otilde;es in Brazil, and those of San Ignacio Min&iacute;, Santa Ana, Nuestra Se&ntilde;ora de Loreto and Santa Mar&iacute;a la Mayor in Argentina, lie at the heart of a tropical forest. They are the impressive remains of five Jesuit missions, built in the land of the Guaranis during the 17th and 18th centuries. Each is characterized by a specific layout and a different state of conservation.</p>",,1983,326,275
"Austria,France,Germany,Italy,Slovenia,Switzerland",Prehistoric Pile Dwellings around the Alps,Cultural,N,N,N,N,"<p>This serial property of 111 small individual sites encompasses the remains of prehistoric pile-dwelling (or stilt house) settlements in and around the Alps built from around 5000 to 500 B.C. on the edges of lakes, rivers or wetlands. Excavations, only conducted in some of the sites, have yielded evidence that provides insight into life in prehistoric times during the Neolithic and Bronze Age in Alpine Europe and the way communities interacted with their environment. Fifty-six of the sites are located in Switzerland. The settlements are a unique group of exceptionally well-preserved and culturally rich archaeological sites, which constitute one of the most important sources for the study of early agrarian societies in the region.</p>",,2011,1782,1363
"Austria,Hungary",Fertˆ / Neusiedlersee Cultural Landscape,Cultural,N,N,N,N,"<p>The Fert&ouml;/Neusiedler Lake area has been the meeting place of different cultures for eight millennia. This is graphically demonstrated by its varied landscape, the result of an evolutionary symbiosis between human activity and the physical environment. The remarkable rural architecture of the villages surrounding the lake and several 18th- and 19th-century palaces adds to the area&rsquo;s considerable cultural interest.</p>","<p><em>Criterion (v):</em> The Fert&ouml;-Neusiedler Lake has been the meeting place of different cultures for eight millennia, and this is graphically demonstrated by its varied landscape, the result of an evolutionary and symbiotic process of human interaction with the physical environment.</p>",2001,913,772
"Belarus,Estonia,Finland,Latvia,Lithuania,Norway,Republic of Moldova,Russian Federation,Sweden,Ukraine",Struve Geodetic Arc,Cultural,N,N,N,N,"<p>The Struve Arc is a chain of survey triangulations stretching from Hammerfest in Norway to the Black Sea, through 10 countries and over 2,820 km. These are points of a survey, carried out between 1816 and 1855 by the astronomer Friedrich Georg Wilhelm Struve, which represented the first accurate measuring of a long segment of a meridian. This helped to establish the exact size and shape of the planet and marked an important step in the development of earth sciences and topographic mapping. It is an extraordinary example of scientific collaboration among scientists from different countries, and of collaboration between monarchs for a scientific cause. The original arc consisted of 258 main triangles with 265 main station points. The listed site includes 34 of the original station points, with different markings, i.e. a drilled hole in rock, iron cross, cairns, or built obelisks.</p>","<p><em>Criterion (ii): </em>The first accurate measuring of a long segment of a meridian, helping in the establishment of the exact size and shape of the world exhibits an important step in the development of earth sciences. It is also an extraordinary example for interchange of human values in the form of scientific collaboration among scientists from different countries. It is at the same time an example for collaboration between monarchs of different powers, for a scientific cause.</p>

<p><em>Criterion (iv): </em>The Struve Geodetic Arc is undoubtedly an outstanding example of technological ensemble ñ presenting the triangulation points of the measuring of the meridian, being the non movable and non tangible part of the measuring technology.</p>

<p><em>Criterion (vi): </em>The measuring of the arc and its results are directly associated with men wondering about his world, its shape and size. It is linked with Sir Isaac Newton's theory that the world is not an exact sphere.</p>",2005,1364,1187
"Belarus,Poland",Bia?owie?a Forest,Natural,N,N,N,N,"<p>The Bia?owie?a Forest World Heritage site, on the border between Poland and Belarus, is an immense range of primary forest including both conifers and broadleaved trees covering a total area of 141,885 hectares. Situated on the watershed of the Baltic Sea and Black Sea, this transboundary property is exceptional for the opportunities it offers for biodiversity conservation. It is home to the largest population of the propertyís iconic species, the European bison.</p>",,1979,2005,33
"Belgium,France",Belfries of Belgium and France,Cultural,N,N,N,N,"<p>Twenty-three belfries in the north of France and the belfry of Gembloux in Belgium were inscribed as a group, an extension to the 32 Belgian belfries inscribed in 1999 as Belfries of Flanders and Wallonia. Built between the 11th and 17th centuries, they showcase the Roman, Gothic, Renaissance and Baroque styles of architecture. They are highly significant tokens of the winning of civil liberties. While Italian, German and English towns mainly opted to build town halls, in part of north-western Europe, greater emphasis was placed on building belfries. Compared with the keep (symbol of the seigneurs) and the bell-tower (symbol of the Church), the belfry, the third tower in the urban landscape, symbolizes the power of the aldermen. Over the centuries, they came to represent the influence and wealth of the towns.</p>",,1999,1100,943
"Belgium,France,Germany,Switzerland,India,Japan,Argentina","The Architectural Work of Le Corbusier, an Outstanding Contribution to the Modern Movement",Cultural,N,N,N,N,"<p>Chosen from the work of Le Corbusier, the 17 sites comprising this transnational serial property are spread over seven countries and are a testimonial to the invention of a new architectural language that made a break with the past. They were built over a period of a half-century, in the course of what Le Corbusier described as ìpatient researchî. The Complexe du Capitole in Chandigarh (India), the National Museum of Western Art, Tokyo (Japan), the House of Dr Curutchet in La Plata (Argentina) and the UnitÈ díhabitation in Marseille (France) reflect the solutions that the Modern Movement sought to apply during the 20th century to the challenges of inventing new architectural techniques to respond to the needs of society. These masterpieces of creative genius also attest to the internationalization of architectural practice across the planet.</p>",,2016,2085,1321
"Benin,Burkina Faso,Niger",W-Arly-Pendjari Complex,Natural,N,N,N,N,"<p>This transnational extension (Benin, Burkina Faso) to the W National Park of Niger, inscribed in 1996 on the World Heritage List, cover a major expanse of intact Sudano-Sahelian savannah, with vegetation types including grasslands, shrub lands, wooded savannah and extensive gallery forests. It includes the largest and most important continuum of terrestrial, semi-aquatic and aquatic ecosystems in the West African savannah belt. The property is a refuge for wildlife species that have disappeared or are highly threatened. It is home to the largest population of elephants in West Africa and most of the large mammals typical of the region, such as the African Manatee, cheetah, lion, and leopard. It also harbours the only viable population of lions in the region.</p>",,1996,2129,749
"Bosnia and Herzegovina,Croatia,Serbia,Montenegro",Ste?ci Medieval Tombstones Graveyards,Cultural,N,N,N,N,"<p>This serial property combines 28 sites, located in Bosnia and Herzegovina, western Serbia, western Montenegro and central and southern Croatia, representing these cemeteries and regionally distinctive medieval tombstones, or ste?ci. The cemeteries, which date from the 12th to 16th centuries CE, are laid out in rows, as was the common custom in Europe from the Middle Ages. The ste?ci are mostly carved from limestone. They feature a wide range of decorative motifs and inscriptions that represent iconographic continuities within medieval Europe as well as locally distinctive traditions.</p>",,2016,2094,1504
"Cameroon,Central African Republic,Congo",Sangha Trinational,Natural,N,N,N,N,"<p>Situated in the north-western Congo Basin, where Cameroon, Central African Republic and Congo meet, the site encompasses three contiguous national parks totalling around 750,000†ha. Much of the site is unaffected by human activity and features a wide range of humid tropical forest ecosystems with rich flora and fauna, including Nile crocodiles and goliath tigerfish, a large predator. Forest clearings support herbaceous species and Sangha is home to considerable populations of forest elephants, critically endangered western lowland gorilla, and endangered chimpanzee. The siteís environment has preserved the continuation of ecological and evolutionary processes on a huge scale and great biodiversity, including many endangered animal species.</p>",,2012,1920,1380
"Canada,United States of America",Kluane / Wrangell-St. Elias / Glacier Bay / Tatshenshini-Alsek,Natural,N,N,N,N,"<p>These parks comprise an impressive complex of glaciers and high peaks on both sides of the border between Canada (Yukon Territory and British Columbia) and the United States (Alaska). The spectacular natural landscapes are home to many grizzly bears, caribou and Dall's sheep. The site contains the largest non-polar icefield in the world.</p>",,1979,78,72
"Canada,United States of America",Waterton Glacier International Peace Park,Natural,N,N,N,N,"<p>In 1932 Waterton Lakes National Park (Alberta, Canada) was combined with the Glacier National Park (Montana, United States) to form the world's first International Peace Park. Situated on the border between the two countries and offering outstanding scenery, the park is exceptionally rich in plant and mammal species as well as prairie, forest, and alpine and glacial features.</p>",,1995,407,354
"China,Kazakhstan,Kyrgyzstan",Silk Roads: the Routes Network of Chang'an-Tianshan Corridor,Cultural,N,N,N,N,"<p>This property is a 5,000&nbsp;km section of the extensive Silk Roads network, stretching from Chang&rsquo;an/Luoyang, the central capital of China in the Han and Tang dynasties, to the Zhetysu region of Central Asia. It took shape between the 2nd century BC and 1st century AD and remained in use until the 16th century, linking multiple civilizations and facilitating far-reaching exchanges of activities in trade, religious beliefs, scientific knowledge, technological innovation, cultural practices and the arts. The thirty-three components included in the routes network include capital cities and palace complexes of various empires and Khan kingdoms, trading settlements, Buddhist cave temples, ancient paths, posthouses, passes, beacon towers, sections of The Great Wall, fortifications, tombs and religious buildings.</p>",,2014,1985,1442
"Costa Rica,Panama",Talamanca Range-La Amistad Reserves / La Amistad National Park,Natural,N,N,N,N,"<p>The location of this unique site in Central America, where Quaternary glaciers have left their mark, has allowed the fauna and flora of North and South America to interbreed. Tropical rainforests cover most of the area. Four different Indian tribes inhabit this property, which benefits from close co-operation between Costa Rica and Panama.</p>",,1983,226,205
"CÙte d'Ivoire,Guinea",Mount Nimba Strict Nature Reserve,Natural,N,N,N,N,"<p>Located on the borders of Guinea, Liberia and CÙte díIvoire, Mount Nimba rises above the surrounding savannah. Its slopes are covered by dense forest at the foot of grassy mountain pastures. They harbour an especially rich flora and fauna, with endemic species such as the viviparous toad and chimpanzees that use stones as tools.</p>",,1981,173,155
"Croatia,Italy,Montenegro",Venetian Works of Defence between the 16th and 17th Centuries: <em>Stato da Terra</em> ñ Western <em>Stato da Mar</em>,Cultural,Y,Y,Y,Y,"<p>This property consists of 15 components of defence works in Italy, Croatia and Montenegro, spanning more than 1,000 kilometres between the Lombard region of Italy and the eastern Adriatic Coast. The fortifications throughout the<span>†</span><em>Stato da Terra</em>protected the Republic of Venice from other European powers to the northwest and those of the<span>†</span><em>Stato da Mar<span>†</span></em>protected the sea routes and ports in the Adriatic Sea to the Levant. They were necessary to support the expansion and authority of the<span>†</span><em>Serenissima</em>. The introduction of gunpowder led to significant shifts in military techniques and architecture that are reflected in the design of so-called<span>†</span><em>alla modernaI</em><span>†</span>bastioned, fortifications, which were to spread throughout Europe.</p>",,2017,2162,1533
"Denmark,Germany,Netherlands",Wadden Sea,Natural,N,N,N,N,"<p>The Wadden Sea is the largest unbroken system of intertidal sand and mud flats in the world. The site covers the Dutch Wadden Sea Conservation Area, the German Wadden Sea National Parks of Lower Saxony and Schleswig-Holstein, and most of the Danish Wadden Sea maritime conservation area. It is a large, temperate, relatively flat coastal wetland environment, formed by the intricate interactions between physical and biological factors that have given rise to a multitude of transitional habitats with tidal channels, sandy shoals, sea-grass meadows, mussel beds, sandbars, mudflats, salt marshes, estuaries, beaches and dunes. The area is home to numerous plant and animal species, including marine mammals such as the harbour seal, grey seal and harbour porpoise. Wadden Sea is one of the last remaining large-scale, intertidal ecosystems where natural processes continue to function largely undisturbed.</p>",,2009,1967,1314
"Finland,Sweden",High Coast / Kvarken Archipelago,Natural,N,N,N,N,"<p>The Kvarken Archipelago (Finland) and the High Coast (Sweden) are situated in the Gulf of Bothnia, a northern extension of the Baltic Sea. The 5,600 islands of the Kvarken Archipelago feature unusual ridged washboard moraines, &lsquo;De Geer moraines&rsquo;, formed by the melting of the continental ice sheet, 10,000 to 24,000 years ago. The Archipelago is continuously rising from the sea in a process of rapid glacio-isostatic uplift, whereby the land, previously weighed down under the weight of a glacier, lifts at rates that are among the highest in the world. As a consequence islands appear and unite, peninsulas expand, and lakes evolve from bays and develop into marshes and peat fens. The High Coast has also been largely shaped by the combined processes of glaciation, glacial retreat and the emergence of new land from the sea. Since the last retreat of the ice from the High Coast 9,600 years ago, the uplift has been in the order of 285 m which is the highest known ''rebound''. The site affords outstanding opportunities for the understanding of the important processes that formed the glaciated and land uplift areas of the Earth''s surface.</p>",,2000,1050,898
"France,Spain",PyrÈnÈes - Mont Perdu,Mixed,N,N,N,N,"<p>This outstanding mountain landscape, which spans the contemporary national borders of France and Spain, is centred around the peak of Mount Perdu, a calcareous massif that rises to 3,352 m. The site, with a total area of 30,639 ha, includes two of Europe's largest and deepest canyons on the Spanish side and three major cirque walls on the more abrupt northern slopes with France, classic presentations of these geological landforms. The site is also a pastoral landscape reflecting an agricultural way of life that was once widespread in the upland regions of Europe but now survives only in this part of the Pyr&eacute;n&eacute;es. Thus it provides exceptional insights into past European society through its landscape of villages, farms, fields, upland pastures and mountain roads.</p>","<p>The Committee inscribed the site under natural <em>criteria (vii) and (viii)</em>. The calcareous massif of the Mount Perdu displays classic geological land forms, including deep canyons and spectacular cirque walls. It is also an outstanding scenic landscape with meadows, lakes, caves and forests on mountain slopes. In addition, the area is of high interest to science and conservation. Concerning cultural values, the Committee inscribed the property on the basis of <em>criteria (iii), (iv) and (v)</em>: The Pyr&eacute;n&eacute;es-Mont Perdu area between France and Spain is an outstanding cultural landscape which combines scenic beauty with a socio-economic structure that has its roots in the past and illustrates a mountain way of life that has become rare in Europe.</p>",1997,915,773
"Gambia (the),Senegal",Stone Circles of Senegambia,Cultural,N,N,N,N,"<p>The site consists of four large groups of stone circles that represent an extraordinary concentration of over 1,000 monuments in a band 100 km wide along some 350 km of the River Gambia. The four groups, Sine Ngay&egrave;ne, Wanar, Wassu and Kerbatch, cover 93 stone circles and numerous tumuli, burial mounds, some of which have been excavated to reveal material that suggest dates between 3rd century BC and 16th century AD. Together the stone circles of laterite pillars and their associated burial mounds present a vast sacred landscape created over more than 1,500 years. It reflects a prosperous, highly organized and lasting society.</p>",,2006,1403,1226
"Germany,Poland",Muskauer Park / Park Mu?akowski,Cultural,N,N,N,N,"<p>A landscaped park of 559.9 ha astride the Neisse River and the border between Poland and Germany, it was created by Prince Hermann von Puckler-Muskau from 1815 to 1844. Blending seamlessly with the surrounding farmed landscape, the park pioneered new approaches to landscape design and influenced the development of landscape architecture in Europe and America. Designed as a &lsquo;painting with plants&rsquo;, it did not seek to evoke classical landscapes, paradise, or some lost perfection, instead using local plants to enhance the inherent qualities of the existing landscape. This integrated landscape extends into the town of Muskau with green passages that formed urban parks framing areas for development. The town thus became a design component in a utopian landscape. The site also features a reconstructed castle, bridges and an arboretum.</p>","<p><em>Criterion (i):</em> Muskauer Park is an exceptional example of a European landscape park that broke new ground in terms of development towards an ideal made-made landscape.</p>

<p><em>Criterion (iv):</em> Muskauer Park was the forerunner for new approaches to landscape design in cities, and influenced the development of &lsquo;landscape architecture&rsquo; as a discipline.</p>",2004,1307,1127
"Germany,United Kingdom of Great Britain and Northern Ireland",Frontiers of the Roman Empire,Cultural,Y,Y,N,N,"<p>The ëRoman Limesí represents the border line of the Roman Empire at its greatest extent in the 2nd century AD. It stretched over 5,000 km from the Atlantic coast of northern Britain, through Europe to the Black Sea, and from there to the Red Sea and across North Africa to the Atlantic coast. The remains of the Limes today consist of vestiges of built walls, ditches, forts, fortresses, watchtowers and civilian settlements. Certain elements of the line have been excavated, some reconstructed and a few destroyed. The two sections of the Limes in Germany cover a length of 550 km from the north-west of the country to the Danube in the south-east. The 118-km-long Hadrianís Wall (UK) was built on the orders of the Emperor Hadrian c. AD 122 at the northernmost limits of the Roman province of Britannia. It is a striking example of the organization of a military zone and illustrates the defensive techniques and geopolitical strategies of ancient Rome. The Antonine Wall, a 60-km long fortification in Scotland was started by Emperor Antonius Pius in 142 AD as a defense against the ìbarbariansî of the north. It constitutes the northwestern-most portion of the Roman Limes.</p>",,1987,1539,430
"Holy See,Italy","Historic Centre of Rome, the Properties of the Holy See in that City Enjoying Extraterritorial Rights and San Paolo Fuori le Mura",Cultural,N,N,N,N,"<p>Founded, according to legend, by Romulus and Remus in 753 BC, Rome was first the centre of the Roman Republic, then of the Roman Empire, and it became the capital of the Christian world in the 4th century. The World Heritage site, extended in 1990 to the walls of Urban VIII, includes some of the major monuments of antiquity such as the Forums, the Mausoleum of Augustus, the Mausoleum of Hadrian, the Pantheon, Trajanís Column and the Column of Marcus Aurelius, as well as the religious and public buildings of papal Rome.</p>",,1980,2114,91
"Hungary,Slovakia",Caves of Aggtelek Karst and Slovak Karst,Natural,N,N,N,N,"<p>The variety of formations and the fact that they are concentrated in a restricted area means that the 712 caves currently identified make up a typical temperate-zone karstic system. Because they display an extremely rare combination of tropical and glacial climatic effects, they make it possible to study geological history over tens of millions of years.</p>",,1995,1624,725
"Italy,Switzerland",Monte San Giorgio,Natural,N,N,N,N,"<p>The pyramid-shaped, wooded mountain of Monte San Giorgio beside Lake Lugano is regarded as the best fossil record of marine life from the Triassic Period (245ñ230 million years ago). The sequence records life in a tropical lagoon environment, sheltered and partially separated from the open sea by an offshore reef. Diverse marine life flourished within this lagoon, including reptiles, fish, bivalves, ammonites, echinoderms and crustaceans. Because the lagoon was near land, the remains also include land-based fossils of reptiles, insects and plants, resulting in an extremely rich source of fossils.</p>",,2003,1643,1090
"Italy,Switzerland",Rhaetian Railway in the Albula / Bernina Landscapes,Cultural,N,N,N,N,"<p>Rhaetian Railway in the Albula / Bernina Landscapes, brings together two historic railway lines that cross the Swiss Alps through two passes. Opened in 1904, the Albula line in the north western part of the property is 67 km long. It features an impressive set of structures including 42 tunnels and covered galleries and 144 viaducts and bridges. The 61 km Bernina pass line features 13 tunnels and galleries and 52 viaducts and bridges. The property is exemplary of the use of the railway to overcome the isolation of settlements in the Central Alps early in the 20th century, with a major and lasting socio-economic impact on life in the mountains. It constitutes an outstanding technical, architectural and environmental ensemble and embodies architectural and civil engineering achievements, in harmony with the landscapes through which they pass.</p>",,2008,1503,1276
"Kazakhstan,Kyrgyzstan,Uzbekistan",Western Tien-Shan,Natural,N,N,Y,Y,"<p>The transnational property is located in the Tien-Shan mountain system, one of the largest mountain ranges in the world. Western Tien-Shan ranges in altitude from 700 to 4,503 m. It features diverse landscapes, which are home to exceptionally rich biodiversity. It is of global importance as a centre of origin for a number of cultivated fruit crops and is home to a great diversity of forest types and unique plant community associations.†</p>",,2016,2079,1490
"Lesotho,South Africa",Maloti-Drakensberg Park,Mixed,Y,Y,N,N,"<p>The Maloti-Drakensberg Park is a transboundary site composed of the uKhahlamba Drakensberg National Park in South Africa and the Sehlathebe National Park in Lesotho. The site has exceptional natural beauty in its soaring basaltic buttresses, incisive dramatic cutbacks, and golden sandstone ramparts as well as visually spectacular sculptured arches, caves, cliffs, pillars and rock pools. The site's diversity of habitats protects a high level of endemic and globally important plants. The site harbors endangered species such as the Cape vulture (Gyps coprotheres) and the bearded vulture (Gypaetus barbatus). Lesothoís Sehlabathebe National Park also harbors the Maloti minnow (Pseudobarbus quathlambae), a critically endangered fish species only found in this park. This spectacular natural site contains many caves and rock-shelters with the largest and most concentrated group of paintings in Africa south of the Sahara. They represent the spiritual life of the San people, who lived in this area over a period of 4,000 years.</p>",,2000,1885,985
"Lithuania,Russian Federation",Curonian Spit,Cultural,N,N,N,N,"<p>Human habitation of this elongated sand dune peninsula, 98 km long and 0.4-4 km wide, dates back to prehistoric times. Throughout this period it has been threatened by the natural forces of wind and waves. Its survival to the present day has been made possible only as a result of ceaseless human efforts to combat the erosion of the Spit, dramatically illustrated by continuing stabilisation and reforestation projects.</p>",<p><em>Criterion (v):</em> The Curonian Spit is an outstanding example of a landscape of sand dunes that is under constant threat from natural forces (wind and tide). After disastrous human interventions that menaced its survival the Spit was reclaimed by massive protection and stabilization works begun in the 19th century and still continuing to the present day.</p>,2000,1158,994
"Poland,Ukraine",Wooden <em>Tserkvas</em> of the Carpathian Region in Poland and Ukraine,Cultural,N,N,N,N,"<p>Situated in the eastern fringe of Central Europe, the transnational property numbers a selection of sixteen&nbsp;<em>tserkvas&nbsp;</em>(churches). They were built of horizontal wooden logs between the 16<sup>th</sup>&nbsp;and 19<sup>th</sup>&nbsp;centuries by communities of Orthodox and Greek Catholic faiths. The&nbsp;<em>tserkvas</em>&nbsp;bear testimony to a distinct building tradition rooted in Orthodox ecclesiastic design interwoven with elements of local tradition, and symbolic references to their communities&rsquo; cosmogony.&nbsp;&nbsp;The&nbsp;<em>tserkva</em><em>s&nbsp;</em>are built on a tri-partite plan surmounted by open quadrilateral or octagonal domes and cupolas. Integral to <em>tserkvas</em> are iconostasis screens, interior polychrome decorations, and other historic furnishings. Important elements of some <em>tserkvas</em> include&nbsp;wooden bell towers, churchyards, gatehouses and graveyards.</p>",,2013,1894,1424
"Portugal,Spain",Prehistoric Rock Art Sites in the CÙa Valley and Siega Verde,Cultural,N,N,N,N,"<p>The two Prehistoric Rock Art Sites in the C&ocirc;a Valley (Portugal) and Siega Verde (Spain) are located on the banks of the rivers Agueda and C&ocirc;a, tributaries of the river Douro, documenting continuous human occupation from the end of the Paleolithic Age. Hundreds of panels with thousands of animal figures (5,000 in Foz C&ocirc;a and around 440 in Siega Verde) were carved over several millennia, representing the most remarkable open-air ensemble of Paleolithic art on the Iberian Peninsula.</p>

<p>C&ocirc;a Valley and Siega Verde provide the best illustration of the iconographic themes and organization of Paleolithic rock art, using the same modes of expression in caves and in the open air, thus contributing to a greater understanding of this artistic phenomenon. Together they form a unique site of the prehistoric era, rich in material evidence of Upper Paleolithic occupation.</p>",,1998,1642,866
"Russian Federation,Mongolia",Uvs Nuur Basin,Natural,N,N,N,N,"<p>The Uvs Nuur Basin (1,068,853 ha), is the northernmost of the enclosed basins of Central Asia. It takes its name from Uvs Nuur Lake, a large, shallow and very saline lake, important for migrating birds, waterfowl and seabirds. The site is made up of twelve protected areas representing the major biomes of eastern Eurasia. The steppe ecosystem supports a rich diversity of birds and the desert is home to a number of rare gerbil, jerboas and the marbled polecat. The mountains are an important refuge for the globally endangered snow leopard, mountain sheep (argali) and the Asiatic ibex.</p>","<p><em>Criterion (ix)</em>: The closed salt lake system of Uvs Nuur is of international scientific importance because of its climatic and hydrological regimes. Because of the unchanging nature of the nomadic pastoral use of the grasslands within the basin over thousands of years, current research programmes should be able to unravel the rate at which Uvs Nuur (and other smaller lakes within the basin) have become saline (and eutrophic). These processes are on-going and because of its unique geophysical and biological characteristics, the basin has been chosen as an IGBP site for monitoring global warming.</p>

<p><em>Criterion (x)</em>: The Uvs Nuur site has a large range of ecosystems, representing the major biomes of eastern Eurasia, with a number of endemic plants. Although the basin is inhabited and has been used for nomadic pastoralism for thousands of years, the mountains, forests, steppes and deserts are extremely important habitats for a wide range of wild animals, many of them threatened or endangered. The steppe ecosystem supports a rich diversity of birds and the deserts a number of rare gerbil, jerboas and the marbled polecat. The mountains at the western end of the basin are important refuges for the globally threatened snow leopard, mountain sheep (argali) and the Asiatic ibex. Uvs Nuur itself is an important habitat for waterfowl as well as for birds migrating south from Siberia.</p>",2003,909,769
"Russian Federation,Mongolia",Landscapes of Dauria,Natural,N,N,N,N,"<p>Shared between Mongolia and the Russian Federation, this site is an outstanding example of the Daurian Steppe eco-region, which extends from eastern Mongolia into Russian Siberia and north-eastern China. Cyclical climate changes, with distinct dry and wet periods lead to a wide diversity of species and ecosystems of global significance. The different types of steppe represented, such as grassland and forest, as well as lakes and wetlands serve as habitats for rare species of fauna, such as the White-Naped crane and the Great bustard, as well as millions of vulnerable, endangered or threatened migratory birds. It is also a critical site on the migration path for the Mongolian gazelle.</p>",,2017,2150,1448
"Slovenia,Spain",Heritage of Mercury. AlmadÈn and Idrija,Cultural,N,N,N,N,"<p>The property includes the mining sites of Almad&eacute;n (Spain), where mercury (quicksilver) has been extracted since antiquity, and Idrija (Slovenia), where mercury was first found in AD1490. The Spanish property includes buildings relating to its mining history, including Retamar Castle, religious buildings and traditional dwellings. The site in Idrija notably features mercury stores and infrastructure, as well as miners&rsquo; living quarters, and a miners&rsquo; theatre. The sites bear testimony to the intercontinental trade in mercury which generated important exchanges between Europe and America over the centuries. Together they represent the two largest mercury mines in the world, operational until recent times.</p>",,2012,1841,1313
"Zambia,Zimbabwe",Mosi-oa-Tunya / Victoria Falls,Natural,Y,Y,N,N,"<p>These are among the most spectacular waterfalls in the world. The Zambezi River, which is more than 2 km wide at this point, plunges noisily down a series of basalt gorges and raises an iridescent mist that can be seen more than 20 km away.</p>",,1989,593,509
